target_id,name,country_resident,red,green,blue
1044,orange,GB,214,76,18
921,orange,US,176,107,1
945,olive,US,205,173,17
714,brown,GB,169,107,78
1125,blue,US,62,64,250
546,black,GB,33,28,8
748,tan,US,196,174,94
1021,pink,US,217,113,175
960,light purple,GB,151,171,249
563,brown,GB,89,66,72
828,peach,US,212,125,110
925,blue,US,67,124,192
791,blue,US,37,43,100
544,brown,US,45,21,25
910,purple,US,118,39,110
786,red,US,98,13,37
898,purple,US,55,0,69
874,light green,US,166,217,117
1067,dark red,US,197,0,22
816,blue,GB,82,93,151
1059,pink,US,247,136,222
1064,purple,US,68,3,133
1101,violet,US,174,79,212
981,light teal,US,0,255,235
713,orange,US,171,105,95
736,lavender,US,139,112,154
993,blue,GB,0,98,178
716,brown,US,162,112,62
794,purple,US,72,31,86
994,blue,US,72,90,177
775,yellow,US,219,238,145
888,blue,US,199,194,255
730,teal,US,45,133,155
1072,purple,US,157,45,164
802,brick,US,157,69,70
538,grey,US,122,122,122
945,yellow,US,205,173,17
653,pink,US,178,138,147
829,orange,US,211,126,98
671,white,US,218,194,217
845,,GB,15,168,139
972,yellow,GB,227,239,79
542,white,GB,229,229,229
688,brown,US,117,52,47
696,green,US,59,79,11
672,white,US,225,193,208
538,grey,US,122,122,122
965,pink,GB,227,149,208
921,orange,US,176,107,1
654,salmon,US,235,191,191
680,indigo,GB,41,16,58
788,maroon,US,98,18,18
895,dark blue,US,24,14,84
686,burgundy,US,117,51,60
989,dark red,GB,178,45,74
1081,orange,US,255,97,20
1121,magenta,GB,167,71,244
636,brown,US,182,139,119
593,off white,GB,241,225,228
809,forest green,US,79,106,0
752,sage green,US,149,187,116
1065,red,US,197,0,85
546,black,US,33,28,8
723,green,NZ,69,136,95
775,yellow,GB,219,238,145
1015,blue,GB,121,143,233
1119,purple,US,99,0,194
824,plum,GB,152,69,97
1112,purple,US,155,27,193
811,kelly green,GB,34,111,41
943,mustard,US,226,164,51
723,light green,US,69,136,95
965,pink,US,227,149,208
641,,GB,131,157,111
601,green,US,34,54,26
865,peach,US,255,185,122
1015,dusty blue,US,121,143,233
1092,purple,US,91,32,175
992,orange,US,174,56,17
733,blue,GB,97,124,164
687,brown,GB,117,51,53
799,magenta,US,93,18,59
1026,yellow,US,236,200,0
564,gray,US,140,117,114
652,blush,US,172,139,156
895,navy,GB,24,14,84
700,green,GB,0,84,63
707,purple,GB,97,57,100
555,brown,NZ,87,68,55
927,lavender,US,124,112,186
621,green,US,79,104,64
794,plum,US,72,31,86
979,aqua,US,53,255,212
682,dark purple,US,48,12,53
822,purple,US,142,73,117
897,purple,GB,50,0,73
1126,bright purple,US,119,43,234
557,dark green,US,64,75,60
769,pink,US,217,159,178
717,green,US,150,118,48
560,navy,US,55,75,85
543,white,US,255,255,255
995,purple,US,101,82,172
653,puce,US,178,138,147
1121,neon purple,GB,167,71,244
922,green,GB,74,138,11
546,black,US,33,28,8
897,navy blue,AU,50,0,73
837,lime green,GB,157,153,30
928,purple,US,139,108,181
538,grey,GB,122,122,122
761,pale blue,US,114,185,211
609,royal blue,US,44,47,76
909,purple,US,111,43,117
1038,magenta,US,124,16,133
922,green,US,74,138,11
779,mint,US,150,248,209
783,baby pink,US,255,216,255
848,teal,US,0,167,167
742,rose,GB,225,158,153
868,yellow,AU,239,197,97
1037,purple,GB,114,29,140
977,mint,US,90,255,189
612,royal purple,US,70,39,60
796,purple,GB,82,25,78
846,aquamarine,US,0,168,147
943,orange,GB,226,164,51
581,grey,GB,172,174,186
1001,rose,US,168,50,111
786,maroon,AU,98,13,37
1129,hot pink,US,255,30,232
985,violet,GB,83,9,103
981,aqua,AU,0,255,235
734,blue,GB,111,120,164
736,mauve,GB,139,112,154
609,blue,US,44,47,76
1063,blue,US,41,22,141
1025,yellow,US,250,194,14
750,puce,US,173,181,97
926,blue,US,102,118,190
708,purple,US,107,54,88
712,pink,GB,171,104,101
687,brick red,US,117,51,53
690,brown,GB,109,59,24
1002,magenta,US,173,47,99
702,blue,GB,24,75,114
533,black,GB,0,0,0
1054,hot pink,US,213,65,122
926,blue,US,102,118,190
993,,AU,0,98,178
908,royal purple,US,103,48,123
1088,hot pink,US,248,87,163
1056,green,US,52,202,56
618,yellow,US,116,94,51
566,green,US,128,123,98
1004,coral,US,237,106,119
828,peach,US,212,125,110
943,yellow,US,226,164,51
759,teal,US,98,188,201
1137,aqua,US,0,0,0
1001,pink,GB,168,50,111
599,green,US,57,49,2
788,maroon,NZ,98,18,18
1032,pink,US,255,172,255
896,purple,AU,40,7,78
795,purple,US,77,28,82
1046,electric blue,US,90,115,218
1065,,GB,197,0,85
619,khaki,GB,106,97,47
1094,pink,US,239,2,105
1011,green,US,90,168,0
800,red,US,154,69,88
911,plum,GB,125,33,99
861,bubblegum pink,GB,189,130,175
1005,pink,GB,238,107,105
564,brown,US,140,117,114
585,beige,US,246,226,205
926,periwinkle,US,102,118,190
785,red,US,97,14,46
618,brown,GB,116,94,51
565,beige,US,138,119,104
871,yellow,US,212,206,86
591,off white,US,226,229,239
738,light magenta,US,158,107,136
849,teal,US,0,166,177
942,orange,GB,235,159,65
790,blue,US,0,49,103
968,pink,US,247,144,171
903,red,US,137,33,16
747,,US,205,171,99
654,pink,US,235,191,191
948,lime,US,171,184,14
569,grey green,US,101,128,127
566,green,AU,128,123,98
1040,bright pink,GB,217,64,107
793,purple,US,66,34,91
826,pink,US,210,124,128
695,dark green,GB,68,77,0
800,maroon,US,154,69,88
756,turquoise,US,100,191,172
547,forest green,US,22,31,20
874,green,US,166,217,117
850,turquoise,GB,0,165,185
1083,lilac,US,178,120,244
1019,salmon,NZ,197,121,200
932,dark magenta,GB,179,93,146
818,purple,US,111,85,143
756,green,US,100,191,172
1008,grey,AU,229,118,46
985,purple,GB,83,9,103
584,beige,GB,244,225,221
776,mint green,US,200,242,158
1023,pink,GB,230,108,145
924,cerulean,GB,29,128,191
540,grey,GB,175,175,175
962,lavender,US,189,161,237
1044,orange,US,214,76,18
847,teal,US,0,168,158
696,green,US,59,79,11
939,tangerine,US,253,146,108
792,blue,US,55,38,96
889,hayli,AU,212,191,255
719,olive,NZ,136,123,41
703,dark blue,GB,42,73,115
1032,pink,GB,255,172,255
1108,royal blue,US,47,0,160
753,light teal,GB,122,190,143
1100,purple,US,157,88,222
723,dark green,GB,69,136,95
976,green,AU,119,255,166
922,green,US,74,138,11
586,pale yellow,US,235,230,196
762,blue,US,138,179,215
603,green,US,13,56,44
1135,blue,GB,0,0,0
842,green,US,69,167,109
1132,blue,US,127,0,255
601,green,GB,34,54,26
1093,purple,US,112,7,165
860,lavender,US,181,132,183
687,red brown,US,117,51,53
1022,pink,US,226,110,158
687,brick,US,117,51,53
569,teal,US,101,128,127
750,yellow,US,173,181,97
1022,pink,GB,226,110,158
739,mauve,US,163,105,127
965,pink,US,227,149,208
838,green,US,145,156,37
710,plum,US,114,51,74
558,forest green,US,57,76,69
914,red,US,194,88,110
567,sage,US,114,126,106
1054,dark pink,AU,213,65,122
854,aqua,US,94,154,203
917,salmon,GB,197,89,74
939,orange,US,253,146,108
982,royal blue,AU,36,36,122
1123,fuschia,US,207,33,215
670,light pink,US,206,197,225
1001,dark pink,GB,168,50,111
1096,red,US,243,7,60
965,pink,US,227,149,208
1111,purple,US,139,44,204
974,kelly green,US,181,249,111
1108,royal blue,AU,47,0,160
729,blue,GB,33,134,150
729,ocean blue,AU,33,134,150
962,pink,US,189,161,237
654,baby pink,GB,235,191,191
889,lavendar,US,212,191,255
853,aquamarine,US,71,157,201
938,peach,US,255,144,124
535,dark gray,US,49,49,49
1122,purple,GB,186,58,231
927,purple,GB,124,112,186
1047,purple,US,125,106,212
658,beige,GB,223,199,149
1084,purple,US,194,115,233
895,indigo,US,24,14,84
975,light green,US,152,253,137
1093,neon purple,GB,112,7,165
626,blue,US,48,105,116
603,green,US,13,56,44
791,blue,US,37,43,100
713,red,US,171,105,95
698,forest green,US,7,83,50
903,red,US,137,33,16
851,cobalt,GB,0,163,193
645,light blue,GB,98,159,158
642,green,AU,114,159,127
808,brown,GB,133,87,0
583,grey,US,188,171,174
1130,bright blue,GB,61,0,225
896,plum,US,40,7,78
992,burnt orange,GB,174,56,17
725,green,US,53,137,110
556,dark olive green,US,77,72,52
535,dark grey,GB,49,49,49
956,blue,GB,0,190,240
1039,purple,GB,133,0,124
932,pink,AU,179,93,146
960,periwinkle,US,151,171,249
613,brown,US,74,37,54
895,navy,US,24,14,84
1060,candy pink,GB,255,131,206
923,green,US,42,141,47
546,black,US,33,28,8
547,forest green,GB,22,31,20
535,gray,US,49,49,49
1070,purple,US,129,63,183
605,forest green,GB,0,56,59
557,forest green,US,64,75,60
553,plum,US,43,22,33
916,pink,US,197,88,87
631,purple,US,114,88,116
959,sky blue,US,120,178,249
701,dark teal,GB,0,79,110
980,blue,US,23,255,222
980,turquoise,GB,23,255,222
828,apricot,US,212,125,110
643,green,US,105,160,138
1029,green,US,110,227,99
1097,red,US,239,31,29
553,dark purple,US,43,22,33
1057,purple,US,214,148,253
649,pale blue,GB,142,147,175
721,green,US,110,131,56
802,wine,US,157,69,70
764,navy blue,AU,163,173,216
1130,blue,GB,61,0,225
858,light purple,GB,160,138,197
889,lavender,AU,212,191,255
874,lime green,NZ,166,217,117
935,salmon,US,251,143,159
759,turquoise,AU,98,188,201
606,navy,GB,0,55,66
663,light green,US,157,214,189
612,brown,US,70,39,60
568,green,GB,104,128,118
1127,lilac,GB,149,3,220
642,green,US,114,159,127
630,grape,US,104,91,122
1052,pink,GB,199,74,156
593,off white,US,241,225,228
904,blue,US,0,73,141
1083,purple,US,178,120,244
639,olive,US,159,150,96
1104,hot pink,US,217,44,165
605,teal,US,0,56,59
835,mustard yellow,US,174,147,35
570,grey,GB,106,125,134
952,green,US,68,198,122
698,green,US,7,83,50
664,light teal,US,152,214,198
1103,pink,US,205,57,183
725,seafoam green,GB,53,137,110
637,red,US,178,142,109
1085,purple,GB,213,107,217
1002,hot pink,US,173,47,99
578,sage,NZ,153,181,169
807,ochre,GB,140,84,14
676,maroon,US,64,1,21
1056,green,GB,52,202,56
636,peach,US,182,139,119
535,gray,US,49,49,49
535,grey,GB,49,49,49
929,violet,GB,150,104,174
1115,pink,GB,230,86,236
1016,lavender,GB,148,137,228
902,red,AU,139,29,30
580,sky blue,US,159,178,185
851,cyan,US,0,163,193
805,brown,AU,151,76,38
643,bluegreen,US,105,160,138
1004,pink,GB,237,106,119
877,light green,US,108,223,171
579,blue grey,US,151,181,179
869,yellow,US,228,201,89
709,purple,US,111,52,81
926,blue,US,102,118,190
717,olive,GB,150,118,48
701,dark blue,US,0,79,110
744,peach,GB,225,160,128
900,red,US,140,22,55
658,beige,US,223,199,149
1095,red,US,242,0,86
1041,,US,219,64,92
606,teal,US,0,55,66
854,light blue,IR,94,154,203
922,grass green,GB,74,138,11
683,deep purple,GB,53,9,48
835,gold,AU,174,147,35
860,light purple,US,181,132,183
957,light blue,GB,54,187,244
744,peach,US,225,160,128
1107,magenta,AU,252,124,255
1098,blue,NZ,77,109,247
698,green,GB,7,83,50
1058,lilac,US,234,140,237
754,green,US,113,191,153
775,green,US,219,238,145
796,purple,US,82,25,78
690,brown,US,109,59,24
1097,red,US,239,31,29
770,pink,US,220,158,172
611,purple,US,64,40,67
975,green,US,152,253,137
971,yellow,US,241,235,75
739,dusty rose,US,163,105,127
777,green,US,167,247,188
1119,violet,US,99,0,194
991,red,US,177,50,43
662,green,US,165,213,177
721,olive green,US,110,131,56
1031,green,US,0,231,160
656,sand,US,238,192,169
782,cyan,US,136,248,241
764,light blue,US,163,173,216
1039,magenta,US,133,0,124
1119,purple,US,99,0,194
987,purple,GB,95,0,91
754,green,US,113,191,153
756,aquamarine,US,100,191,172
649,lilac,US,142,147,175
915,salmon,US,196,87,99
1088,pink,US,248,87,163
639,beige,US,159,150,96
652,purple,US,172,139,156
691,brown,US,105,62,17
878,light teal,US,100,223,180
699,green,US,0,84,57
1067,red,US,197,0,22
1127,violet,AU,149,3,220
851,light blue,US,0,163,193
904,blue,US,0,73,141
1000,pink,AU,161,55,126
1120,purple,US,134,86,255
1025,gold,US,250,194,14
826,pink,US,210,124,128
968,pink,AU,247,144,171
902,red,US,139,29,30
917,orange,GB,197,89,74
756,blue,US,100,191,172
1031,turquoise,AU,0,231,160
1033,navy blue,GB,31,0,101
769,pink,US,217,159,178
749,mustard,US,189,177,93
782,light blue,GB,136,248,241
624,green,GB,49,106,97
736,lavender,US,139,112,154
686,red,US,117,51,60
626,turquoise,US,48,105,116
707,violet,GB,97,57,100
536,gray,US,72,72,72
1084,bright pink,GB,194,115,233
666,baby blue,US,153,212,218
553,dark brown,US,43,22,33
812,green,US,0,113,63
642,green,US,114,159,127
694,green,GB,83,72,0
864,dark pink,US,205,125,145
1074,pink,US,178,21,136
896,purple,GB,40,7,78
715,grey,AU,166,110,70
1090,green,US,49,233,55
1061,light green,GB,161,254,46
945,yellow,US,205,173,17
1054,magenta,US,213,65,122
773,yellow,US,244,231,139
1106,pink,US,234,17,124
912,magenta,US,131,29,88
1124,purple,US,222,0,197
629,blue,US,91,95,125
954,teal,US,0,199,152
937,pink,AU,255,143,137
1039,purple,US,133,0,124
848,blue green,US,0,167,167
695,green,US,68,77,0
1130,blue,US,61,0,225
1003,pink,GB,234,107,132
1014,sky blue,US,72,152,235
782,mint,GB,136,248,241
967,pink,NZ,243,145,181
1120,purple,GB,134,86,255
744,orange,US,225,160,128
1118,blue,US,55,32,206
820,purple,US,128,79,132
859,light purple,US,170,135,191
830,peach,US,209,129,87
1093,purple,GB,112,7,165
568,teal,US,104,128,118
627,steel blue,US,59,102,121
809,forest green,NZ,79,106,0
561,blue,US,69,71,88
680,dark purple,US,41,16,58
704,indigo,US,62,68,115
1106,pink,US,234,17,124
721,green,US,110,131,56
754,green,GB,113,191,153
1107,hot pink,GB,252,124,255
857,lavender,GB,148,142,200
827,pink,US,211,124,120
653,pink,GB,178,138,147
632,mauve,AU,121,86,107
612,purple,US,70,39,60
1102,purple,US,192,68,198
1046,blue,US,90,115,218
715,burnt orange,US,166,110,70
625,teal,US,46,106,107
716,brown,US,162,112,62
659,beige,US,212,203,145
571,gray,US,119,122,136
927,purple,US,124,112,186
879,teal,US,93,223,189
691,brown,US,105,62,17
621,olive,AU,79,104,64
533,black,US,0,0,0
693,olive,US,89,70,0
705,purple,GB,84,62,109
699,green,GB,0,84,57
560,black,US,55,75,85
888,blue,GB,199,194,255
577,grey,US,165,180,154
670,lilac,US,206,197,225
575,beige,GB,191,172,154
1093,purple,GB,112,7,165
583,off white,US,188,171,174
667,pale blue,US,163,209,225
1083,purple,US,178,120,244
984,purple,GB,75,18,108
572,purple,GB,130,119,131
722,olive green,US,96,133,69
733,blue,US,97,124,164
1127,purple,US,149,3,220
1123,magenta,US,207,33,215
988,red,GB,176,45,86
666,light blue,GB,153,212,218
750,green,US,173,181,97
638,tan,US,169,146,100
901,red,US,140,24,42
854,sky blue,US,94,154,203
823,blush pink,US,148,70,106
862,pink,US,195,128,166
987,plum,US,95,0,91
697,forest green,AU,45,81,26
880,cyan,US,86,223,197
906,blue,US,78,58,135
1138,magenta,US,0,0,0
816,purple,US,82,93,151
602,green,US,21,56,38
1060,pink,US,255,131,206
953,green,AU,28,199,142
694,moss,GB,83,72,0
602,dark green,NZ,21,56,38
1111,purple,US,139,44,204
852,light blue,US,47,160,198
1008,orange,GB,229,118,46
694,brown,US,83,72,0
1124,fuchsia,US,222,0,197
931,purple,US,171,96,156
941,orange,US,242,154,79
1114,magenta,US,207,100,254
897,dark purple,GB,50,0,73
690,brown,GB,109,59,24
969,yellow,US,255,228,80
937,peach,US,255,143,137
809,moss green,GB,79,106,0
1073,magenta,US,167,36,151
619,olive,GB,106,97,47
789,maroon,US,96,23,0
940,peach,GB,249,150,94
1089,hot pink,GB,255,83,147
785,burgundy,US,97,14,46
845,turquoise,US,15,168,139
754,mint,US,113,191,153
668,sky blue,US,179,205,228
990,red,GB,178,47,57
984,purple,US,75,18,108
611,eggplant,US,64,40,67
1073,purple,US,167,36,151
891,lavender,US,238,184,237
1009,orange,US,221,124,21
940,orange,GB,249,150,94
992,maroon,GB,174,56,17
1042,red,US,220,65,74
554,brown,GB,91,66,63
911,magenta,US,125,33,99
1092,purple,US,91,32,175
712,reddish brown,AU,171,104,101
935,pink,US,251,143,159
1066,red,GB,199,0,45
1044,red,GB,214,76,18
666,turquoise,GB,153,212,218
756,turquoise,US,100,191,172
908,purple,GB,103,48,123
621,green,US,79,104,64
753,green,US,122,190,143
698,green,US,7,83,50
982,blue,US,36,36,122
764,blue,GB,163,173,216
923,dark green,US,42,141,47
1098,blue,GB,77,109,247
1066,red,GB,199,0,45
1028,green,GB,146,223,64
1052,pink,US,199,74,156
910,purple,US,118,39,110
539,grey,US,148,149,148
924,blue,US,29,128,191
625,sea green,US,46,106,107
831,peach,AU,204,132,75
734,plava,US,111,120,164
1085,magenta,US,213,107,217
693,brown,US,89,70,0
1043,red,US,219,68,53
916,red,NZ,197,88,87
677,burgundy,US,64,4,3
839,green,GB,132,159,50
754,aqua,AU,113,191,153
930,purple,US,162,100,165
700,green,US,0,84,63
1056,lime green,GB,52,202,56
1082,purple,US,149,129,255
1108,blue,US,47,0,160
1012,green,US,47,171,52
748,mustard,US,196,174,94
872,green,US,200,210,92
888,periwinkle,US,199,194,255
999,purple,US,152,60,138
945,yellow,US,205,173,17
803,light brown,US,157,70,61
791,navy,US,37,43,100
994,blue,GB,72,90,177
888,lilac,US,199,194,255
870,yellow,US,219,204,86
1010,orange,US,211,130,0
739,mauve,US,163,105,127
1011,lime green,US,90,168,0
1006,orange,US,238,109,88
546,black,GB,33,28,8
912,purple,US,131,29,88
698,green,US,7,83,50
733,blue,GB,97,124,164
793,dark purple,GB,66,34,91
1053,pink,AU,209,68,136
885,light blue,US,81,218,249
673,light pink,GB,231,192,199
730,cyan,US,45,133,155
1107,pink,US,252,124,255
813,blue,US,0,104,149
584,tan,US,244,225,221
613,wine,US,74,37,54
932,purple,GB,179,93,146
1081,orange,US,255,97,20
865,orange,GB,255,185,122
543,cream,GB,255,255,255
1136,yellow,GB,0,0,0
552,black,GB,37,23,40
1072,purple,US,157,45,164
851,blue,US,0,163,193
715,brown,US,166,110,70
586,white,US,235,230,196
1036,,GB,103,38,147
1050,violet,US,177,86,182
1078,pink,AU,255,81,111
1070,purple,US,129,63,183
1103,magenta,US,205,57,183
816,indigo,GB,82,93,151
1112,purple,US,155,27,193
743,salmon,US,226,158,146
837,ochre,GB,157,153,30
1026,yellow,US,236,200,0
544,black,US,45,21,25
843,green,US,50,168,123
970,yellow,US,250,232,76
815,blue,US,55,98,152
853,sky blue,US,71,157,201
541,grey,GB,202,202,201
712,pink,US,171,104,101
820,mor,GB,128,79,132
763,light blue,US,149,177,216
550,navy,US,12,30,40
744,pale orange,GB,225,160,128
969,yellow,GB,255,228,80
1089,pink,US,255,83,147
1009,grey,AU,221,124,21
548,black,US,16,31,26
790,blue,US,0,49,103
975,neon green,US,152,253,137
661,light blue,US,183,211,159
874,green,US,166,217,117
821,aubergine,GB,135,76,125
1138,pink,US,0,0,0
553,brown,AU,43,22,33
656,light pink,AU,238,192,169
903,red,US,137,33,16
1043,red,US,219,68,53
934,pink,US,191,88,121
675,dark purple,US,63,1,27
1124,pink,GB,222,0,197
704,blue,US,62,68,115
726,teal,US,42,137,122
788,dark red,US,98,18,18
571,grey,GB,119,122,136
972,yellow,GB,227,239,79
1105,hot pink,US,229,28,142
632,purple,US,121,86,107
940,orange,GB,249,150,94
1106,pink,US,234,17,124
798,purple,US,90,19,65
890,pastel pink,GB,222,188,249
841,green,US,93,165,88
838,lime,NZ,145,156,37
620,olive green,GB,95,101,51
1039,pink,US,133,0,124
563,brown,US,89,66,72
1104,pink,US,217,44,165
871,yellow,GB,212,206,86
818,light purple,US,111,85,143
986,deep purple,US,90,0,97
811,green,GB,34,111,41
866,orange,US,255,188,113
690,brown,US,109,59,24
906,purple,US,78,58,135
534,black,US,28,28,28
954,turquoise,GB,0,199,152
809,kelly green,US,79,106,0
761,cyan,US,114,185,211
1132,purple,AU,127,0,255
710,purple,GB,114,51,74
1098,blue,US,77,109,247
666,teal,GB,153,212,218
547,green,US,22,31,20
1138,hot pink,US,0,0,0
824,dark pink,GB,152,69,97
1043,red,GB,219,68,53
617,brown,US,125,89,58
815,ocean blue,GB,55,98,152
839,lime green,GB,132,159,50
957,blue,GB,54,187,244
551,black,NZ,26,27,43
802,red,US,157,69,70
1105,pink,US,229,28,142
751,green,US,164,184,104
568,sage,GB,104,128,118
767,pink,GB,200,163,200
1012,green,US,47,171,52
958,blue,US,94,182,248
1109,electric blue,GB,60,75,229
1078,salmon,US,255,81,111
618,brown,GB,116,94,51
645,teal,US,98,159,158
1089,pink,US,255,83,147
788,maroon,US,98,18,18
713,orange,US,171,105,95
859,lilac,GB,170,135,191
923,green,AU,42,141,47
808,burnt orange,US,133,87,0
693,brown,US,89,70,0
781,cyan,US,139,248,231
1049,purple,US,162,93,193
580,steel blue,GB,159,178,185
833,ochre,GB,191,139,54
745,orange,US,221,163,119
771,beige,US,255,226,146
587,mint green,US,219,234,203
780,aqua,GB,142,248,223
1034,blue,US,49,58,163
1138,fuscia,US,0,0,0
676,maroon,US,64,1,21
906,eggplant,US,78,58,135
776,green,US,200,242,158
586,yellow,US,235,230,196
741,pink,US,223,158,159
708,plum,US,107,54,88
1029,green,US,110,227,99
1069,violet,US,106,73,193
950,green,US,129,193,70
601,forest green,US,34,54,26
562,purple,US,82,67,83
805,rust,US,151,76,38
661,mint,US,183,211,159
1035,,GB,83,48,156
552,black,US,37,23,40
1027,lime,AU,179,217,3
1018,lavender,US,181,126,212
1124,fuschia,US,222,0,197
769,pink,US,217,159,178
849,turquoise,AU,0,166,177
991,red,US,177,50,43
866,orange,US,255,188,113
835,mustard,US,174,147,35
1104,magenta,US,217,44,165
959,periwinkle,US,120,178,249
771,yellow,US,255,226,146
745,peach,US,221,163,119
807,brown,US,140,84,14
812,green,AU,0,113,63
586,offwhite,US,235,230,196
777,light teal,GB,167,247,188
863,pink,US,202,126,154
738,pink,US,158,107,136
901,red,US,140,24,42
1099,purple,US,128,98,235
849,blue,GB,0,166,177
606,blue,US,0,55,66
560,teal,GB,55,75,85
661,pastel green,US,183,211,159
647,blue,AU,114,155,172
788,red,US,98,18,18
808,brown,NZ,133,87,0
769,mauve,US,217,159,178
999,purple,US,152,60,138
684,berry,US,56,7,45
1076,magenta,US,193,0,102
558,green,US,57,76,69
716,gold,US,162,112,62
1095,magenta,US,242,0,86
753,green,US,122,190,143
859,purple,US,170,135,191
849,blue,US,0,166,177
970,yellow,GB,250,232,76
812,green,US,0,113,63
970,yellow,US,250,232,76
608,midnight blue,US,25,51,75
676,maroon,US,64,1,21
901,dark red,US,140,24,42
958,cyan,US,94,182,248
1075,dark pink,GB,187,0,118
717,green,US,150,118,48
1116,magenta,US,244,76,218
821,wine,AU,135,76,125
939,peach,US,253,146,108
1035,purple,US,83,48,156
1076,magenta,GB,193,0,102
990,red,US,178,47,57
692,brown,GB,95,67,0
659,yellow,US,212,203,145
1103,hot pink,US,205,57,183
535,grey,GB,49,49,49
871,neon yellow,US,212,206,86
826,red,GB,210,124,128
801,pink,US,156,69,80
618,light brown,GB,116,94,51
1070,violet,AU,129,63,183
675,black,US,63,1,27
830,orange,US,209,129,87
1017,lavender,US,168,131,220
1012,grass green,GB,47,171,52
769,pink,NZ,217,159,178
663,mint green,GB,157,214,189
1059,pink,US,247,136,222
1036,purple,US,103,38,147
804,maroon,US,155,72,50
602,green,US,21,56,38
542,white,GB,229,229,229
885,baby blue,US,81,218,249
892,pink,US,246,182,228
944,yellow,US,217,168,35
1079,red,GB,255,84,91
745,sand,US,221,163,119
742,peach,US,225,158,153
582,grey,GB,182,172,182
740,mauve,GB,166,105,121
708,dark pink,US,107,54,88
618,tan,US,116,94,51
949,lime green,GB,155,188,39
679,dark blue,US,22,23,65
783,light pink,AU,255,216,255
828,brick,US,212,125,110
794,dark purple,GB,72,31,86
620,khaki,AU,95,101,51
657,,US,232,195,159
997,pink,US,131,71,156
806,burnt orange,GB,146,80,27
552,dark purple,US,37,23,40
1111,purple,GB,139,44,204
1007,tangerine,GB,235,112,66
1004,salmon,US,237,106,119
1126,purple,US,119,43,234
675,maroon,US,63,1,27
539,gray,US,148,149,148
682,black,GB,48,12,53
747,yellow,US,205,171,99
744,peach,US,225,160,128
720,green,US,120,128,48
1010,orange,GB,211,130,0
1060,pink,US,255,131,206
1088,pink,US,248,87,163
757,blue,GB,97,191,180
754,mint,GB,113,191,153
1031,light green,US,0,231,160
691,brown,GB,105,62,17
934,pink,GB,191,88,121
919,burnt orange,GB,191,96,42
601,green,GB,34,54,26
1080,salmon,US,255,88,64
580,gray,US,159,178,185
702,navy,US,24,75,114
625,teal,GB,46,106,107
725,blue,US,53,137,110
1086,pink,US,226,100,203
1084,light purple,US,194,115,233
553,black,US,43,22,33
1066,pink,GB,199,0,45
823,pink,US,148,70,106
1021,pink,US,217,113,175
1138,pink,US,0,0,0
758,blue,US,95,190,187
864,pink,US,205,125,145
789,brick,GB,96,23,0
723,green,US,69,136,95
659,yellow,US,212,203,145
881,teal,US,76,223,207
810,green,US,57,109,20
1121,purple,GB,167,71,244
741,dusty rose,US,223,158,159
550,black,US,12,30,40
984,plum,US,75,18,108
649,blue grey,US,142,147,175
869,yellow,US,228,201,89
723,green,NZ,69,136,95
897,purple,GB,50,0,73
827,salmon,US,211,124,120
633,mauve,US,127,85,96
564,burnt sienna,US,140,117,114
634,pink,US,181,138,139
546,green,US,33,28,8
891,bubblegum pink,GB,238,184,237
943,gold,US,226,164,51
1050,mauve,US,177,86,182
1019,purple,US,197,121,200
937,red,GB,255,143,137
754,,US,113,191,153
602,green,US,21,56,38
912,purple,US,131,29,88
1029,green,US,110,227,99
669,lilac,US,193,201,228
1128,magenta,GB,246,53,254
744,peach,US,225,160,128
1109,blue,GB,60,75,229
1045,blue,GB,0,125,220
1010,orange,US,211,130,0
660,green,US,201,206,147
936,salmon,US,253,143,148
1108,indigo,US,47,0,160
1124,magenta,GB,222,0,197
620,army green,US,95,101,51
989,red,US,178,45,74
1029,lime,GB,110,227,99
923,green,US,42,141,47
722,grass green,GB,96,133,69
1120,bright purple,US,134,86,255
700,forest green,US,0,84,63
701,blue,US,0,79,110
533,black,GB,0,0,0
1078,rose,GB,255,81,111
1092,purple,US,91,32,175
844,green,GB,36,168,131
683,royal purple,US,53,9,48
908,purple,GB,103,48,123
712,pink,GB,171,104,101
1072,magenta,GB,157,45,164
855,light blue,GB,112,150,204
930,mauve,GB,162,100,165
753,pastel green,US,122,190,143
633,brown,US,127,85,96
968,pink,US,247,144,171
817,purple,GB,99,88,148
1049,purple,US,162,93,193
580,blue gray,US,159,178,185
1119,purple,AU,99,0,194
993,blue,GB,0,98,178
638,khaki,GB,169,146,100
626,turquoise,US,48,105,116
615,brown,US,131,85,79
672,pale pink,US,225,193,208
600,brown,GB,47,52,12
980,teal,US,23,255,222
828,flesh,US,212,125,110
727,aqua,US,35,136,130
1041,red,US,219,64,92
811,forest green,US,34,111,41
1083,violet,GB,178,120,244
635,taupe,GB,183,138,130
1029,lime,US,110,227,99
975,green,US,152,253,137
794,purple,AU,72,31,86
1126,violet,US,119,43,234
802,maroon,US,157,69,70
1089,pink,US,255,83,147
1108,royal blue,GB,47,0,160
654,pink,US,235,191,191
1000,rose,US,161,55,126
607,dark blue,GB,5,53,72
876,mint,US,124,222,155
702,blue,US,24,75,114
985,purple,GB,83,9,103
753,mint,US,122,190,143
782,sky blue,US,136,248,241
1043,red,US,219,68,53
1090,green,GB,49,233,55
636,brown,US,182,139,119
817,light purple,NZ,99,88,148
938,peach,US,255,144,124
1118,blue,US,55,32,206
1129,hot pink,US,255,30,232
1034,blue,US,49,58,163
855,blue,GB,112,150,204
776,green,US,200,242,158
593,beige,AU,241,225,228
792,plum,US,55,38,96
839,green,US,132,159,50
712,brown,US,171,104,101
998,burgundy,GB,142,66,148
547,black,AU,22,31,20
893,blush,US,254,180,218
947,chartreuse,GB,186,180,0
883,sky blue,US,67,222,227
1081,orange,GB,255,97,20
841,green,US,93,165,88
1092,purple,US,91,32,175
784,maroon,US,95,16,53
1050,purple,GB,177,86,182
736,lavender,US,139,112,154
780,teal,US,142,248,223
1078,hot pink,US,255,81,111
993,sky blue,US,0,98,178
929,purple,US,150,104,174
1056,green,US,52,202,56
850,teal,US,0,165,185
1118,royal blue,GB,55,32,206
888,lilac,US,199,194,255
1085,pink,US,213,107,217
670,grey,AU,206,197,225
879,cyan,US,93,223,189
1062,green,US,112,255,99
682,grape,US,48,12,53
631,purple,US,114,88,116
615,brown,GB,131,85,79
653,pink,US,178,138,147
649,grey,GB,142,147,175
714,light brown,US,169,107,78
571,grey,AU,119,122,136
994,lila,GB,72,90,177
910,purple,US,118,39,110
940,orange,GB,249,150,94
771,pale yellow,US,255,226,146
930,purple,GB,162,100,165
934,dusty rose,NZ,191,88,121
983,violet,US,61,27,115
959,pale blue,GB,120,178,249
936,salmon,US,253,143,148
1022,pink,US,226,110,158
720,olive,GB,120,128,48
1093,purple,US,112,7,165
948,green,US,171,184,14
904,blue,GB,0,73,141
866,peach,US,255,188,113
1074,bright purple,US,178,21,136
951,green,US,104,196,96
962,lilac,GB,189,161,237
718,dark olive green,AU,143,121,43
1036,purple,GB,103,38,147
1056,lime,US,52,202,56
767,mauve,NZ,200,163,200
818,purple,GB,111,85,143
794,eggplant,US,72,31,86
920,burnt orange,AU,183,102,25
564,green,US,140,117,114
1088,bubblegum,GB,248,87,163
964,lilac,US,218,153,218
978,mint green,US,73,255,200
794,purple,US,72,31,86
760,blue,US,104,187,207
612,dark purple,US,70,39,60
799,red,NZ,93,18,59
1020,pink,US,208,117,189
755,teal,US,108,191,160
952,,US,68,198,122
563,brown,US,89,66,72
982,navy blue,US,36,36,122
1108,dark blue,GB,47,0,160
896,blue,GB,40,7,78
854,blue,AU,94,154,203
1011,green,US,90,168,0
714,burnt sienna,US,169,107,78
1060,pink,US,255,131,206
770,salmon,GB,220,158,172
653,mauve,US,178,138,147
978,teal,US,73,255,200
1093,purple,US,112,7,165
993,dark blue,AU,0,98,178
1127,purple,US,149,3,220
1038,purple,US,124,16,133
553,burgundy,US,43,22,33
946,yellow,US,195,177,1
1132,indigo,US,127,0,255
860,light magenta,US,181,132,183
1083,lilac,US,178,120,244
634,pink,US,181,138,139
561,blue,US,69,71,88
585,beige,US,246,226,205
834,mustard,GB,183,143,44
1036,purple,US,103,38,147
1004,peach,US,237,106,119
597,brown,US,71,42,17
648,blue,US,127,151,174
1033,dark blue,US,31,0,101
890,purple,US,222,188,249
719,olive green,US,136,123,41
795,,GB,77,28,82
954,turquoise,US,0,199,152
885,blue,US,81,218,249
825,pink,US,208,125,137
1015,grey,AU,121,143,233
566,ochre,GB,128,123,98
1072,magenta,US,157,45,164
827,salmon,US,211,124,120
933,pink,US,187,90,132
813,blue,GB,0,104,149
980,cyan,GB,23,255,222
1041,pink,US,219,64,92
943,tangerine,GB,226,164,51
744,orange,US,225,160,128
752,light green,US,149,187,116
701,teal,US,0,79,110
1029,green,GB,110,227,99
632,mauve,US,121,86,107
1116,fuschia,GB,244,76,218
1072,magenta,US,157,45,164
765,lavender,US,182,168,211
1132,neon purple,US,127,0,255
987,plum,GB,95,0,91
817,deep purple,GB,99,88,148
887,blue,US,117,213,255
637,tan,US,178,142,109
694,brown,US,83,72,0
692,khaki,GB,95,67,0
981,light blue,US,0,255,235
1033,navy blue,US,31,0,101
695,green,US,68,77,0
730,teal,GB,45,133,155
692,brown,GB,95,67,0
1023,pink,US,230,108,145
826,salmon,US,210,124,128
925,blue,US,67,124,192
1017,light purple,US,168,131,220
567,green,US,114,126,106
640,sea green,AU,147,153,99
648,grey,US,127,151,174
547,forest green,US,22,31,20
1043,red,GB,219,68,53
867,yellow,US,248,193,104
958,blue,US,94,182,248
587,cream,US,219,234,203
553,dark brown,GB,43,22,33
554,brown,GB,91,66,63
865,tan,GB,255,185,122
886,cyan,GB,97,216,255
921,orange,GB,176,107,1
953,green,US,28,199,142
552,black,US,37,23,40
1066,red,US,199,0,45
597,dark brown,US,71,42,17
781,light blue,US,139,248,231
1047,purple,US,125,106,212
889,lilac,US,212,191,255
1078,pink,US,255,81,111
666,blue,US,153,212,218
1022,pink,US,226,110,158
628,blue,US,74,99,124
930,purple,US,162,100,165
867,yellow,US,248,193,104
768,pastel pink,GB,212,160,187
562,plum,US,82,67,83
976,green,US,119,255,166
608,steel blue,US,25,51,75
633,mauve,GB,127,85,96
1135,blue,US,0,0,0
899,mauve,US,138,23,66
950,lime green,US,129,193,70
546,dark green,US,33,28,8
790,blue,US,0,49,103
1050,magenta,US,177,86,182
1104,pink,US,217,44,165
560,dark gray,US,55,75,85
1042,red,GB,220,65,74
676,brown,GB,64,1,21
778,mint,GB,156,248,201
628,blue,GB,74,99,124
548,navy,US,16,31,26
731,blue,US,59,131,159
855,blue,US,112,150,204
1041,cerise,US,219,64,92
792,indigo,GB,55,38,96
1006,coral,US,238,109,88
922,green,US,74,138,11
579,gray,US,151,181,179
934,dark pink,US,191,88,121
872,pale yellow,US,200,210,92
1016,lilac,US,148,137,228
828,salmon,US,212,125,110
943,yellow,AU,226,164,51
673,pink,US,231,192,199
772,yellow,US,250,229,141
637,beige,US,178,142,109
1134,green,US,0,0,0
956,blue,AU,0,190,240
698,green,US,7,83,50
785,maroon,US,97,14,46
1047,purple,US,125,106,212
1057,lavender,AU,214,148,253
889,lavender,US,212,191,255
711,blush pink,GB,170,104,108
1014,periwinkle,US,72,152,235
1049,purple,US,162,93,193
729,turquoise,US,33,134,150
723,green,US,69,136,95
1046,blue,GB,90,115,218
792,navy blue,GB,55,38,96
805,brown,US,151,76,38
553,maroon,GB,43,22,33
1120,purple,US,134,86,255
853,blue,GB,71,157,201
932,dark pink,US,179,93,146
711,dark pink,US,170,104,108
855,periwinkle,US,112,150,204
616,brown,US,130,86,69
948,chartreuse,US,171,184,14
643,green,GB,105,160,138
647,dusky blue,GB,114,155,172
1009,orange,US,221,124,21
1059,pink,AU,247,136,222
546,,US,33,28,8
879,light cyan,US,93,223,189
689,sienna,GB,114,56,32
884,cyan,GB,70,220,237
1057,lilac,US,214,148,253
849,teal,US,0,166,177
930,purple,GB,162,100,165
826,pink,US,210,124,128
972,yellow,US,227,239,79
885,cyan,US,81,218,249
653,purple,AU,178,138,147
678,navy,US,0,28,66
937,salmon,US,255,143,137
1083,mor,US,178,120,244
763,blue grey,US,149,177,216
622,dark green,GB,64,106,80
1087,pink,NZ,238,93,185
738,purple,US,158,107,136
985,purple,AU,83,9,103
945,yellow,US,205,173,17
1131,magenta,NZ,199,9,250
946,yellow,US,195,177,1
758,aqua,US,95,190,187
546,dark green,US,33,28,8
682,purple,US,48,12,53
662,light green,IR,165,213,177
1096,red,US,243,7,60
596,brown,GB,77,38,28
969,yellow,US,255,228,80
955,mint,US,0,199,162
543,white,US,255,255,255
769,pink,AU,217,159,178
633,blush,US,127,85,96
658,cream,GB,223,199,149
850,aquamarine,US,0,165,185
702,blue,AU,24,75,114
1078,pink,US,255,81,111
1097,red,US,239,31,29
942,orange,US,235,159,65
565,tan,US,138,119,104
874,green,US,166,217,117
666,light blue,US,153,212,218
951,light green,US,104,196,96
835,mustard,AU,174,147,35
789,brown,US,96,23,0
1084,violet,GB,194,115,233
1064,violet,GB,68,3,133
997,purple,US,131,71,156
685,black,GB,58,5,41
1010,orange,US,211,130,0
1125,purple,US,62,64,250
954,sea foam green,US,0,199,152
689,brown,GB,114,56,32
796,purple,US,82,25,78
624,green,US,49,106,97
662,blue,US,165,213,177
1102,violet,US,192,68,198
555,brown,AU,87,68,55
736,purple,AU,139,112,154
807,brown,US,140,84,14
1081,orange,US,255,97,20
816,blue purple,US,82,93,151
566,beige,GB,128,123,98
867,yellow,US,248,193,104
710,maroon,US,114,51,74
825,pink,US,208,125,137
707,purple,AU,97,57,100
548,dark grey,US,16,31,26
1100,purple,US,157,88,222
547,black,US,22,31,20
755,green,GB,108,191,160
545,black,US,42,24,12
854,blue,US,94,154,203
940,orange,US,249,150,94
759,blue,AU,98,188,201
725,green,GB,53,137,110
800,plum,GB,154,69,88
802,burnt sienna,GB,157,69,70
760,blue,GB,104,187,207
557,green,US,64,75,60
704,periwinkle,US,62,68,115
595,red,GB,78,37,38
615,brown,US,131,85,79
668,pale blue,US,179,205,228
850,turqouise,US,0,165,185
672,pale pink,US,225,193,208
587,pale yellow,GB,219,234,203
792,purple,US,55,38,96
720,olive green,US,120,128,48
857,periwinkle,US,148,142,200
1042,red,US,220,65,74
1067,red,GB,197,0,22
643,sage,US,105,160,138
704,navy,US,62,68,115
838,green,US,145,156,37
1057,pink,GB,214,148,253
1062,green,AU,112,255,99
778,sky blue,GB,156,248,201
648,grey blue,US,127,151,174
994,lavender,GB,72,90,177
1025,mustard,GB,250,194,14
1035,purple,US,83,48,156
1094,pink,US,239,2,105
702,blue,US,24,75,114
807,brown,US,140,84,14
1015,periwinkle,US,121,143,233
558,green,US,57,76,69
548,dark green,GB,16,31,26
617,brown,US,125,89,58
559,green,GB,53,76,77
627,blue,US,59,102,121
738,mauve,GB,158,107,136
752,green,AU,149,187,116
546,brown,US,33,28,8
543,white,US,255,255,255
778,green,GB,156,248,201
1090,green,US,49,233,55
1053,pink,US,209,68,136
730,teal,GB,45,133,155
647,grey,US,114,155,172
916,red,US,197,88,87
836,mustard yellow,US,166,150,30
612,maroon,US,70,39,60
1071,mauve,GB,144,55,175
839,olive green,US,132,159,50
810,green,US,57,109,20
1004,salmon,US,237,106,119
922,green,US,74,138,11
723,pea green,US,69,136,95
729,teal,GB,33,134,150
914,dark pink,US,194,88,110
570,grey,US,106,125,134
678,dark blue,GB,0,28,66
1073,purple,US,167,36,151
700,emerald green,US,0,84,63
781,light cyan,US,139,248,231
685,magenta,US,58,5,41
712,mauve,US,171,104,101
796,purple,GB,82,25,78
533,black,US,0,0,0
926,denim,US,102,118,190
673,baby pink,GB,231,192,199
829,salmon,US,211,126,98
1024,yellow,US,255,189,41
596,brown,US,77,38,28
741,salmon,GB,223,158,159
560,grey,GB,55,75,85
590,light blue,GB,213,232,239
894,pink,GB,255,178,206
539,light gray,US,148,149,148
859,lilac,GB,170,135,191
1046,blue,US,90,115,218
660,spring green,US,201,206,147
654,blush pink,GB,235,191,191
1085,pink,US,213,107,217
653,pink,US,178,138,147
641,light green,US,131,157,111
958,blue,US,94,182,248
701,navy,US,0,79,110
853,sky blue,GB,71,157,201
727,teal,NZ,35,136,130
677,black,US,64,4,3
642,green,US,114,159,127
987,purple,US,95,0,91
846,green,US,0,168,147
971,yellow,GB,241,235,75
858,light purple,US,160,138,197
631,purple,GB,114,88,116
853,blue,GB,71,157,201
1126,purple,US,119,43,234
648,blue,AU,127,151,174
672,mauve,US,225,193,208
755,teal,AU,108,191,160
929,light purple,US,150,104,174
668,periwinkle,US,179,205,228
702,teal,US,24,75,114
645,green,GB,98,159,158
729,turquoise,US,33,134,150
1059,pink,GB,247,136,222
861,pink,US,189,130,175
770,pink,US,220,158,172
740,rosa,US,166,105,121
1123,violet,AU,207,33,215
899,maroon,GB,138,23,66
657,beige,US,232,195,159
1110,purple,GB,112,60,216
1030,bright green,GB,55,230,134
872,chartreuse,GB,200,210,92
787,maroon,GB,98,16,28
1120,purple,US,134,86,255
1048,purple,GB,148,99,202
1092,dark purple,US,91,32,175
1123,fuchsia,US,207,33,215
1100,purple,US,157,88,222
1024,mustard,US,255,189,41
632,mauve,GB,121,86,107
833,brown,US,191,139,54
934,salmon,US,191,88,121
1063,royal blue,GB,41,22,141
563,royal purple,US,89,66,72
1115,pink,GB,230,86,236
596,brown,US,77,38,28
607,teal,GB,5,53,72
1106,hot pink,US,234,17,124
1070,purple,GB,129,63,183
939,salmon,US,253,146,108
895,navy blue,AU,24,14,84
804,brown,US,155,72,50
550,dark gray,US,12,30,40
816,navy,GB,82,93,151
997,plum,US,131,71,156
1049,purple,US,162,93,193
792,blue purple,GB,55,38,96
640,olive green,US,147,153,99
893,pink,US,254,180,218
539,grey,US,148,149,148
753,sea foam,US,122,190,143
736,mauve,US,139,112,154
796,purple,GB,82,25,78
691,sienna,US,105,62,17
826,pink,US,210,124,128
696,forest green,US,59,79,11
550,dark teal,US,12,30,40
1125,blue,US,62,64,250
950,lime green,US,129,193,70
693,brown,GB,89,70,0
976,green,US,119,255,166
1038,purple,GB,124,16,133
877,bluegreen,GB,108,223,171
1074,pink,US,178,21,136
589,light blue,US,203,236,233
660,green,US,201,206,147
991,red,US,177,50,43
793,purple,US,66,34,91
777,aquamarine,US,167,247,188
820,taupe,US,128,79,132
656,cream,GB,238,192,169
967,pink,US,243,145,181
758,turquoise,US,95,190,187
950,green,US,129,193,70
597,brown,US,71,42,17
764,indigo,US,163,173,216
1036,purple,US,103,38,147
1061,lime,IR,161,254,46
771,yellow,US,255,226,146
647,blue,US,114,155,172
724,green,US,59,137,104
1110,purple,US,112,60,216
961,purple,US,172,166,245
1049,purple,GB,162,93,193
987,purple,AU,95,0,91
836,dark yellow,US,166,150,30
593,off white,US,241,225,228
845,green,US,15,168,139
1090,green,US,49,233,55
676,burgundy,US,64,1,21
710,burgundy,US,114,51,74
1108,blue,GB,47,0,160
877,aqua,US,108,223,171
909,grape,AU,111,43,117
925,light blue,US,67,124,192
1003,pink,US,234,107,132
869,yellow,US,228,201,89
789,red brown,GB,96,23,0
620,green,GB,95,101,51
551,navy blue,US,26,27,43
874,lime green,US,166,217,117
977,teal,GB,90,255,189
727,turquoise,GB,35,136,130
536,grey,US,72,72,72
1105,,GB,229,28,142
957,blue,GB,54,187,244
866,orange,AU,255,188,113
930,purple,US,162,100,165
968,pink,US,247,144,171
666,blue,US,153,212,218
1030,green,GB,55,230,134
862,pink,US,195,128,166
535,gray,US,49,49,49
894,pink,AU,255,178,206
934,pink,GB,191,88,121
665,pale blue,US,151,213,209
1007,orange,AU,235,112,66
959,light blue,US,120,178,249
1071,magenta,GB,144,55,175
770,rose,US,220,158,172
918,orange,US,196,92,57
635,tan,US,183,138,130
1002,magenta,US,173,47,99
795,purple,US,77,28,82
843,mint,US,50,168,123
566,grey,GB,128,123,98
1091,purple,US,51,48,186
694,green,US,83,72,0
596,brown,US,77,38,28
963,lavender,GB,201,158,230
906,purple,US,78,58,135
1127,purple,US,149,3,220
1097,red,US,239,31,29
704,blue,US,62,68,115
994,blue,NZ,72,90,177
658,yellow,US,223,199,149
606,dark teal,GB,0,55,66
645,dark teal,GB,98,159,158
1050,magenta,US,177,86,182
782,turquoise,GB,136,248,241
1041,red,US,219,64,92
1007,orange,US,235,112,66
1120,purple,US,134,86,255
899,magenta,US,138,23,66
1080,tangerine,US,255,88,64
708,eggplant,US,107,54,88
928,purple,AU,139,108,181
720,olive,GB,120,128,48
946,mustard,US,195,177,1
1093,purple,US,112,7,165
1075,fuscia,US,187,0,118
844,teal,US,36,168,131
670,lilac,NZ,206,197,225
747,ochre,GB,205,171,99
862,pink,US,195,128,166
995,bright purple,US,101,82,172
1023,pink,US,230,108,145
923,green,GB,42,141,47
854,blue,US,94,154,203
792,purple,GB,55,38,96
795,purple,GB,77,28,82
1138,magenta,GB,0,0,0
678,blue,US,0,28,66
813,blue,GB,0,104,149
634,puce,US,181,138,139
782,teal,US,136,248,241
971,yellow,US,241,235,75
790,navy blue,US,0,49,103
732,light blue,US,85,126,163
606,turquoise,US,0,55,66
690,brown,US,109,59,24
952,green,GB,68,198,122
620,olive green,GB,95,101,51
651,purple,AU,165,141,165
819,purple,US,119,82,138
566,brown,US,128,123,98
893,pink,US,254,180,218
884,light blue,US,70,220,237
617,brown,US,125,89,58
1015,lilac,US,121,143,233
1081,orange,US,255,97,20
997,purple,US,131,71,156
615,light brown,US,131,85,79
825,pink,US,208,125,137
790,dark blue,GB,0,49,103
770,pink,GB,220,158,172
1077,pink,US,255,81,128
701,navy blue,US,0,79,110
727,teal,US,35,136,130
781,blue,GB,139,248,231
534,black,GB,28,28,28
600,forest green,AU,47,52,12
1113,hot pink,GB,171,0,180
578,teal,US,153,181,169
590,white,US,213,232,239
708,berry,US,107,54,88
1068,blue,GB,64,84,202
552,purple,GB,37,23,40
845,green,GB,15,168,139
874,green,US,166,217,117
881,turquoise,GB,76,223,207
622,green,US,64,106,80
764,mauve,US,163,173,216
591,white,US,226,229,239
884,cyan,US,70,220,237
936,salmon,GB,253,143,148
1111,purple,US,139,44,204
700,green,US,0,84,63
1049,purple,US,162,93,193
1083,lavender,US,178,120,244
547,black,US,22,31,20
1103,magenta,US,205,57,183
1029,lime,US,110,227,99
705,purple,US,84,62,109
552,black,GB,37,23,40
814,blue,US,29,101,151
1056,neon green,US,52,202,56
663,light green,AU,157,214,189
1028,green,AU,146,223,64
544,wine,US,45,21,25
754,mint,US,113,191,153
1104,magenta,GB,217,44,165
892,pink,AU,246,182,228
771,light yellow,US,255,226,146
594,,GB,76,37,46
1043,red,US,219,68,53
794,deep purple,GB,72,31,86
766,lilac,GB,190,166,207
1134,green,US,0,0,0
743,salmon,US,226,158,146
691,brown,GB,105,62,17
729,teal,GB,33,134,150
1089,pink,GB,255,83,147
573,mauve,US,137,118,122
888,lavender,US,199,194,255
1032,,GB,255,172,255
1087,pink,GB,238,93,185
622,green,GB,64,106,80
708,magenta,US,107,54,88
1006,peach,US,238,109,88
785,wine,GB,97,14,46
1027,lemon,GB,179,217,3
882,cyan,US,70,223,218
642,green,US,114,159,127
1092,purple,US,91,32,175
986,purple,US,90,0,97
984,purple,US,75,18,108
966,pale pink,GB,236,147,196
636,beige,GB,182,139,119
1050,purple,US,177,86,182
667,light blue,US,163,209,225
1071,purple,US,144,55,175
693,brown,GB,89,70,0
1135,blue,GB,0,0,0
963,pink,GB,201,158,230
909,purple,US,111,43,117
554,brown,US,91,66,63
644,seafoam,US,100,160,147
1065,red,US,197,0,85
899,maroon,US,138,23,66
975,lime green,GB,152,253,137
1005,pink,US,238,107,105
613,maroon,US,74,37,54
549,navy blue,GB,10,31,33
826,salmon,US,210,124,128
950,lime,US,129,193,70
833,olive,US,191,139,54
1094,magenta,US,239,2,105
948,green,US,171,184,14
907,purple,AU,93,52,129
1084,magenta,GB,194,115,233
894,pink,US,255,178,206
1079,salmon,US,255,84,91
1063,dark blue,US,41,22,141
918,burnt orange,US,196,92,57
1082,blue,GB,149,129,255
686,brick,US,117,51,60
765,mauve,GB,182,168,211
1076,coral,GB,193,0,102
860,purple,US,181,132,183
618,brown,US,116,94,51
743,pink,GB,226,158,146
888,purple,US,199,194,255
837,mustard yellow,US,157,153,30
679,navy,US,22,23,65
693,orange,US,89,70,0
1081,orange,GB,255,97,20
589,green,US,203,236,233
1112,purple,US,155,27,193
581,blue gray,US,172,174,186
723,green,US,69,136,95
1025,orange,GB,250,194,14
710,plum,US,114,51,74
699,forest green,US,0,84,57
968,pink,US,247,144,171
1060,pink,AU,255,131,206
1041,pink,US,219,64,92
808,brown,US,133,87,0
616,black,US,130,86,69
638,tan,US,169,146,100
542,white,US,229,229,229
857,lilac,GB,148,142,200
1026,yellow,GB,236,200,0
859,light purple,US,170,135,191
663,light blue,AU,157,214,189
822,mauve,US,142,73,117
551,black,US,26,27,43
745,tan,US,221,163,119
617,brown,US,125,89,58
986,violet,GB,90,0,97
751,,GB,164,184,104
898,purple,US,55,0,69
785,mauve,GB,97,14,46
547,navy,AU,22,31,20
1056,green,US,52,202,56
888,lilac,US,199,194,255
939,orange,US,253,146,108
906,purple,US,78,58,135
787,dark red,GB,98,16,28
982,blue,US,36,36,122
1107,pink,GB,252,124,255
645,teal,US,98,159,158
777,sea foam,US,167,247,188
966,pink,NZ,236,147,196
1037,purple,US,114,29,140
890,lavender,US,222,188,249
991,red,US,177,50,43
1059,pink,GB,247,136,222
938,orange,GB,255,144,124
722,green,GB,96,133,69
902,maroon,AU,139,29,30
616,brown,US,130,86,69
743,peach,US,226,158,146
952,green,US,68,198,122
966,pink,US,236,147,196
810,green,NZ,57,109,20
1127,purple,US,149,3,220
650,lilac,AU,154,144,172
1089,pink,US,255,83,147
679,navy blue,US,22,23,65
1128,neon pink,AU,246,53,254
805,brown,AU,151,76,38
719,dark yellow,US,136,123,41
789,crimson,US,96,23,0
1052,fuschia,US,199,74,156
731,teal,US,59,131,159
814,dark teal,GB,29,101,151
1117,bright pink,GB,255,63,196
985,purple,US,83,9,103
1128,pink,US,246,53,254
1128,pink,US,246,53,254
1109,indigo,US,60,75,229
900,red,GB,140,22,55
878,mint,US,100,223,180
553,dark brown,US,43,22,33
849,teal,GB,0,166,177
540,grey,GB,175,175,175
1053,magenta,US,209,68,136
752,spring green,US,149,187,116
626,teal,US,48,105,116
787,wine,GB,98,16,28
969,yellow,US,255,228,80
685,purple,US,58,5,41
813,cerulean,US,0,104,149
938,coral,US,255,144,124
714,light brown,US,169,107,78
1015,blue,US,121,143,233
948,lime green,US,171,184,14
1060,pink,AU,255,131,206
914,rose,US,194,88,110
665,sky blue,GB,151,213,209
1081,orange,US,255,97,20
825,pink,US,208,125,137
553,burgundy,GB,43,22,33
879,teal,US,93,223,189
882,blue,US,70,223,218
797,purple,US,87,22,71
689,brown,US,114,56,32
756,aquamarine,GB,100,191,172
572,grey,GB,130,119,131
1103,hot pink,US,205,57,183
1101,pink,GB,174,79,212
752,moss green,GB,149,187,116
625,,AU,46,106,107
1086,pink,GB,226,100,203
806,brown,US,146,80,27
702,blue,US,24,75,114
839,green,US,132,159,50
943,mustard,GB,226,164,51
1129,hot pink,GB,255,30,232
995,purple,US,101,82,172
695,green,US,68,77,0
1132,purple,AU,127,0,255
646,cerulean,US,103,157,166
1018,lavender,US,181,126,212
602,dark green,GB,21,56,38
608,dark blue,GB,25,51,75
996,purple,GB,120,76,164
911,purple,US,125,33,99
691,black,AU,105,62,17
724,green,GB,59,137,104
586,beige,US,235,230,196
627,blue gray,US,59,102,121
919,orange,GB,191,96,42
851,cerulean,US,0,163,193
735,purple,US,131,115,159
813,blue,US,0,104,149
751,light green,US,164,184,104
981,turquoise,US,0,255,235
681,purple,US,46,14,55
893,light pink,GB,254,180,218
825,red,US,208,125,137
970,yellow,US,250,232,76
552,mauve,US,37,23,40
874,green,US,166,217,117
655,pink,US,238,191,181
678,blue,US,0,28,66
616,brown,US,130,86,69
872,yellow,US,200,210,92
1109,blue,GB,60,75,229
639,tan,US,159,150,96
1111,purple,US,139,44,204
747,yellow,US,205,171,99
1000,maroon,US,161,55,126
981,aqua,US,0,255,235
1126,purple,US,119,43,234
1020,pink,US,208,117,189
1003,coral,US,234,107,132
753,light green,NZ,122,190,143
1103,magenta,GB,205,57,183
606,green,US,0,55,66
767,pink,US,200,163,200
1015,pale blue,US,121,143,233
967,light pink,US,243,145,181
842,green,GB,69,167,109
604,green,US,3,56,51
826,salmon,US,210,124,128
1037,purple,US,114,29,140
810,forest green,US,57,109,20
1030,mint green,GB,55,230,134
1061,green,US,161,254,46
781,aquamarine,GB,139,248,231
633,mauve,GB,127,85,96
860,purple,US,181,132,183
835,gold,US,174,147,35
679,royal blue,AU,22,23,65
896,indigo,GB,40,7,78
993,blue,US,0,98,178
801,red,GB,156,69,80
628,blue,US,74,99,124
1067,red,GB,197,0,22
859,purple,GB,170,135,191
1024,yellow,GB,255,189,41
1056,lime green,US,52,202,56
846,blue,US,0,168,147
867,yellow orange,US,248,193,104
745,tan,GB,221,163,119
699,green,GB,0,84,57
757,turquoise,US,97,191,180
817,violet,AU,99,88,148
688,brown,US,117,52,47
677,burgundy,US,64,4,3
870,yellow,US,219,204,86
572,blue,US,130,119,131
785,maroon,US,97,14,46
913,,GB,135,26,77
901,maroon,US,140,24,42
1003,pink,GB,234,107,132
984,purple,GB,75,18,108
924,blue,GB,29,128,191
815,blue,US,55,98,152
952,green,GB,68,198,122
1047,purple,US,125,106,212
854,azure,US,94,154,203
714,peach,GB,169,107,78
1050,magenta,US,177,86,182
591,white,GB,226,229,239
760,blue,US,104,187,207
932,magenta,US,179,93,146
838,green,US,145,156,37
658,light yellow,US,223,199,149
836,yellow,GB,166,150,30
918,orange,GB,196,92,57
916,brick red,US,197,88,87
1135,blue,US,0,0,0
942,gold,US,235,159,65
683,dark purple,GB,53,9,48
1119,purple,GB,99,0,194
1101,purple,GB,174,79,212
637,tan,AU,178,142,109
1098,blue,US,77,109,247
817,purple,US,99,88,148
981,teal,US,0,255,235
538,dark gray,IR,122,122,122
714,brown,US,169,107,78
1095,red,US,242,0,86
907,purple,US,93,52,129
552,dark purple,US,37,23,40
627,teal,US,59,102,121
929,purple,AU,150,104,174
653,light pink,US,178,138,147
543,white,US,255,255,255
874,green,US,166,217,117
1039,magenta,GB,133,0,124
666,baby blue,US,153,212,218
885,blue,GB,81,218,249
697,forest green,GB,45,81,26
761,sky blue,US,114,185,211
845,cyan,US,15,168,139
625,blue,NZ,46,106,107
544,black,US,45,21,25
920,orange,US,183,102,25
773,pastel yellow,US,244,231,139
672,light pink,US,225,193,208
1064,purple,US,68,3,133
952,green,US,68,198,122
1086,purple,US,226,100,203
854,light blue,US,94,154,203
680,purple,GB,41,16,58
842,green,US,69,167,109
885,teal,US,81,218,249
705,plum,US,84,62,109
731,blue,GB,59,131,159
703,navy,US,42,73,115
1113,purple,US,171,0,180
775,lime,GB,219,238,145
628,blue,US,74,99,124
940,orange,AU,249,150,94
755,pastel green,GB,108,191,160
898,deep purple,US,55,0,69
663,mint,US,157,214,189
936,pink,US,253,143,148
902,crimson,NZ,139,29,30
1044,orange,GB,214,76,18
932,pink,US,179,93,146
1098,blue,US,77,109,247
914,pink,GB,194,88,110
1128,pink,US,246,53,254
748,dark yellow,US,196,174,94
931,purple,US,171,96,156
1068,blue,US,64,84,202
780,aqua,US,142,248,223
696,green,US,59,79,11
605,forest green,US,0,56,59
1117,pink,GB,255,63,196
882,turquoise,US,70,223,218
806,brown,US,146,80,27
964,lilac,GB,218,153,218
980,mint,US,23,255,222
688,brown,US,117,52,47
1011,lime green,US,90,168,0
599,brown,US,57,49,2
911,dark magenta,US,125,33,99
763,light blue,IR,149,177,216
578,grey,US,153,181,169
1102,fuschia,US,192,68,198
1086,pink,US,226,100,203
1084,purple,US,194,115,233
687,maroon,US,117,51,53
1057,purple,AU,214,148,253
961,purple,US,172,166,245
822,rose,US,142,73,117
983,violet,US,61,27,115
968,pink,NZ,247,144,171
1041,neon pink,GB,219,64,92
840,green,US,112,163,70
783,pastel pink,US,255,216,255
596,brown,US,77,38,28
1066,red,US,199,0,45
534,black,US,28,28,28
675,maroon,US,63,1,27
976,green,US,119,255,166
896,indigo,GB,40,7,78
773,yellow,AU,244,231,139
891,pink,GB,238,184,237
1060,pink,US,255,131,206
998,violet,US,142,66,148
757,turquoise,US,97,191,180
601,dark green,US,34,54,26
727,green,US,35,136,130
912,purple,GB,131,29,88
554,brown,US,91,66,63
1080,red,US,255,88,64
1124,magenta,US,222,0,197
807,orange,US,140,84,14
650,light blue,US,154,144,172
1014,azure,US,72,152,235
585,cream,US,246,226,205
708,purple,US,107,54,88
854,sky blue,US,94,154,203
578,mint,US,153,181,169
672,pink,US,225,193,208
590,white,US,213,232,239
614,mauve,AU,130,85,88
764,lavender,US,163,173,216
735,lavender,US,131,115,159
1064,navy,NZ,68,3,133
911,maroon,GB,125,33,99
893,pink,US,254,180,218
990,,GB,178,47,57
793,plum,US,66,34,91
865,gold,US,255,185,122
871,yellow,GB,212,206,86
905,blue,GB,54,65,139
908,purple,US,103,48,123
912,magenta,US,131,29,88
560,blue grey,US,55,75,85
795,dark purple,GB,77,28,82
771,yellow,US,255,226,146
664,blue,US,152,214,198
746,tan,US,217,165,112
930,purple,US,162,100,165
897,dark purple,US,50,0,73
1132,purple,US,127,0,255
663,pastel green,US,157,214,189
804,brown,GB,155,72,50
937,salmon,GB,255,143,137
804,rust,US,155,72,50
634,brown,GB,181,138,139
1013,blue,US,0,156,234
769,pink,US,217,159,178
660,yellow,US,201,206,147
679,navy blue,GB,22,23,65
834,light brown,GB,183,143,44
558,teal,US,57,76,69
898,dark purple,US,55,0,69
642,green,GB,114,159,127
822,dusty purple,US,142,73,117
598,brown,US,65,46,7
891,light pink,US,238,184,237
659,yellow,US,212,203,145
976,sea foam green,US,119,255,166
649,grey,AU,142,147,175
787,red,US,98,16,28
686,reddish brown,US,117,51,60
733,dusty blue,US,97,124,164
982,blue,GB,36,36,122
594,brown,AU,76,37,46
565,brown,US,138,119,104
540,gray,US,175,175,175
625,blue,US,46,106,107
713,brick,GB,171,105,95
755,teal,US,108,191,160
876,lime green,GB,124,222,155
1027,yellow,US,179,217,3
778,seafoam,US,156,248,201
877,sea green,US,108,223,171
895,indigo,US,24,14,84
632,mauve,US,121,86,107
582,gray,US,182,172,182
992,orange,US,174,56,17
1002,pink,GB,173,47,99
1073,magenta,US,167,36,151
1079,coral,US,255,84,91
1053,fuchsia,GB,209,68,136
727,teal,US,35,136,130
625,sea green,US,46,106,107
586,lemon,GB,235,230,196
808,brown,US,133,87,0
676,maroon,US,64,1,21
680,purple,NZ,41,16,58
628,blue,GB,74,99,124
765,pale purple,US,182,168,211
1072,purple,US,157,45,164
756,plava,US,100,191,172
792,purple,GB,55,38,96
1029,lime,GB,110,227,99
813,dusty blue,US,0,104,149
1016,lavender,US,148,137,228
1023,pink,US,230,108,145
999,,GB,152,60,138
670,lilac,GB,206,197,225
608,blue,AU,25,51,75
855,blue,GB,112,150,204
596,brown,US,77,38,28
967,pink,US,243,145,181
891,lilac,US,238,184,237
941,orange,GB,242,154,79
667,blue,GB,163,209,225
705,grape,US,84,62,109
721,olive,AU,110,131,56
787,red,US,98,16,28
1049,purple,US,162,93,193
854,light blue,US,94,154,203
1105,neon pink,US,229,28,142
632,purple,US,121,86,107
1100,dark pink,US,157,88,222
878,cyan,US,100,223,180
854,cyan,GB,94,154,203
978,green,US,73,255,200
1131,purple,GB,199,9,250
825,dusty rose,US,208,125,137
1090,neon green,GB,49,233,55
911,magenta,US,125,33,99
647,sky blue,GB,114,155,172
606,emerald green,US,0,55,66
646,dark teal,AU,103,157,166
1099,light purple,US,128,98,235
864,baby pink,US,205,125,145
548,black,US,16,31,26
936,coral,US,253,143,148
997,purple,US,131,71,156
598,brown,US,65,46,7
599,brown,US,57,49,2
613,purple,GB,74,37,54
888,grey,AU,199,194,255
1016,purple,US,148,137,228
1095,orange,AU,242,0,86
743,pink,US,226,158,146
550,black,US,12,30,40
849,teal,GB,0,166,177
813,teal,GB,0,104,149
843,turqouise,US,50,168,123
595,brown,US,78,37,38
827,red,US,211,124,120
689,brown,AU,114,56,32
680,wine,US,41,16,58
859,lavender,US,170,135,191
957,blue,US,54,187,244
1063,blue,US,41,22,141
569,sage,US,101,128,127
822,mor,US,142,73,117
988,rosa,GB,176,45,86
971,pale yellow,US,241,235,75
533,black,US,0,0,0
676,burgundy,US,64,1,21
883,turqoise,GB,67,222,227
843,green,US,50,168,123
651,lavender,US,165,141,165
923,emerald green,GB,42,141,47
1041,raspberry,GB,219,64,92
808,brown,GB,133,87,0
620,green,US,95,101,51
571,grey,US,119,122,136
930,lilac,GB,162,100,165
940,orange,AU,249,150,94
900,red,US,140,22,55
1005,salmon,US,238,107,105
878,mint,US,100,223,180
869,yellow,US,228,201,89
560,green,US,55,75,85
1069,purple,US,106,73,193
689,brown,GB,114,56,32
913,grape,US,135,26,77
619,green,US,106,97,47
1034,blue,AU,49,58,163
578,aqua,US,153,181,169
831,orange,US,204,132,75
1119,purple,US,99,0,194
779,green,US,150,248,209
807,brown,US,140,84,14
740,pink,US,166,105,121
1039,magenta,GB,133,0,124
788,red,US,98,18,18
755,mint,GB,108,191,160
981,turquoise,US,0,255,235
979,teal,US,53,255,212
696,forest green,US,59,79,11
1013,blue,GB,0,156,234
946,yellow,NZ,195,177,1
607,blue,GB,5,53,72
1088,pink,US,248,87,163
1060,pink,US,255,131,206
1028,green,GB,146,223,64
986,purple,GB,90,0,97
1086,baby pink,US,226,100,203
800,maroon,US,154,69,88
1061,green,NZ,161,254,46
997,purple,AU,131,71,156
1135,blue,GB,0,0,0
581,grey,AU,172,174,186
897,purple,US,50,0,73
960,lilac,GB,151,171,249
912,brown,GB,131,29,88
891,pink,US,238,184,237
1135,indigo,US,0,0,0
690,brown,US,109,59,24
644,teal,US,100,160,147
1103,magenta,US,205,57,183
873,green,GB,187,213,100
1092,indigo,AU,91,32,175
593,gray,US,241,225,228
744,peach,US,225,160,128
571,gray,US,119,122,136
704,indigo,US,62,68,115
655,pink,US,238,191,181
975,lime,US,152,253,137
600,forest green,US,47,52,12
599,,GB,57,49,2
1048,purple,US,148,99,202
1117,bright pink,GB,255,63,196
901,red,US,140,24,42
761,blue,GB,114,185,211
535,black,US,49,49,49
587,white,US,219,234,203
836,mustard,GB,166,150,30
1073,magenta,GB,167,36,151
744,orange,US,225,160,128
1045,blue,AU,0,125,220
864,pink,US,205,125,145
1130,electric blue,GB,61,0,225
1012,green,GB,47,171,52
1114,violet,GB,207,100,254
709,mauve,GB,111,52,81
623,forest green,US,56,106,89
613,maroon,GB,74,37,54
931,mauve,GB,171,96,156
831,orange,US,204,132,75
1058,purple,US,234,140,237
863,pink,US,202,126,154
778,seafoam green,US,156,248,201
1041,fuscia,US,219,64,92
797,purple,GB,87,22,71
697,forest green,US,45,81,26
969,yellow,US,255,228,80
765,lavender,US,182,168,211
1069,purple,US,106,73,193
805,brown,NZ,151,76,38
853,turquoise,US,71,157,201
918,orange,GB,196,92,57
862,rose,GB,195,128,166
1006,orange,US,238,109,88
815,blue,US,55,98,152
1023,pink,US,230,108,145
867,tangerine,US,248,193,104
888,lilac,GB,199,194,255
867,orange,US,248,193,104
1081,orange,GB,255,97,20
961,violet,US,172,166,245
805,orange,US,151,76,38
1027,lime green,US,179,217,3
662,mint,GB,165,213,177
541,light grey,AU,202,202,201
934,rose,US,191,88,121
1081,orange,US,255,97,20
1116,purple,GB,244,76,218
1019,light purple,AU,197,121,200
834,yellow,US,183,143,44
827,orange,AU,211,124,120
783,pink,GB,255,216,255
1056,lime,US,52,202,56
850,sky blue,AU,0,165,185
966,pink,US,236,147,196
643,green,GB,105,160,138
1022,pink,US,226,110,158
957,blue,US,54,187,244
658,taupe,GB,223,199,149
1042,blood orange,US,220,65,74
704,navy,US,62,68,115
887,sky,US,117,213,255
828,peach,US,212,125,110
662,seafoam,US,165,213,177
968,pink,US,247,144,171
1136,yellow,AU,0,0,0
763,blue,US,149,177,216
839,sage green,US,132,159,50
971,yellow,US,241,235,75
980,mint,US,23,255,222
888,blue,US,199,194,255
1013,blue,US,0,156,234
540,grey,AU,175,175,175
886,sky blue,GB,97,216,255
1073,dark magenta,US,167,36,151
781,turquoise,US,139,248,231
1024,yellow,US,255,189,41
1088,pink,US,248,87,163
768,pink,GB,212,160,187
783,pink,US,255,216,255
589,mint green,GB,203,236,233
544,plum,US,45,21,25
796,purple,GB,82,25,78
607,blue,US,5,53,72
896,dark purple,US,40,7,78
635,light brown,US,183,138,130
985,dark purple,US,83,9,103
1118,blue,GB,55,32,206
607,blue,US,5,53,72
553,black,GB,43,22,33
1093,purple,US,112,7,165
1002,magenta,US,173,47,99
708,purple,US,107,54,88
538,gray,US,122,122,122
821,rose,US,135,76,125
1071,purple,GB,144,55,175
790,royal blue,US,0,49,103
949,,US,155,188,39
666,blue,GB,153,212,218
671,pink,US,218,194,217
545,brown,US,42,24,12
984,dark purple,US,75,18,108
1053,bright pink,GB,209,68,136
1080,red,US,255,88,64
561,grey,US,69,71,88
559,forest green,US,53,76,77
718,olive green,US,143,121,43
791,navy blue,GB,37,43,100
1071,purple,US,144,55,175
808,brown,US,133,87,0
1000,magenta,US,161,55,126
613,maroon,US,74,37,54
1109,blue,US,60,75,229
1063,royal blue,US,41,22,141
875,light green,US,146,220,136
1109,blue,GB,60,75,229
674,maroon,GB,62,2,32
554,brown,US,91,66,63
543,white,GB,255,255,255
1036,violet,US,103,38,147
932,magenta,GB,179,93,146
991,red,US,177,50,43
919,ochre,US,191,96,42
1125,blue,US,62,64,250
894,peach,US,255,178,206
765,violet,GB,182,168,211
784,maroon,US,95,16,53
1101,lilac,GB,174,79,212
571,grey,GB,119,122,136
955,aquamarine,GB,0,199,162
1072,magenta,US,157,45,164
845,turquoise,GB,15,168,139
1006,orange,GB,238,109,88
718,brown,US,143,121,43
668,blue,US,179,205,228
864,pink,AU,205,125,145
839,green,US,132,159,50
955,teal,US,0,199,162
578,green,GB,153,181,169
1119,royal purple,GB,99,0,194
786,maroon,US,98,13,37
1049,purple,US,162,93,193
825,pink,GB,208,125,137
1127,light purple,US,149,3,220
750,green,US,173,181,97
572,rose,GB,130,119,131
665,baby blue,US,151,213,209
877,green,US,108,223,171
961,periwinkle,US,172,166,245
858,lilac,US,160,138,197
539,grey,AU,148,149,148
551,black,AU,26,27,43
1105,pink,GB,229,28,142
774,yellow,US,229,236,141
771,cream,GB,255,226,146
630,dusty purple,US,104,91,122
806,burnt orange,GB,146,80,27
935,salmon,GB,251,143,159
1073,purple,US,167,36,151
538,grey,GB,122,122,122
944,yellow,US,217,168,35
829,salmon,US,211,126,98
844,jade,GB,36,168,131
1000,magenta,AU,161,55,126
826,salmon,US,210,124,128
773,yellow,US,244,231,139
1006,salmon,US,238,109,88
1026,,GB,236,200,0
1076,rosa,GB,193,0,102
621,moss green,AU,79,104,64
765,lavendar,US,182,168,211
1077,hot pink,US,255,81,128
1060,pink,US,255,131,206
547,black,US,22,31,20
841,green,US,93,165,88
1064,violet,US,68,3,133
711,sienna,US,170,104,108
1064,violet,US,68,3,133
644,teal,US,100,160,147
942,orange,US,235,159,65
579,grey,GB,151,181,179
1112,dark purple,US,155,27,193
1109,royal blue,GB,60,75,229
582,purple,GB,182,172,182
1066,red,US,199,0,45
802,brick,US,157,69,70
785,maroon,US,97,14,46
719,green,US,136,123,41
827,rose,US,211,124,120
1041,hot pink,US,219,64,92
686,burgundy,US,117,51,60
1004,red,US,237,106,119
820,purple,US,128,79,132
778,mint,US,156,248,201
1066,red,US,199,0,45
663,turquoise,AU,157,214,189
957,azure,AU,54,187,244
729,teal,US,33,134,150
1014,cerulean,GB,72,152,235
1006,tangerine,US,238,109,88
736,mauve,GB,139,112,154
1047,lavender,AU,125,106,212
920,orange,GB,183,102,25
1134,green,US,0,0,0
906,purple,AU,78,58,135
1082,lilac,US,149,129,255
726,teal,US,42,137,122
786,maroon,US,98,13,37
855,blue,US,112,150,204
883,turquoise,US,67,222,227
932,purple,US,179,93,146
716,brown,US,162,112,62
702,blue,US,24,75,114
692,brown,US,95,67,0
562,plum,GB,82,67,83
940,orange,US,249,150,94
678,navy,US,0,28,66
857,lilac,US,148,142,200
570,grey blue,US,106,125,134
732,blue,GB,85,126,163
725,green,US,53,137,110
916,salmon,US,197,88,87
758,blue,GB,95,190,187
1036,purple,US,103,38,147
846,teal,US,0,168,147
880,mint,US,86,223,197
1011,green,GB,90,168,0
891,pink,US,238,184,237
895,blue,GB,24,14,84
549,black,US,10,31,33
873,green,US,187,213,100
944,mustard,US,217,168,35
1105,magenta,US,229,28,142
830,green,GB,209,129,87
1122,purple,AU,186,58,231
849,blue,AU,0,166,177
868,pastel yellow,US,239,197,97
1135,blue,US,0,0,0
914,salmon,AU,194,88,110
1118,royal blue,GB,55,32,206
659,yellow,US,212,203,145
968,pink,US,247,144,171
1001,pink,US,168,50,111
1014,light blue,US,72,152,235
1058,pink,GB,234,140,237
1012,green,US,47,171,52
1026,yellow,US,236,200,0
697,dark green,US,45,81,26
802,brown,NZ,157,69,70
1112,purple,AU,155,27,193
1091,blue,US,51,48,186
995,purple,US,101,82,172
973,lime green,GB,212,243,87
718,grey,AU,143,121,43
1098,blue,GB,77,109,247
899,pink,GB,138,23,66
557,green,US,64,75,60
759,aqua,US,98,188,201
1026,yellow,US,236,200,0
905,blue,US,54,65,139
887,light blue,US,117,213,255
1120,bright purple,US,134,86,255
857,light purple,US,148,142,200
1078,coral,GB,255,81,111
1077,pink,US,255,81,128
1053,pink,US,209,68,136
1084,purple,US,194,115,233
920,orange,US,183,102,25
847,turquoise,AU,0,168,158
1128,pink,GB,246,53,254
617,brown,US,125,89,58
957,blue,US,54,187,244
907,purple,US,93,52,129
1108,blue,AU,47,0,160
1115,pink,GB,230,86,236
600,olive green,US,47,52,12
641,green,US,131,157,111
761,light blue,US,114,185,211
840,green,US,112,163,70
552,black,US,37,23,40
583,off white,GB,188,171,174
1111,purple,GB,139,44,204
1129,fuchsia,US,255,30,232
995,purple,US,101,82,172
714,brown,US,169,107,78
897,dark purple,US,50,0,73
641,green,US,131,157,111
670,pink,GB,206,197,225
560,grey,GB,55,75,85
820,purple,US,128,79,132
965,pink,GB,227,149,208
539,grey,US,148,149,148
589,light blue,NZ,203,236,233
1055,orange,US,255,147,0
1129,pink,US,255,30,232
732,blue,US,85,126,163
676,brown,US,64,1,21
924,blue,US,29,128,191
1083,light purple,US,178,120,244
689,brown,GB,114,56,32
845,green,GB,15,168,139
969,yellow,AU,255,228,80
702,midnight blue,US,24,75,114
1075,magenta,US,187,0,118
964,light pink,US,218,153,218
1067,red,GB,197,0,22
908,purple,US,103,48,123
771,peach,US,255,226,146
659,light yellow,AU,212,203,145
549,black,GB,10,31,33
780,turquoise,US,142,248,223
591,grey,US,226,229,239
559,teal,US,53,76,77
863,red,AU,202,126,154
952,green,US,68,198,122
782,teal,GB,136,248,241
914,coral,US,194,88,110
996,purple,US,120,76,164
801,pink,US,156,69,80
893,pink,US,254,180,218
594,maroon,US,76,37,46
624,teal,GB,49,106,97
1010,orange,US,211,130,0
639,yellow,GB,159,150,96
819,purple,US,119,82,138
930,grape,GB,162,100,165
957,blue,US,54,187,244
834,yellow,US,183,143,44
674,maroon,US,62,2,32
853,cyan,GB,71,157,201
769,pink,US,217,159,178
1026,yellow,US,236,200,0
1006,coral,US,238,109,88
954,bluegreen,US,0,199,152
1138,pink,GB,0,0,0
553,dark purple,GB,43,22,33
962,lilac,GB,189,161,237
588,mint,US,204,237,221
876,sea green,US,124,222,155
759,teal,US,98,188,201
863,rose,AU,202,126,154
805,brown,US,151,76,38
557,dark green,GB,64,75,60
881,aqua,US,76,223,207
890,pink,GB,222,188,249
853,sky blue,GB,71,157,201
1059,pink,US,247,136,222
695,green,US,68,77,0
838,chartreuse,US,145,156,37
958,light blue,US,94,182,248
939,orange,US,253,146,108
1134,lime,GB,0,0,0
807,orange,US,140,84,14
636,tan,US,182,139,119
930,lavendar,US,162,100,165
607,grey,US,5,53,72
770,pink,US,220,158,172
724,kelly green,US,59,137,104
1114,magenta,NZ,207,100,254
611,purple,US,64,40,67
1089,pink,US,255,83,147
1051,magenta,US,189,80,170
837,olive,US,157,153,30
879,turquoise,US,93,223,189
843,green,AU,50,168,123
661,lime green,US,183,211,159
950,lime green,US,129,193,70
732,blue,US,85,126,163
667,blue,US,163,209,225
1064,purple,GB,68,3,133
663,cyan,US,157,214,189
1089,hot pink,US,255,83,147
870,yellow,US,219,204,86
644,green,US,100,160,147
1107,pink,NZ,252,124,255
756,mint green,GB,100,191,172
594,maroon,US,76,37,46
551,black,US,26,27,43
947,chartreuse,US,186,180,0
558,grey green,GB,57,76,69
691,brown,GB,105,62,17
739,purple,US,163,105,127
963,lilac,GB,201,158,230
978,cyan,US,73,255,200
1082,lilac,GB,149,129,255
759,aquamarine,US,98,188,201
746,sand,US,217,165,112
985,purple,US,83,9,103
886,bright blue,AU,97,216,255
1113,dark magenta,US,171,0,180
782,light blue,NZ,136,248,241
942,orange,US,235,159,65
757,turquoise,GB,97,191,180
1051,purple,US,189,80,170
1084,lilac,US,194,115,233
745,beige,US,221,163,119
587,green,US,219,234,203
1030,green,US,55,230,134
843,green,GB,50,168,123
1086,magenta,US,226,100,203
795,purple,US,77,28,82
979,teal,US,53,255,212
1107,pink,US,252,124,255
548,green,US,16,31,26
703,blue,US,42,73,115
791,navy,GB,37,43,100
605,green,US,0,56,59
924,blue,GB,29,128,191
774,light yellow,US,229,236,141
1133,red,NZ,0,0,0
593,cream,US,241,225,228
554,brown,US,91,66,63
618,ochre,GB,116,94,51
834,orange,US,183,143,44
678,navy blue,GB,0,28,66
542,eggshell,US,229,229,229
705,purple,US,84,62,109
996,purple,GB,120,76,164
741,peach,US,223,158,159
724,green,US,59,137,104
1138,magenta,GB,0,0,0
1116,hot pink,GB,244,76,218
614,brown,US,130,85,88
873,chartreuse,NZ,187,213,100
737,violet,NZ,147,110,149
783,pink,GB,255,216,255
1090,green,GB,49,233,55
1003,coral,US,234,107,132
802,maroon,US,157,69,70
852,blue,US,47,160,198
631,mauve,GB,114,88,116
711,salmon,US,170,104,108
794,purple,AU,72,31,86
1029,lime,US,110,227,99
820,light purple,US,128,79,132
603,green,GB,13,56,44
567,green,GB,114,126,106
727,green,US,35,136,130
581,grey,AU,172,174,186
1099,blue,US,128,98,235
1016,lilac,GB,148,137,228
591,blue grey,US,226,229,239
550,black,GB,12,30,40
884,turquoise,US,70,220,237
718,,US,143,121,43
933,hot pink,US,187,90,132
1025,yellow,US,250,194,14
865,pale orange,GB,255,185,122
997,purple,GB,131,71,156
1066,red,US,199,0,45
796,purple,US,82,25,78
1131,purple,US,199,9,250
585,cream,US,246,226,205
885,blue,US,81,218,249
878,cyan,GB,100,223,180
995,violet,US,101,82,172
1026,yellow,GB,236,200,0
1023,coral,US,230,108,145
1120,periwinkle,US,134,86,255
642,army green,US,114,159,127
640,pea green,US,147,153,99
1061,yellow green,US,161,254,46
880,teal,US,86,223,197
541,white,AU,202,202,201
875,light green,US,146,220,136
661,light green,GB,183,211,159
748,yellow,AU,196,174,94
1027,lime green,US,179,217,3
937,pink,US,255,143,137
793,blue,AU,66,34,91
858,lilac,US,160,138,197
592,white,US,235,226,234
678,navy,US,0,28,66
898,purple,US,55,0,69
796,maroon,GB,82,25,78
648,gray blue,US,127,151,174
775,yellow,US,219,238,145
602,dark green,US,21,56,38
922,green,AU,74,138,11
810,green,AU,57,109,20
891,pink,US,238,184,237
1115,pink,US,230,86,236
657,beige,US,232,195,159
1073,maroon,GB,167,36,151
671,grey,GB,218,194,217
1052,pink,US,199,74,156
1030,bright green,US,55,230,134
854,blue,NZ,94,154,203
999,magenta,US,152,60,138
633,aubergine,NZ,127,85,96
611,purple,US,64,40,67
644,green,US,100,160,147
634,mauve,US,181,138,139
535,black,GB,49,49,49
1032,pink,US,255,172,255
1069,purple,US,106,73,193
1038,purple,US,124,16,133
1081,orange,GB,255,97,20
675,maroon,US,63,1,27
906,purple,US,78,58,135
565,brown,GB,138,119,104
769,pink,US,217,159,178
708,plum,US,107,54,88
955,aqua,US,0,199,162
1132,purple,US,127,0,255
948,lime,US,171,184,14
686,maroon,US,117,51,60
585,beige,US,246,226,205
1054,pink,US,213,65,122
760,sky blue,US,104,187,207
1025,yellow,US,250,194,14
962,lilac,US,189,161,237
934,pink,GB,191,88,121
961,periwinkle,GB,172,166,245
758,teal,US,95,190,187
883,light teal,US,67,222,227
791,dark blue,US,37,43,100
725,dark green,US,53,137,110
920,orange,US,183,102,25
710,maroon,US,114,51,74
1038,purple,US,124,16,133
887,blue,US,117,213,255
704,dusty blue,US,62,68,115
763,periwinkle,US,149,177,216
753,green,US,122,190,143
749,mustard,US,189,177,93
896,violet,US,40,7,78
1108,blue,US,47,0,160
981,blue,GB,0,255,235
979,cyan,AU,53,255,212
813,blue,GB,0,104,149
652,mauve,US,172,139,156
787,dark red,US,98,16,28
930,magenta,US,162,100,165
781,green,US,139,248,231
955,turquoise,US,0,199,162
781,cyan,US,139,248,231
731,blue,US,59,131,159
1060,bubblegum,US,255,131,206
865,yellow,US,255,185,122
919,orange,US,191,96,42
1136,yellow,US,0,0,0
550,dark blue,US,12,30,40
984,purple,US,75,18,108
822,purple,US,142,73,117
823,pink,US,148,70,106
865,peach,GB,255,185,122
558,forest green,GB,57,76,69
883,teal,US,67,222,227
730,blue,AU,45,133,155
1013,blue,GB,0,156,234
871,orange,GB,212,206,86
844,green,GB,36,168,131
566,gray,US,128,123,98
954,zelena,US,0,199,152
951,green,US,104,196,96
587,white,US,219,234,203
597,brown,GB,71,42,17
579,slate,US,151,181,179
734,dusky blue,GB,111,120,164
898,purple,GB,55,0,69
1134,neon green,GB,0,0,0
723,dark green,US,69,136,95
944,mustard,US,217,168,35
795,purple,AU,77,28,82
626,green,AU,48,105,116
984,purple,US,75,18,108
750,green,GB,173,181,97
645,teal,US,98,159,158
788,red brown,US,98,18,18
1072,purple,US,157,45,164
582,periwinkle,US,182,172,182
702,blue,GB,24,75,114
1126,purple,US,119,43,234
1091,blue,US,51,48,186
626,ocean blue,US,48,105,116
1123,dark pink,GB,207,33,215
1020,salmon pink,US,208,117,189
846,teal,GB,0,168,147
1042,red,US,220,65,74
946,yellow,GB,195,177,1
638,brown,GB,169,146,100
1037,purple,US,114,29,140
900,maroon,US,140,22,55
1017,blue,US,168,131,220
909,purple,US,111,43,117
753,mint green,US,122,190,143
741,pink,US,223,158,159
1011,green,US,90,168,0
1024,gold,GB,255,189,41
913,magenta,US,135,26,77
1089,pink,US,255,83,147
1100,purple,US,157,88,222
984,purple,US,75,18,108
807,red,AU,140,84,14
707,plum,US,97,57,100
827,salmon pink,GB,211,124,120
690,brown,US,109,59,24
603,green,US,13,56,44
752,lime green,GB,149,187,116
1020,pink,US,208,117,189
846,turquoise,US,0,168,147
602,green,US,21,56,38
887,blue,US,117,213,255
909,purple,AU,111,43,117
1001,pink,US,168,50,111
699,teal,GB,0,84,57
866,orange,US,255,188,113
682,eggplant,US,48,12,53
1057,white,GB,214,148,253
620,army green,US,95,101,51
888,lilac,US,199,194,255
706,purple,US,91,60,104
764,periwinkle,US,163,173,216
1025,yellow,US,250,194,14
1025,yellow,US,250,194,14
764,light purple,US,163,173,216
628,blue,US,74,99,124
915,salmon,US,196,87,99
714,light brown,AU,169,107,78
824,pink,GB,152,69,97
578,mint,US,153,181,169
830,peach,GB,209,129,87
676,burgundy,GB,64,1,21
1097,red,GB,239,31,29
727,teal,GB,35,136,130
911,purple,GB,125,33,99
988,cerise,GB,176,45,86
639,tan,US,159,150,96
868,yellow,GB,239,197,97
832,orange,GB,199,135,65
886,sky blue,US,97,216,255
752,green,US,149,187,116
994,blue,US,72,90,177
597,brown,US,71,42,17
824,mauve,NZ,152,69,97
816,blue,AU,82,93,151
674,maroon,US,62,2,32
649,grey,GB,142,147,175
936,peach,US,253,143,148
1016,blue,US,148,137,228
933,pink,US,187,90,132
550,black,GB,12,30,40
691,brown,GB,105,62,17
782,cyan,US,136,248,241
1028,lime green,US,146,223,64
837,olive,US,157,153,30
543,,GB,255,255,255
945,mustard,AU,205,173,17
685,black,NZ,58,5,41
793,dark purple,NZ,66,34,91
1111,purple,US,139,44,204
928,purple,US,139,108,181
580,baby blue,GB,159,178,185
869,yellow,US,228,201,89
547,brown,GB,22,31,20
614,brown,US,130,85,88
1086,magenta,US,226,100,203
634,pink,US,181,138,139
1066,red,US,199,0,45
841,green,GB,93,165,88
586,beige,AU,235,230,196
1047,purple,US,125,106,212
943,gold,US,226,164,51
935,rose,US,251,143,159
1094,pink,US,239,2,105
1136,neon yellow,US,0,0,0
623,sea foam green,US,56,106,89
703,blue,US,42,73,115
867,orange,GB,248,193,104
533,black,US,0,0,0
1107,pink,US,252,124,255
546,black,AU,33,28,8
740,pink,GB,166,105,121
929,lilac,US,150,104,174
1033,blue,GB,31,0,101
593,light pink,US,241,225,228
651,lilac,US,165,141,165
1038,purple,US,124,16,133
820,purple,GB,128,79,132
782,aqua,NZ,136,248,241
803,crimson,US,157,70,61
826,salmon,US,210,124,128
1115,magenta,GB,230,86,236
1029,green,US,110,227,99
928,light purple,GB,139,108,181
760,pale blue,GB,104,187,207
1133,,GB,0,0,0
851,sky blue,AU,0,163,193
729,dark teal,GB,33,134,150
1070,purple,US,129,63,183
1009,orange,US,221,124,21
637,tan,US,178,142,109
1029,green,US,110,227,99
967,pink,US,243,145,181
834,yellow,US,183,143,44
565,tan,US,138,119,104
536,gray,US,72,72,72
663,teal,GB,157,214,189
771,pale orange,US,255,226,146
981,,GB,0,255,235
1034,,AU,49,58,163
744,peach,US,225,160,128
784,purple,AU,95,16,53
729,blue,US,33,134,150
715,brown,US,166,110,70
782,teal,US,136,248,241
1010,yellow orange,US,211,130,0
1010,orange,GB,211,130,0
919,orange,AU,191,96,42
833,mustard,US,191,139,54
1045,blue,US,0,125,220
743,peach,US,226,158,146
1000,magenta,US,161,55,126
956,cyan,US,0,190,240
766,lavender,US,190,166,207
1003,pink,US,234,107,132
676,maroon,GB,64,1,21
760,light blue,US,104,187,207
1102,purple,US,192,68,198
1096,red,US,243,7,60
799,magenta,US,93,18,59
895,dark blue,GB,24,14,84
907,violet,AU,93,52,129
558,forest green,GB,57,76,69
537,gray,US,97,97,97
1021,pink,AU,217,113,175
859,mauve,US,170,135,191
1114,purple,GB,207,100,254
961,lavender,US,172,166,245
1045,blue,NZ,0,125,220
945,mustard,AU,205,173,17
543,white,GB,255,255,255
1124,hot pink,US,222,0,197
606,blue,US,0,55,66
1067,red,US,197,0,22
1083,lilac,AU,178,120,244
847,blue,US,0,168,158
612,grape,US,70,39,60
573,mauve,GB,137,118,122
972,yellow,US,227,239,79
533,black,GB,0,0,0
1056,neon green,GB,52,202,56
569,grey,US,101,128,127
647,denim,US,114,155,172
896,purple,AU,40,7,78
560,grey,US,55,75,85
668,blue,US,179,205,228
753,teal,US,122,190,143
656,tan,US,238,192,169
644,seafoam green,US,100,160,147
642,green,US,114,159,127
1041,coral,GB,219,64,92
655,pale green,GB,238,191,181
599,brown,US,57,49,2
1103,pink,US,205,57,183
607,teal,US,5,53,72
548,black,US,16,31,26
714,brown,US,169,107,78
986,purple,US,90,0,97
1062,neon green,US,112,255,99
716,brown,US,162,112,62
661,lime,US,183,211,159
1113,purple,US,171,0,180
740,pink,US,166,105,121
852,sky,GB,47,160,198
1075,magenta,US,187,0,118
940,orange,US,249,150,94
811,emerald green,GB,34,111,41
641,green,GB,131,157,111
1022,pink,US,226,110,158
657,tan,US,232,195,159
649,lilac,US,142,147,175
786,maroon,GB,98,13,37
1073,magenta,GB,167,36,151
671,turqouise,GB,218,194,217
680,deep purple,US,41,16,58
1103,hot pink,GB,205,57,183
1013,blue,US,0,156,234
682,purple,US,48,12,53
827,salmon,US,211,124,120
798,,US,90,19,65
577,green,US,165,180,154
785,red,GB,97,14,46
809,army green,US,79,106,0
570,gray,US,106,125,134
1020,magenta,GB,208,117,189
684,plum,US,56,7,45
603,emerald,US,13,56,44
608,indigo,GB,25,51,75
719,mustard,US,136,123,41
542,white,US,229,229,229
810,green,GB,57,109,20
746,orange,US,217,165,112
1024,hayli,AU,255,189,41
1101,purple,GB,174,79,212
836,olive,US,166,150,30
807,brown,US,140,84,14
734,purple,GB,111,120,164
994,blue,US,72,90,177
1046,blue,GB,90,115,218
797,fuchsia,US,87,22,71
749,cream,US,189,177,93
611,purple,AU,64,40,67
1003,pink,GB,234,107,132
810,green,US,57,109,20
989,red,US,178,45,74
717,olive,AU,150,118,48
752,green,US,149,187,116
692,brown,US,95,67,0
536,grey,GB,72,72,72
725,green,US,53,137,110
1026,yellow,IR,236,200,0
634,mauve,US,181,138,139
762,blue,US,138,179,215
727,blue green,US,35,136,130
654,peach,US,235,191,191
920,orange,US,183,102,25
892,pink,US,246,182,228
1131,bright purple,US,199,9,250
1134,green,GB,0,0,0
1066,red,US,199,0,45
1100,lavender,US,157,88,222
621,green,US,79,104,64
812,green,US,0,113,63
1025,yellow,GB,250,194,14
708,burgundy,US,107,54,88
549,black,US,10,31,33
893,light pink,US,254,180,218
814,blue,US,29,101,151
737,lavender,US,147,110,149
906,indigo,AU,78,58,135
871,yellow,AU,212,206,86
646,,GB,103,157,166
970,yellow,US,250,232,76
650,grey,US,154,144,172
722,green,US,96,133,69
852,cyan,US,47,160,198
1088,pink,GB,248,87,163
704,blue,US,62,68,115
926,purple,AU,102,118,190
659,beige,AU,212,203,145
953,green,GB,28,199,142
810,green,US,57,109,20
859,lavender,US,170,135,191
1010,orange,US,211,130,0
1029,green,US,110,227,99
536,dark grey,GB,72,72,72
744,peach,NZ,225,160,128
1034,royal blue,GB,49,58,163
686,rust,GB,117,51,60
741,pink,US,223,158,159
932,rose,GB,179,93,146
926,purple,US,102,118,190
1024,gold,US,255,189,41
710,purple,US,114,51,74
628,gray,US,74,99,124
761,light blue,US,114,185,211
654,pink,US,235,191,191
760,turquoise,US,104,187,207
905,blue,US,54,65,139
697,dark olive green,GB,45,81,26
856,lilac,AU,133,146,203
1137,bright blue,US,0,0,0
694,brown,GB,83,72,0
1061,lime green,GB,161,254,46
893,pink,US,254,180,218
623,green,GB,56,106,89
1002,magenta,US,173,47,99
981,turquoise,US,0,255,235
965,lavender,US,227,149,208
791,navy blue,US,37,43,100
924,blue,AU,29,128,191
743,peach,GB,226,158,146
1027,lime green,GB,179,217,3
710,wine,US,114,51,74
586,beige,GB,235,230,196
1012,green,GB,47,171,52
934,magenta,US,191,88,121
550,blue,US,12,30,40
610,purple,GB,57,43,72
579,grey green,US,151,181,179
1054,hot pink,GB,213,65,122
784,burgundy,US,95,16,53
598,brown,AU,65,46,7
875,lime,US,146,220,136
1066,red,US,199,0,45
912,rosa,GB,131,29,88
913,rose,GB,135,26,77
552,black,GB,37,23,40
583,light grey,US,188,171,174
902,red,US,139,29,30
597,brown,US,71,42,17
868,yellow,GB,239,197,97
765,blue,US,182,168,211
623,green,GB,56,106,89
554,brown,GB,91,66,63
569,cyan,GB,101,128,127
1022,pink,NZ,226,110,158
728,turquoise,AU,28,136,136
534,black,GB,28,28,28
658,yellow,GB,223,199,149
1088,bright pink,AU,248,87,163
583,beige,GB,188,171,174
636,light brown,AU,182,139,119
813,cyan,US,0,104,149
845,green,US,15,168,139
616,brown,GB,130,86,69
673,burgundy,AU,231,192,199
578,sage,US,153,181,169
1097,red,US,239,31,29
720,moss green,US,120,128,48
1070,purple,GB,129,63,183
1069,lavender,US,106,73,193
895,navy,US,24,14,84
632,mauve,GB,121,86,107
867,orange,AU,248,193,104
980,turqoise,US,23,255,222
1083,lilac,US,178,120,244
1111,magenta,US,139,44,204
885,sky blue,GB,81,218,249
964,lilac,US,218,153,218
870,yellow,AU,219,204,86
1042,red,US,220,65,74
584,white,US,244,225,221
761,blue,GB,114,185,211
1117,magenta,US,255,63,196
936,salmon,US,253,143,148
815,blue,US,55,98,152
965,pink,US,227,149,208
830,orange,GB,209,129,87
536,grey,US,72,72,72
1076,pink,US,193,0,102
654,pink,US,235,191,191
599,green,US,57,49,2
561,,GB,69,71,88
718,dark yellow,AU,143,121,43
1019,lavender,GB,197,121,200
1103,pink,US,205,57,183
855,light blue,US,112,150,204
1051,pink,GB,189,80,170
605,green,GB,0,56,59
812,green,US,0,113,63
808,orange,GB,133,87,0
623,forest green,GB,56,106,89
641,green,US,131,157,111
574,pink,US,192,170,166
670,pink,US,206,197,225
1121,purple,US,167,71,244
1033,navy,US,31,0,101
550,black,US,12,30,40
753,green,US,122,190,143
639,tan,US,159,150,96
654,pink,US,235,191,191
883,light blue,US,67,222,227
1114,purple,US,207,100,254
1110,purple,US,112,60,216
965,pink,GB,227,149,208
1085,pink,US,213,107,217
591,gray,US,226,229,239
722,olive,US,96,133,69
944,yellow,US,217,168,35
859,purple,GB,170,135,191
545,black,GB,42,24,12
589,hayli,AU,203,236,233
923,green,US,42,141,47
831,tangerine,GB,204,132,75
655,peach,GB,238,191,181
594,brown,GB,76,37,46
773,yellow,US,244,231,139
1036,purple,GB,103,38,147
780,turquoise,US,142,248,223
1002,magenta,US,173,47,99
1060,pink,GB,255,131,206
1122,pink,US,186,58,231
725,dark teal,US,53,137,110
896,navy,GB,40,7,78
1123,lila,US,207,33,215
1119,purple,GB,99,0,194
632,plum,US,121,86,107
1123,bright pink,GB,207,33,215
1094,pink,US,239,2,105
785,burgundy,GB,97,14,46
1059,pink,US,247,136,222
1043,red,AU,219,68,53
675,magenta,US,63,1,27
927,purple,GB,124,112,186
997,purple,GB,131,71,156
893,pink,GB,254,180,218
1082,purple,GB,149,129,255
1006,orange,US,238,109,88
947,mustard,GB,186,180,0
673,baby pink,GB,231,192,199
765,lilac,GB,182,168,211
653,magenta,US,178,138,147
1022,pink,GB,226,110,158
551,black,GB,26,27,43
853,blue,GB,71,157,201
551,navy,US,26,27,43
1004,salmon,US,237,106,119
1114,purple,GB,207,100,254
843,green,US,50,168,123
560,dark blue,US,55,75,85
925,blue,US,67,124,192
789,burgundy,AU,96,23,0
951,green,US,104,196,96
743,orange,US,226,158,146
1043,red,GB,219,68,53
947,yellow,GB,186,180,0
759,turquoise,US,98,188,201
552,eggplant,US,37,23,40
576,brown,GB,181,176,147
562,deep purple,US,82,67,83
1025,yellow,GB,250,194,14
730,teal,US,45,133,155
660,khaki,GB,201,206,147
1001,hot pink,US,168,50,111
533,black,AU,0,0,0
707,purple,GB,97,57,100
996,purple,US,120,76,164
792,dark blue,US,55,38,96
586,eggshell,US,235,230,196
1020,pink,US,208,117,189
639,green,US,159,150,96
974,chartreuse,US,181,249,111
900,red,US,140,22,55
1012,green,GB,47,171,52
687,brown,GB,117,51,53
549,black,GB,10,31,33
770,pink,US,220,158,172
914,,GB,194,88,110
843,green,US,50,168,123
787,red,US,98,16,28
563,taupe,US,89,66,72
1129,fuchsia,GB,255,30,232
697,olive,US,45,81,26
862,rose,US,195,128,166
644,teal,US,100,160,147
910,mor,US,118,39,110
832,tangerine,AU,199,135,65
568,grey,US,104,128,118
1052,fuchsia,US,199,74,156
1092,royal purple,GB,91,32,175
939,salmon,US,253,146,108
916,red,AU,197,88,87
1089,fuscia,US,255,83,147
1009,orange,US,221,124,21
664,mint,US,152,214,198
971,yellow,GB,241,235,75
668,light blue,GB,179,205,228
759,sky blue,US,98,188,201
653,pink,US,178,138,147
591,grey,US,226,229,239
967,pink,GB,243,145,181
654,dusty rose,US,235,191,191
672,pink,GB,225,193,208
957,blue,US,54,187,244
1065,black,AU,197,0,85
682,eggplant,US,48,12,53
807,brown,US,140,84,14
546,brown,US,33,28,8
1029,light green,AU,110,227,99
932,pink,US,179,93,146
536,black,US,72,72,72
1122,purple,US,186,58,231
538,grey,US,122,122,122
1104,magenta,US,217,44,165
965,pink,US,227,149,208
604,green,US,3,56,51
839,bright green,GB,132,159,50
948,lime green,GB,171,184,14
930,purple,US,162,100,165
645,turquoise,US,98,159,158
877,mint,US,108,223,171
718,yellow,US,143,121,43
1062,neon green,US,112,255,99
608,blue,NZ,25,51,75
979,blue,US,53,255,212
562,purple,US,82,67,83
828,salmon,US,212,125,110
755,teal,US,108,191,160
724,jade,US,59,137,104
654,pale pink,GB,235,191,191
1105,violet,US,229,28,142
548,black,US,16,31,26
939,orange,AU,253,146,108
756,blue,US,100,191,172
655,peach,AU,238,191,181
1094,red,US,239,2,105
670,grey,NZ,206,197,225
540,black,GB,175,175,175
577,sage,US,165,180,154
826,salmon pink,GB,210,124,128
787,red,AU,98,16,28
1041,,GB,219,64,92
845,seafoam green,US,15,168,139
744,pink,AU,225,160,128
745,peach,GB,221,163,119
1135,blue,US,0,0,0
1129,magenta,US,255,30,232
689,brown,US,114,56,32
613,maroon,AU,74,37,54
590,sky,GB,213,232,239
1115,fuschia,AU,230,86,236
641,green,US,131,157,111
1057,purple,GB,214,148,253
1011,green,GB,90,168,0
1108,purple,GB,47,0,160
816,blue,US,82,93,151
925,blue,US,67,124,192
913,eggplant,GB,135,26,77
987,purple,GB,95,0,91
1060,pink,US,255,131,206
766,lilac,GB,190,166,207
948,yellow,GB,171,184,14
725,green,GB,53,137,110
994,blue,US,72,90,177
808,brown,AU,133,87,0
846,turquoise,GB,0,168,147
635,peach,US,183,138,130
1002,red,GB,173,47,99
610,plum,US,57,43,72
1014,blue,NZ,72,152,235
739,pink,AU,163,105,127
787,sienna,AU,98,16,28
990,red,GB,178,47,57
822,purple,US,142,73,117
1070,purple,GB,129,63,183
556,green,US,77,72,52
701,blue,US,0,79,110
1065,magenta,AU,197,0,85
695,olive,US,68,77,0
609,grey,GB,44,47,76
912,magenta,US,131,29,88
724,bluegreen,US,59,137,104
888,purple,US,199,194,255
835,dark yellow,US,174,147,35
907,purple,US,93,52,129
862,mauve,US,195,128,166
572,beige,AU,130,119,131
935,baby pink,GB,251,143,159
844,teal,AU,36,168,131
909,purple,GB,111,43,117
938,orange,GB,255,144,124
953,green,US,28,199,142
890,light purple,US,222,188,249
693,zelena,US,89,70,0
961,lilac,AU,172,166,245
1056,lime,AU,52,202,56
609,,GB,44,47,76
1017,pastel purple,US,168,131,220
907,purple,US,93,52,129
710,maroon,US,114,51,74
962,lavender,US,189,161,237
751,green,US,164,184,104
953,green,GB,28,199,142
858,lavender,US,160,138,197
1076,fuschia,GB,193,0,102
651,lavender,US,165,141,165
1027,,GB,179,217,3
631,lavender,GB,114,88,116
1132,purple,GB,127,0,255
990,red,US,178,47,57
890,lila,US,222,188,249
600,khaki,GB,47,52,12
927,indigo,US,124,112,186
686,maroon,US,117,51,60
903,red,US,137,33,16
1063,blue,US,41,22,141
683,aubergine,GB,53,9,48
751,sage,US,164,184,104
738,pink,GB,158,107,136
835,khaki,NZ,174,147,35
914,pink,US,194,88,110
983,grape,US,61,27,115
1117,pink,US,255,63,196
706,royal purple,US,91,60,104
603,green,AU,13,56,44
696,dark green,GB,59,79,11
667,pale blue,US,163,209,225
564,brown,GB,140,117,114
816,blue,US,82,93,151
955,teal,GB,0,199,162
628,navy blue,US,74,99,124
979,cyan,NZ,53,255,212
965,candy pink,US,227,149,208
785,maroon,US,97,14,46
757,moss,GB,97,191,180
906,indigo,AU,78,58,135
854,blue,US,94,154,203
1018,purple,US,181,126,212
1006,coral,US,238,109,88
702,cerulean,US,24,75,114
1065,hot pink,US,197,0,85
727,teal,US,35,136,130
1133,red,GB,0,0,0
966,pink,US,236,147,196
997,purple,GB,131,71,156
1017,light purple,US,168,131,220
755,jade,GB,108,191,160
954,green,US,0,199,152
753,leaf green,US,122,190,143
935,salmon,AU,251,143,159
740,mauve,US,166,105,121
1038,purple,US,124,16,133
915,pink,US,196,87,99
961,lavender,US,172,166,245
831,orange,GB,204,132,75
956,blue,US,0,190,240
654,blush,US,235,191,191
916,orange,US,197,88,87
1057,pink,GB,214,148,253
1086,pink,GB,226,100,203
770,light pink,US,220,158,172
1131,fuchsia,US,199,9,250
875,green,US,146,220,136
818,purple,US,111,85,143
1016,mauve,GB,148,137,228
718,mustard,US,143,121,43
1048,periwinkle,US,148,99,202
684,purple,GB,56,7,45
783,pink,GB,255,216,255
822,pink,GB,142,73,117
732,blue,GB,85,126,163
770,peach,US,220,158,172
542,white,US,229,229,229
917,burnt orange,US,197,89,74
734,blue,US,111,120,164
773,gold,US,244,231,139
777,mint green,GB,167,247,188
711,salmon,US,170,104,108
1016,lavender,GB,148,137,228
975,green,US,152,253,137
572,purple,AU,130,119,131
597,brown,US,71,42,17
1134,neon green,US,0,0,0
641,green,US,131,157,111
945,yellow,AU,205,173,17
647,blue gray,US,114,155,172
815,blue,US,55,98,152
728,teal,US,28,136,136
568,pale green,US,104,128,118
805,brown,GB,151,76,38
1022,pink,US,226,110,158
1008,orange,US,229,118,46
993,blue,US,0,98,178
1016,periwinkle,US,148,137,228
710,maroon,US,114,51,74
903,dark red,US,137,33,16
647,dusty blue,US,114,155,172
714,brown,NZ,169,107,78
721,dark green,GB,110,131,56
1047,purple,GB,125,106,212
928,lavendar,US,139,108,181
719,green,US,136,123,41
703,blue,US,42,73,115
767,lilac,US,200,163,200
610,plum,US,57,43,72
1138,bright pink,US,0,0,0
701,blue,US,0,79,110
1055,orange,US,255,147,0
652,lavender,US,172,139,156
1021,pink,NZ,217,113,175
966,bubblegum pink,US,236,147,196
960,periwinkle,US,151,171,249
1078,red,US,255,81,111
1035,purple,AU,83,48,156
642,green,US,114,159,127
999,magenta,US,152,60,138
877,seafoam green,US,108,223,171
1040,pink,AU,217,64,107
953,turquoise,GB,28,199,142
949,green,US,155,188,39
543,white,US,255,255,255
840,lime,US,112,163,70
1114,purple,US,207,100,254
724,green,US,59,137,104
1058,bright pink,GB,234,140,237
674,aubergine,AU,62,2,32
889,lavender,AU,212,191,255
863,pink,US,202,126,154
884,light cyan,AU,70,220,237
1068,indigo,US,64,84,202
756,blue,US,100,191,172
626,cyan,US,48,105,116
686,maroon,GB,117,51,60
1064,violet,GB,68,3,133
887,blue,US,117,213,255
844,green,AU,36,168,131
1021,pink,US,217,113,175
937,coral,GB,255,143,137
1043,red,US,219,68,53
970,yellow,AU,250,232,76
890,pale pink,US,222,188,249
725,emerald,GB,53,137,110
747,orange,US,205,171,99
610,royal purple,GB,57,43,72
856,purple,US,133,146,203
1134,neon green,US,0,0,0
621,olive,US,79,104,64
699,forest green,US,0,84,57
621,green,US,79,104,64
689,maroon,US,114,56,32
1012,green,GB,47,171,52
758,teal,US,95,190,187
850,turquoise,US,0,165,185
1105,bubblegum pink,US,229,28,142
542,white,GB,229,229,229
1023,blush,GB,230,108,145
985,violet,US,83,9,103
956,light blue,US,0,190,240
732,blue,US,85,126,163
819,blue,AU,119,82,138
691,brown,US,105,62,17
618,khaki,GB,116,94,51
566,brown,US,128,123,98
742,salmon,US,225,158,153
754,green,US,113,191,153
686,red,GB,117,51,60
630,pale purple,US,104,91,122
827,pink,GB,211,124,120
876,green,US,124,222,155
663,aqua,US,157,214,189
1061,lime,US,161,254,46
594,brown,US,76,37,46
959,blue,US,120,178,249
917,brick,US,197,89,74
1063,dark blue,US,41,22,141
729,blue,AU,33,134,150
915,pink,AU,196,87,99
926,blue,US,102,118,190
914,pink,US,194,88,110
887,light blue,US,117,213,255
1128,magenta,US,246,53,254
551,navy blue,US,26,27,43
964,pink,US,218,153,218
840,green,US,112,163,70
1084,fuchsia,GB,194,115,233
877,pea green,US,108,223,171
1031,aqua,AU,0,231,160
817,purple,US,99,88,148
855,blue,US,112,150,204
696,olive,US,59,79,11
836,ochre,GB,166,150,30
1071,violet,GB,144,55,175
775,yellow,GB,219,238,145
651,lilac,US,165,141,165
1063,blue,US,41,22,141
766,lavender,GB,190,166,207
1022,lila,US,226,110,158
568,green,GB,104,128,118
663,blue,US,157,214,189
718,brown,GB,143,121,43
733,dusty blue,US,97,124,164
735,purple,US,131,115,159
1016,lavender,GB,148,137,228
556,forest green,US,77,72,52
971,yellow,US,241,235,75
972,yellow,US,227,239,79
870,yellow,US,219,204,86
726,green,GB,42,137,122
1087,hot pink,US,238,93,185
830,tan,US,209,129,87
799,maroon,GB,93,18,59
1116,hot pink,US,244,76,218
671,pink,US,218,194,217
603,forest green,AU,13,56,44
781,blue,GB,139,248,231
1037,purple,US,114,29,140
1016,pastel purple,US,148,137,228
569,bluegreen,US,101,128,127
850,sky blue,US,0,165,185
979,mint green,GB,53,255,212
648,blue,US,127,151,174
988,dark pink,GB,176,45,86
643,green,US,105,160,138
636,brown,GB,182,139,119
680,dark purple,US,41,16,58
690,brown,US,109,59,24
641,sage green,GB,131,157,111
813,dark blue,US,0,104,149
800,maroon,NZ,154,69,88
1096,red,US,243,7,60
624,teal,GB,49,106,97
697,forest green,US,45,81,26
685,deep purple,US,58,5,41
960,periwinkle,GB,151,171,249
811,green,US,34,111,41
886,baby blue,US,97,216,255
653,beige,GB,178,138,147
1022,pink,GB,226,110,158
1105,pink,US,229,28,142
782,blue,US,136,248,241
926,cobalt,US,102,118,190
1060,pink,US,255,131,206
761,sky blue,US,114,185,211
997,purple,GB,131,71,156
1002,cerise,GB,173,47,99
890,lilac,US,222,188,249
543,white,US,255,255,255
936,peach,GB,253,143,148
604,green,AU,3,56,51
1118,azure,US,55,32,206
851,blue,US,0,163,193
845,green,US,15,168,139
1092,purple,GB,91,32,175
1116,neon pink,GB,244,76,218
1006,peach,US,238,109,88
805,sienna,US,151,76,38
742,peach,US,225,158,153
1088,pink,US,248,87,163
948,green,US,171,184,14
817,purple,AU,99,88,148
568,teal,US,104,128,118
763,blue,AU,149,177,216
1057,light purple,US,214,148,253
881,teal,US,76,223,207
643,sage,US,105,160,138
1043,red,US,219,68,53
1111,purple,US,139,44,204
574,beige,US,192,170,166
773,light yellow,US,244,231,139
1036,purple,AU,103,38,147
692,brown,US,95,67,0
815,dark blue,GB,55,98,152
775,green,US,219,238,145
798,plum,GB,90,19,65
1060,pink,US,255,131,206
989,red,GB,178,45,74
931,purple,NZ,171,96,156
708,burgundy,US,107,54,88
1009,orange,US,221,124,21
634,pink,US,181,138,139
1088,pink,US,248,87,163
761,sky blue,US,114,185,211
752,green,US,149,187,116
546,olive green,AU,33,28,8
670,lilac,GB,206,197,225
936,salmon,US,253,143,148
1119,bright purple,US,99,0,194
623,jade,US,56,106,89
955,sea green,GB,0,199,162
857,lavender,US,148,142,200
760,blue,US,104,187,207
623,seafoam green,US,56,106,89
765,lilac,GB,182,168,211
945,orange,GB,205,173,17
704,blue,US,62,68,115
917,salmon,GB,197,89,74
721,olive green,GB,110,131,56
608,navy blue,US,25,51,75
742,blush,US,225,158,153
1021,pink,US,217,113,175
731,blue,US,59,131,159
673,purple,US,231,192,199
754,green,US,113,191,153
845,turquoise,NZ,15,168,139
983,royal purple,US,61,27,115
813,plava,US,0,104,149
795,purple,US,77,28,82
693,light brown,US,89,70,0
670,pale purple,US,206,197,225
607,blue,US,5,53,72
658,light yellow,US,223,199,149
804,burnt sienna,US,155,72,50
813,blue,US,0,104,149
843,green,US,50,168,123
940,peach,GB,249,150,94
745,peach,US,221,163,119
756,light green,GB,100,191,172
598,dark grey,GB,65,46,7
981,turquoise,US,0,255,235
870,yellow,GB,219,204,86
1031,green,GB,0,231,160
1015,blue,US,121,143,233
803,red,AU,157,70,61
1062,light green,GB,112,255,99
734,blue purple,US,111,120,164
886,sky blue,NZ,97,216,255
807,brown,GB,140,84,14
988,pink,GB,176,45,86
935,coral,US,251,143,159
1018,lilac,US,181,126,212
605,forest green,GB,0,56,59
1075,purple,US,187,0,118
923,green,US,42,141,47
632,mauve,US,121,86,107
568,,US,104,128,118
998,purple,US,142,66,148
639,green,US,159,150,96
602,dark brown,GB,21,56,38
1003,pink,US,234,107,132
917,rose,US,197,89,74
1021,rose,GB,217,113,175
564,mauve,US,140,117,114
908,purple,GB,103,48,123
1041,pink,US,219,64,92
718,olive,GB,143,121,43
565,brown,US,138,119,104
869,yellow,US,228,201,89
1015,blue,US,121,143,233
915,pink,GB,196,87,99
795,purple,US,77,28,82
839,olive,US,132,159,50
583,gray,US,188,171,174
744,peach,US,225,160,128
1131,purple,US,199,9,250
956,aqua,US,0,190,240
657,tan,US,232,195,159
911,purple,GB,125,33,99
696,olive,AU,59,79,11
1096,red,GB,243,7,60
801,rose,US,156,69,80
851,cyan,GB,0,163,193
559,gray,US,53,76,77
990,red,US,178,47,57
993,blue,US,0,98,178
1046,blue,US,90,115,218
666,blue,US,153,212,218
959,periwinkle,US,120,178,249
1123,magenta,US,207,33,215
624,teal,US,49,106,97
1071,purple,US,144,55,175
1005,coral,US,238,107,105
931,lavendar,US,171,96,156
942,orange,US,235,159,65
970,yellow,AU,250,232,76
887,cyan,US,117,213,255
628,slate,US,74,99,124
899,maroon,US,138,23,66
924,turquoise,GB,29,128,191
658,yellow,US,223,199,149
1029,green,US,110,227,99
1130,blue,US,61,0,225
585,nude,US,246,226,205
767,purple,US,200,163,200
1017,lilac,NZ,168,131,220
985,purple,NZ,83,9,103
665,cyan,US,151,213,209
851,aquamarine,US,0,163,193
911,purple,US,125,33,99
1105,cerise,US,229,28,142
1076,hot pink,AU,193,0,102
1100,purple,US,157,88,222
1003,pink,GB,234,107,132
1028,lime,US,146,223,64
1050,dark purple,US,177,86,182
1127,purple,US,149,3,220
725,green,AU,53,137,110
684,maroon,GB,56,7,45
819,purple,GB,119,82,138
854,blue,US,94,154,203
1040,cerise,GB,217,64,107
1075,magenta,US,187,0,118
713,salmon,US,171,105,95
783,light pink,US,255,216,255
689,brown,AU,114,56,32
912,purple,GB,131,29,88
940,salmon,US,249,150,94
822,purple,US,142,73,117
987,indigo,US,95,0,91
698,emerald,AU,7,83,50
789,,US,96,23,0
938,peach,GB,255,144,124
928,purple,US,139,108,181
659,eggshell,US,212,203,145
803,burnt sienna,US,157,70,61
545,brown,US,42,24,12
648,blue,US,127,151,174
601,dark green,US,34,54,26
981,light blue,US,0,255,235
969,light yellow,GB,255,228,80
555,brown,US,87,68,55
912,magenta,GB,131,29,88
549,dark teal,US,10,31,33
803,brick red,US,157,70,61
1098,blue,US,77,109,247
758,cyan,GB,95,190,187
587,cream,US,219,234,203
630,purple,US,104,91,122
793,purple,GB,66,34,91
801,red,US,156,69,80
603,green,GB,13,56,44
660,yellow,GB,201,206,147
669,grey,US,193,201,228
812,green,US,0,113,63
1049,purple,US,162,93,193
552,black,GB,37,23,40
832,orange,GB,199,135,65
893,rose,US,254,180,218
1008,orange,US,229,118,46
545,black,NZ,42,24,12
853,bright blue,US,71,157,201
540,slate,GB,175,175,175
650,periwinkle,US,154,144,172
737,purple,GB,147,110,149
970,,GB,250,232,76
847,teal,US,0,168,158
627,teal,GB,59,102,121
1059,pink,US,247,136,222
981,cyan,US,0,255,235
726,emerald,US,42,137,122
613,brown,GB,74,37,54
569,gray,US,101,128,127
1076,pink,GB,193,0,102
763,blue,GB,149,177,216
907,purple,US,93,52,129
561,gray,US,69,71,88
853,light blue,GB,71,157,201
861,pink,US,189,130,175
787,wine,US,98,16,28
988,fuchsia,GB,176,45,86
1008,orange,US,229,118,46
636,tan,AU,182,139,119
704,cobalt,US,62,68,115
1051,fuchsia,GB,189,80,170
883,teal,US,67,222,227
1023,pink,US,230,108,145
1087,pink,GB,238,93,185
1128,hot pink,US,246,53,254
1087,pink,US,238,93,185
794,aubergine,AU,72,31,86
787,maroon,US,98,16,28
683,purple,US,53,9,48
596,brown,US,77,38,28
584,off white,US,244,225,221
566,gray,US,128,123,98
1000,dark pink,GB,161,55,126
713,brick,US,171,105,95
962,light purple,US,189,161,237
877,turquoise,GB,108,223,171
697,green,US,45,81,26
898,purple,US,55,0,69
804,brown,US,155,72,50
1021,pink,US,217,113,175
908,purple,GB,103,48,123
996,purple,US,120,76,164
1135,electric blue,US,0,0,0
824,magenta,US,152,69,97
944,gold,NZ,217,168,35
646,dusty blue,US,103,157,166
755,light green,US,108,191,160
749,mustard yellow,US,189,177,93
760,,GB,104,187,207
1002,magenta,US,173,47,99
554,dark brown,US,91,66,63
771,light yellow,US,255,226,146
768,rose,US,212,160,187
735,purple,US,131,115,159
983,purple,US,61,27,115
618,brown,GB,116,94,51
616,brown,US,130,86,69
547,black,US,22,31,20
727,teal,US,35,136,130
638,beige,GB,169,146,100
988,red,US,176,45,86
648,dusty blue,GB,127,151,174
627,turquoise,US,59,102,121
927,purple,GB,124,112,186
985,purple,US,83,9,103
553,black,US,43,22,33
547,black,GB,22,31,20
849,blue,AU,0,166,177
1090,green,US,49,233,55
598,brown,US,65,46,7
1110,indigo,NZ,112,60,216
826,red,US,210,124,128
859,purple,US,170,135,191
699,green,US,0,84,57
983,blue,US,61,27,115
768,pink,US,212,160,187
1071,magenta,US,144,55,175
754,green,US,113,191,153
606,navy,US,0,55,66
970,yellow,GB,250,232,76
1131,purple,US,199,9,250
601,dark green,US,34,54,26
1086,pink,US,226,100,203
993,dark blue,AU,0,98,178
738,pale pink,GB,158,107,136
1049,purple,US,162,93,193
790,navy blue,US,0,49,103
765,lilac,US,182,168,211
645,green,GB,98,159,158
663,green,US,157,214,189
732,grey,AU,85,126,163
722,olive green,US,96,133,69
760,sky blue,US,104,187,207
1123,magenta,US,207,33,215
1083,purple,US,178,120,244
868,sand,GB,239,197,97
570,grey,GB,106,125,134
763,baby blue,AU,149,177,216
578,blue,GB,153,181,169
598,brown,US,65,46,7
923,green,US,42,141,47
932,dark pink,US,179,93,146
902,red,NZ,139,29,30
768,baby pink,US,212,160,187
1136,yellow,US,0,0,0
880,teal,US,86,223,197
989,red,US,178,45,74
774,pastel yellow,US,229,236,141
781,light cyan,US,139,248,231
564,grey,US,140,117,114
858,purple,US,160,138,197
682,purple,US,48,12,53
1127,purple,US,149,3,220
583,dusty rose,US,188,171,174
769,,GB,217,159,178
1098,royal blue,US,77,109,247
1109,blue,US,60,75,229
743,orange,US,226,158,146
708,purple,US,107,54,88
949,lime green,US,155,188,39
1033,indigo,US,31,0,101
798,dark purple,US,90,19,65
912,plum,US,131,29,88
632,mauve,US,121,86,107
764,lilac,US,163,173,216
1111,purple,NZ,139,44,204
1038,purple,GB,124,16,133
690,brown,US,109,59,24
986,purple,US,90,0,97
863,blush,US,202,126,154
577,sage,US,165,180,154
1124,bright pink,US,222,0,197
1110,purple,US,112,60,216
1132,purple,GB,127,0,255
627,teal,NZ,59,102,121
690,brown,US,109,59,24
1045,blue,US,0,125,220
1054,pink,US,213,65,122
681,purple,US,46,14,55
1023,grey,AU,230,108,145
624,sea foam,US,49,106,97
770,pink,US,220,158,172
574,grey,US,192,170,166
1078,salmon,US,255,81,111
560,blue,GB,55,75,85
790,dark blue,GB,0,49,103
1031,turquoise,US,0,231,160
995,royal blue,US,101,82,172
971,yellow,US,241,235,75
567,green,US,114,126,106
936,salmon,GB,253,143,148
598,brown,US,65,46,7
896,dark blue,GB,40,7,78
731,blue,US,59,131,159
870,yellow,US,219,204,86
588,seafoam,US,204,237,221
1006,peach,GB,238,109,88
1040,fuscia,US,217,64,107
757,cyan,GB,97,191,180
1021,pink,US,217,113,175
813,dark blue,US,0,104,149
813,blue,US,0,104,149
857,light purple,US,148,142,200
741,salmon,US,223,158,159
1112,purple,US,155,27,193
870,yellow,US,219,204,86
1129,pink,US,255,30,232
739,pink,US,163,105,127
1093,violet,US,112,7,165
869,yellow,US,228,201,89
717,gold,US,150,118,48
708,deep purple,GB,107,54,88
725,green,GB,53,137,110
1031,seafoam,US,0,231,160
1020,pink,IR,208,117,189
1049,purple,US,162,93,193
1135,blue,US,0,0,0
947,dark yellow,US,186,180,0
738,blush,GB,158,107,136
1035,violet,US,83,48,156
932,pink,GB,179,93,146
772,pale yellow,US,250,229,141
638,yellow,NZ,169,146,100
533,black,US,0,0,0
715,brown,GB,166,110,70
777,teal,GB,167,247,188
578,light green,US,153,181,169
768,pink,US,212,160,187
1112,purple,US,155,27,193
954,blue green,US,0,199,152
1021,pink,AU,217,113,175
757,turquoise,US,97,191,180
831,orange,GB,204,132,75
559,dark green,US,53,76,77
934,pink,US,191,88,121
1080,,US,255,88,64
1049,purple,US,162,93,193
822,burgundy,US,142,73,117
1062,neon green,GB,112,255,99
980,mint,US,23,255,222
635,nude,GB,183,138,130
1126,purple,US,119,43,234
845,light green,GB,15,168,139
575,light brown,GB,191,172,154
770,baby pink,US,220,158,172
703,blue,NZ,42,73,115
890,pastel purple,GB,222,188,249
888,lilac,US,199,194,255
945,mustard,GB,205,173,17
683,plum,US,53,9,48
1046,royal blue,GB,90,115,218
704,dark blue,US,62,68,115
944,yellow,US,217,168,35
709,purple,US,111,52,81
639,green,US,159,150,96
656,baby pink,GB,238,192,169
600,green,GB,47,52,12
1115,magenta,AU,230,86,236
803,burnt orange,US,157,70,61
597,brown,US,71,42,17
639,olive,US,159,150,96
940,orange,GB,249,150,94
907,purple,IR,93,52,129
1034,blue,US,49,58,163
945,yellow green,US,205,173,17
596,brown,US,77,38,28
616,brown,US,130,86,69
592,pink,US,235,226,234
1081,orange,US,255,97,20
621,sage green,GB,79,104,64
708,purple,US,107,54,88
807,burnt sienna,GB,140,84,14
752,pale green,GB,149,187,116
1137,bright blue,US,0,0,0
872,lime green,US,200,210,92
639,olive green,US,159,150,96
745,tan,US,221,163,119
1082,purple,US,149,129,255
1014,baby blue,GB,72,152,235
587,yellow,GB,219,234,203
565,beige,AU,138,119,104
819,purple,US,119,82,138
820,purple,US,128,79,132
576,tan,US,181,176,147
1018,pink,US,181,126,212
1104,bright pink,US,217,44,165
730,blue green,US,45,133,155
1063,royal blue,AU,41,22,141
884,aqua,US,70,220,237
989,red,GB,178,45,74
852,blue,GB,47,160,198
999,light magenta,US,152,60,138
976,lime,GB,119,255,166
883,blue,US,67,222,227
1127,purple,US,149,3,220
798,purple,GB,90,19,65
1106,pink,US,234,17,124
980,turquoise,GB,23,255,222
1116,hot pink,US,244,76,218
571,grey,US,119,122,136
670,lavender,US,206,197,225
715,tan,US,166,110,70
760,turquoise,US,104,187,207
885,light blue,GB,81,218,249
898,purple,US,55,0,69
738,mauve,US,158,107,136
712,mauve,US,171,104,101
982,royal blue,GB,36,36,122
827,pink,GB,211,124,120
690,brown,GB,109,59,24
853,sky blue,US,71,157,201
707,purple,NZ,97,57,100
892,light pink,US,246,182,228
719,army green,US,136,123,41
561,midnight blue,US,69,71,88
665,blue,NZ,151,213,209
1018,purple,GB,181,126,212
910,mauve,US,118,39,110
614,mauve,US,130,85,88
587,grey,US,219,234,203
1075,magenta,US,187,0,118
710,mauve,US,114,51,74
650,lilac,US,154,144,172
833,yellow,AU,191,139,54
788,reddish brown,GB,98,18,18
934,magenta,US,191,88,121
1117,hot pink,US,255,63,196
913,magenta,AU,135,26,77
917,rust,US,197,89,74
773,light yellow,US,244,231,139
910,magenta,US,118,39,110
805,brown,US,151,76,38
1025,yellow,US,250,194,14
649,blue,GB,142,147,175
988,raspberry,US,176,45,86
1035,blue,GB,83,48,156
656,peach,US,238,192,169
1134,neon green,GB,0,0,0
939,orange,US,253,146,108
767,lavender,US,200,163,200
955,blue,US,0,199,162
691,brown,AU,105,62,17
902,rust,US,139,29,30
769,pink,US,217,159,178
1014,light blue,US,72,152,235
953,green,US,28,199,142
766,lilac,GB,190,166,207
1048,purple,US,148,99,202
918,orange,GB,196,92,57
1036,light purple,US,103,38,147
629,blue,US,91,95,125
1138,fuchsia,US,0,0,0
699,green,US,0,84,57
789,dark red,US,96,23,0
880,aqua,US,86,223,197
1100,purple,US,157,88,222
606,navy,US,0,55,66
747,yellow,GB,205,171,99
821,plum,GB,135,76,125
597,brown,US,71,42,17
832,orange,US,199,135,65
1014,azure,US,72,152,235
593,pink,GB,241,225,228
1068,blue,AU,64,84,202
767,lilac,US,200,163,200
1086,pink,US,226,100,203
617,brown,US,125,89,58
614,pink,US,130,85,88
1009,orange,US,221,124,21
1062,lime,GB,112,255,99
899,red,GB,138,23,66
612,eggplant,US,70,39,60
645,cyan,US,98,159,158
990,burgundy,US,178,47,57
775,light yellow,GB,219,238,145
690,brown,US,109,59,24
995,purple,US,101,82,172
778,white,AU,156,248,201
794,purple,US,72,31,86
669,ice blue,US,193,201,228
536,grey,US,72,72,72
1036,purple,US,103,38,147
931,purple,AU,171,96,156
627,turquoise,GB,59,102,121
906,purple,US,78,58,135
908,purple,US,103,48,123
822,purple,US,142,73,117
1011,lime green,US,90,168,0
541,gray,US,202,202,201
974,light green,US,181,249,111
579,sage,US,151,181,179
862,lilac,US,195,128,166
708,magenta,US,107,54,88
599,forest green,US,57,49,2
847,teal,US,0,168,158
1079,coral,US,255,84,91
924,blue,US,29,128,191
835,orange,US,174,147,35
841,moss green,US,93,165,88
698,green,GB,7,83,50
575,tan,US,191,172,154
927,lavender,US,124,112,186
855,blue,US,112,150,204
846,aquamarine,US,0,168,147
666,blue,US,153,212,218
592,white,GB,235,226,234
877,mint,US,108,223,171
1091,royal blue,US,51,48,186
682,purple,US,48,12,53
826,raspberry,US,210,124,128
717,yellow,US,150,118,48
826,peach,US,210,124,128
732,blue gray,US,85,126,163
864,rose,US,205,125,145
1043,orange,US,219,68,53
536,green,GB,72,72,72
585,white,US,246,226,205
1136,yellow,US,0,0,0
1136,yellow,US,0,0,0
688,brick red,US,117,52,47
926,blue,US,102,118,190
708,maroon,US,107,54,88
947,lime,US,186,180,0
837,gold,US,157,153,30
569,sea green,GB,101,128,127
995,purple,GB,101,82,172
987,purple,GB,95,0,91
967,candy pink,GB,243,145,181
744,apricot,US,225,160,128
1023,pink,GB,230,108,145
682,plum,US,48,12,53
553,black,GB,43,22,33
675,red,GB,63,1,27
969,yellow,US,255,228,80
919,orange,GB,191,96,42
866,orange,US,255,188,113
603,green,US,13,56,44
539,grey,US,148,149,148
785,maroon,US,97,14,46
613,eggplant,US,74,37,54
556,black,GB,77,72,52
791,blue,US,37,43,100
879,mint green,GB,93,223,189
972,yellow,GB,227,239,79
649,grey,GB,142,147,175
615,brown,US,131,85,79
751,light green,AU,164,184,104
685,maroon,US,58,5,41
563,brown,GB,89,66,72
1042,red,GB,220,65,74
735,pale purple,GB,131,115,159
710,maroon,US,114,51,74
661,green,GB,183,211,159
808,brown,US,133,87,0
986,eggplant,US,90,0,97
1091,dark blue,AU,51,48,186
1070,purple,GB,129,63,183
670,purple,US,206,197,225
741,peach,US,223,158,159
584,white,US,244,225,221
849,cyan,AU,0,166,177
961,pale purple,US,172,166,245
556,brown,US,77,72,52
1116,magenta,GB,244,76,218
963,lilac,US,201,158,230
889,lilac,US,212,191,255
771,light yellow,US,255,226,146
1046,cornflower,GB,90,115,218
899,berry,US,138,23,66
861,dusty rose,US,189,130,175
637,brown,US,178,142,109
1050,pink,US,177,86,182
737,dark purple,GB,147,110,149
911,,GB,125,33,99
544,maroon,US,45,21,25
577,green,US,165,180,154
631,purple,US,114,88,116
1130,blue,US,61,0,225
826,rose,US,210,124,128
584,white,GB,244,225,221
1004,pink,US,237,106,119
974,lime,US,181,249,111
622,forest green,US,64,106,80
701,cobalt,US,0,79,110
544,black,US,45,21,25
549,black,US,10,31,33
616,brown,AU,130,86,69
763,periwinkle,US,149,177,216
924,blue,US,29,128,191
1044,orange,US,214,76,18
681,violet,GB,46,14,55
1088,pink,US,248,87,163
1005,salmon,US,238,107,105
744,beige,GB,225,160,128
925,blue,US,67,124,192
603,green,US,13,56,44
773,yellow,US,244,231,139
913,magenta,GB,135,26,77
987,purple,AU,95,0,91
935,rose,US,251,143,159
1071,violet,GB,144,55,175
663,teal,US,157,214,189
826,pink,US,210,124,128
712,dusty rose,GB,171,104,101
984,purple,US,75,18,108
689,brown,US,114,56,32
1113,magenta,GB,171,0,180
566,khaki,US,128,123,98
747,yellow,GB,205,171,99
881,turquoise,GB,76,223,207
645,teal,US,98,159,158
728,teal,US,28,136,136
988,pink,US,176,45,86
874,green,GB,166,217,117
787,brick red,US,98,16,28
1119,deep purple,GB,99,0,194
609,midnight blue,US,44,47,76
1062,lime,GB,112,255,99
740,purple,US,166,105,121
1088,pink,US,248,87,163
924,blue,US,29,128,191
734,periwinkle,US,111,120,164
787,maroon,US,98,16,28
560,dark gray,US,55,75,85
559,dark green,AU,53,76,77
1058,pink,US,234,140,237
658,yellow,US,223,199,149
800,maroon,US,154,69,88
642,sage,US,114,159,127
598,brown,US,65,46,7
910,purple,US,118,39,110
821,purple,GB,135,76,125
1113,purple,US,171,0,180
857,periwinkle,US,148,142,200
790,black,US,0,49,103
751,green,GB,164,184,104
581,grey,US,172,174,186
662,mint,US,165,213,177
602,green,US,21,56,38
1048,purple,US,148,99,202
533,black,US,0,0,0
788,red,AU,98,18,18
978,sea green,GB,73,255,200
626,teal,US,48,105,116
689,brown,US,114,56,32
1018,purple,US,181,126,212
992,red,US,174,56,17
599,dark green,GB,57,49,2
984,purple,US,75,18,108
1107,bubblegum,US,252,124,255
881,turquoise,US,76,223,207
648,blue,GB,127,151,174
783,blue,US,255,216,255
883,,GB,67,222,227
1001,hot pink,US,168,50,111
652,mauve,US,172,139,156
569,teal,US,101,128,127
962,light purple,US,189,161,237
935,pink,GB,251,143,159
1127,purple,GB,149,3,220
729,blue,GB,33,134,150
1092,purple,US,91,32,175
913,wine,NZ,135,26,77
536,gray,US,72,72,72
783,pink,GB,255,216,255
756,emerald green,GB,100,191,172
1134,green,US,0,0,0
1075,purple,NZ,187,0,118
914,pink,US,194,88,110
1062,green,GB,112,255,99
788,red,GB,98,18,18
598,brown,GB,65,46,7
864,salmon,GB,205,125,145
969,yellow,GB,255,228,80
1050,purple,GB,177,86,182
864,pink,US,205,125,145
1001,magenta,US,168,50,111
1044,orange,GB,214,76,18
796,eggplant,US,82,25,78
1066,red,GB,199,0,45
714,peach,US,169,107,78
687,,US,117,51,53
946,gold,US,195,177,1
811,green,US,34,111,41
1017,lavender,US,168,131,220
935,pink,US,251,143,159
1047,periwinkle,US,125,106,212
590,light blue,GB,213,232,239
575,tan,US,191,172,154
1015,azure,US,121,143,233
549,black,GB,10,31,33
827,salmon pink,AU,211,124,120
716,brown,AU,162,112,62
659,yellow,US,212,203,145
829,salmon,US,211,126,98
979,mint,US,53,255,212
759,cerulean,US,98,188,201
739,pink,NZ,163,105,127
1061,green,US,161,254,46
592,light pink,US,235,226,234
688,maroon,GB,117,52,47
876,mint green,US,124,222,155
1137,cyan,US,0,0,0
1078,pink,US,255,81,111
1021,pink,US,217,113,175
767,lavender,US,200,163,200
994,blue,US,72,90,177
598,brown,GB,65,46,7
987,purple,US,95,0,91
951,green,US,104,196,96
1000,magenta,US,161,55,126
782,sky blue,US,136,248,241
918,sienna,US,196,92,57
1062,green,US,112,255,99
664,mint green,US,152,214,198
1052,pink,US,199,74,156
781,sky blue,US,139,248,231
658,pale yellow,US,223,199,149
633,purple,GB,127,85,96
708,plum,US,107,54,88
690,dark brown,US,109,59,24
581,gray,US,172,174,186
541,white,US,202,202,201
1001,pink,US,168,50,111
674,maroon,US,62,2,32
1030,green,AU,55,230,134
890,light pink,AU,222,188,249
832,orange,US,199,135,65
1069,purple,US,106,73,193
726,blue,US,42,137,122
631,purple,US,114,88,116
733,blue,US,97,124,164
814,blue,GB,29,101,151
1065,red,US,197,0,85
1114,light purple,US,207,100,254
1018,lila,GB,181,126,212
1016,lavender,US,148,137,228
983,purple,US,61,27,115
938,orange,US,255,144,124
686,burgundy,US,117,51,60
986,violet,US,90,0,97
989,dark pink,GB,178,45,74
585,peach,GB,246,226,205
974,green,US,181,249,111
1127,bright purple,GB,149,3,220
1024,yellow,GB,255,189,41
694,green,US,83,72,0
809,green,US,79,106,0
1014,blue,GB,72,152,235
1119,purple,US,99,0,194
947,pea green,US,186,180,0
543,white,US,255,255,255
1029,green,US,110,227,99
886,turquoise,US,97,216,255
678,blue,US,0,28,66
975,lime green,US,152,253,137
945,mustard yellow,US,205,173,17
1136,yellow,GB,0,0,0
946,yellow,US,195,177,1
918,orange,US,196,92,57
802,red,US,157,69,70
925,blue,US,67,124,192
1080,orange,US,255,88,64
1132,purple,US,127,0,255
675,dark red,US,63,1,27
1032,pink,GB,255,172,255
864,dusty rose,US,205,125,145
654,pink,US,235,191,191
844,green,GB,36,168,131
926,,GB,102,118,190
651,mauve,US,165,141,165
779,lime green,AU,150,248,209
935,pink,US,251,143,159
1112,purple,GB,155,27,193
1028,green,US,146,223,64
1051,magenta,GB,189,80,170
1068,royal blue,GB,64,84,202
921,orange,AU,176,107,1
1007,orange,GB,235,112,66
758,cyan,US,95,190,187
871,yellow,AU,212,206,86
678,midnight blue,US,0,28,66
764,chartreuse,US,163,173,216
1003,salmon pink,GB,234,107,132
750,moss green,US,173,181,97
808,brown,US,133,87,0
868,yellow,US,239,197,97
949,green,US,155,188,39
1100,lilac,GB,157,88,222
994,blue,AU,72,90,177
993,,GB,0,98,178
882,cyan,AU,70,223,218
983,purple,AU,61,27,115
557,dark green,GB,64,75,60
764,blue,US,163,173,216
835,mustard,GB,174,147,35
1019,lilac,US,197,121,200
971,yellow,US,241,235,75
564,mauve,US,140,117,114
604,forest green,US,3,56,51
675,purple,US,63,1,27
771,offwhite,US,255,226,146
740,dark red,GB,166,105,121
1113,purple,US,171,0,180
944,yellow orange,US,217,168,35
742,salmon,GB,225,158,153
1006,apricot,NZ,238,109,88
940,orange,US,249,150,94
1085,magenta,US,213,107,217
683,purple,US,53,9,48
668,ice blue,AU,179,205,228
893,baby pink,US,254,180,218
1119,purple,AU,99,0,194
1119,purple,US,99,0,194
564,aubergine,NZ,140,117,114
1119,royal purple,US,99,0,194
1136,yellow,US,0,0,0
823,plum,US,148,70,106
1016,lavender,US,148,137,228
543,white,US,255,255,255
1058,pink,US,234,140,237
958,cornflower,GB,94,182,248
907,violet,GB,93,52,129
796,plum,US,82,25,78
1020,purple,US,208,117,189
749,mustard,US,189,177,93
1037,plum,GB,114,29,140
972,yellow,US,227,239,79
775,yellow,US,219,238,145
732,sky,US,85,126,163
984,purple,US,75,18,108
681,purple,US,46,14,55
992,blood orange,GB,174,56,17
598,brown,US,65,46,7
990,red,US,178,47,57
567,taupe,GB,114,126,106
1137,cyan,US,0,0,0
1088,pink,IR,248,87,163
976,lime green,US,119,255,166
936,pink,AU,253,143,148
681,aubergine,GB,46,14,55
692,brown,US,95,67,0
742,rose,US,225,158,153
744,orange,US,225,160,128
846,teal,US,0,168,147
848,light blue,GB,0,167,167
568,green,AU,104,128,118
545,navy,US,42,24,12
1032,lavender,GB,255,172,255
1120,neon purple,US,134,86,255
1030,green,US,55,230,134
1084,purple,AU,194,115,233
948,lime green,GB,171,184,14
1020,purple,US,208,117,189
730,blue,US,45,133,155
1012,bright green,AU,47,171,52
695,green,US,68,77,0
885,cyan,US,81,218,249
1033,dark blue,AU,31,0,101
620,green,AU,95,101,51
1033,violet,US,31,0,101
998,purple,GB,142,66,148
642,green,US,114,159,127
576,brown,US,181,176,147
630,purple,GB,104,91,122
598,brown,AU,65,46,7
545,brown,US,42,24,12
970,yellow,GB,250,232,76
757,aqua,US,97,191,180
581,grey,US,172,174,186
977,green,GB,90,255,189
749,orange,US,189,177,93
769,pink,GB,217,159,178
1072,purple,GB,157,45,164
669,periwinkle,US,193,201,228
1093,indigo,US,112,7,165
930,mauve,GB,162,100,165
642,army green,GB,114,159,127
676,brown,GB,64,1,21
744,peach,US,225,160,128
1061,lime green,US,161,254,46
753,green,AU,122,190,143
664,white,US,152,214,198
982,royal blue,US,36,36,122
973,green,US,212,243,87
1085,bubblegum pink,GB,213,107,217
863,pink,US,202,126,154
1009,orange,US,221,124,21
660,pea green,US,201,206,147
1028,lime,US,146,223,64
547,black,US,22,31,20
1088,pink,US,248,87,163
640,green,US,147,153,99
1018,lilac,GB,181,126,212
679,navy blue,US,22,23,65
1027,chartreuse,GB,179,217,3
785,maroon,US,97,14,46
897,purple,GB,50,0,73
1015,plava,US,121,143,233
638,brown,GB,169,146,100
903,red,US,137,33,16
931,purple,US,171,96,156
707,dark purple,US,97,57,100
764,lilac,GB,163,173,216
739,mauve,US,163,105,127
793,deep purple,GB,66,34,91
847,dark teal,GB,0,168,158
565,brown,US,138,119,104
882,cyan,AU,70,223,218
828,salmon,US,212,125,110
1085,purple,US,213,107,217
1017,lilac,GB,168,131,220
958,blue,US,94,182,248
669,lilac,GB,193,201,228
926,periwinkle,US,102,118,190
756,teal,US,100,191,172
714,reddish brown,US,169,107,78
889,lilac,US,212,191,255
781,sky blue,US,139,248,231
988,red,AU,176,45,86
1135,black,AU,0,0,0
1068,blue,US,64,84,202
599,brown,US,57,49,2
956,sky blue,US,0,190,240
999,purple,GB,152,60,138
558,grey,GB,57,76,69
858,lavendar,US,160,138,197
1029,lime,GB,110,227,99
970,yellow,US,250,232,76
890,light pink,US,222,188,249
833,mustard yellow,GB,191,139,54
1027,neon green,US,179,217,3
996,violet,GB,120,76,164
683,dark purple,US,53,9,48
1110,purple,AU,112,60,216
919,sienna,NZ,191,96,42
658,tan,US,223,199,149
810,,US,57,109,20
969,lemon,GB,255,228,80
563,brown,AU,89,66,72
578,sage green,GB,153,181,169
577,sage,US,165,180,154
787,maroon,GB,98,16,28
715,tan,GB,166,110,70
916,red,US,197,88,87
788,maroon,US,98,18,18
534,black,US,28,28,28
901,dark red,US,140,24,42
681,purple,US,46,14,55
1053,rose,GB,209,68,136
568,mint green,US,104,128,118
819,violet,GB,119,82,138
1007,orange,US,235,112,66
1004,coral,GB,237,106,119
843,green,US,50,168,123
861,light pink,US,189,130,175
602,green,US,21,56,38
628,indigo,US,74,99,124
970,yellow,US,250,232,76
644,green,GB,100,160,147
1047,purple,US,125,106,212
1057,purple,US,214,148,253
920,orange,US,183,102,25
576,beige,US,181,176,147
1044,orange,US,214,76,18
551,black,NZ,26,27,43
829,red,US,211,126,98
750,yellow green,US,173,181,97
1061,chartreuse,US,161,254,46
820,purple,US,128,79,132
929,purple,US,150,104,174
1085,pink,US,213,107,217
864,pink,US,205,125,145
755,aquamarine,US,108,191,160
887,light blue,IR,117,213,255
994,blue,US,72,90,177
536,gray,US,72,72,72
654,pink,US,235,191,191
1121,purple,US,167,71,244
659,yellow,US,212,203,145
888,lilac,GB,199,194,255
1022,pink,GB,226,110,158
1104,hot pink,US,217,44,165
677,maroon,NZ,64,4,3
968,pink,US,247,144,171
1032,pink,US,255,172,255
999,pink,US,152,60,138
1132,purple,GB,127,0,255
838,chartreuse,US,145,156,37
1114,purple,US,207,100,254
946,mustard,US,195,177,1
663,aquamarine,NZ,157,214,189
912,magenta,US,131,29,88
707,purple,US,97,57,100
1044,orange,US,214,76,18
963,lilac,US,201,158,230
964,baby pink,US,218,153,218
1106,hot pink,US,234,17,124
702,blue,US,24,75,114
906,purple,GB,78,58,135
928,purple,US,139,108,181
854,light blue,US,94,154,203
1124,cerise,GB,222,0,197
934,pink,US,191,88,121
1063,blue,US,41,22,141
726,blue green,US,42,137,122
594,purple,GB,76,37,46
1024,orange,US,255,189,41
661,moss,GB,183,211,159
1055,orange,US,255,147,0
575,beige,US,191,172,154
828,peach,AU,212,125,110
605,emerald,US,0,56,59
1135,blue,US,0,0,0
1062,neon green,GB,112,255,99
556,brown,GB,77,72,52
846,teal,US,0,168,147
847,turquoise,GB,0,168,158
1042,red,US,220,65,74
834,orange,US,183,143,44
620,green,US,95,101,51
628,denim,US,74,99,124
856,lavender,GB,133,146,203
725,turquoise,US,53,137,110
804,burnt orange,US,155,72,50
597,brown,GB,71,42,17
1076,fuchsia,AU,193,0,102
538,gray,US,122,122,122
1058,lilac,US,234,140,237
770,peach,GB,220,158,172
605,emerald,US,0,56,59
534,black,US,28,28,28
708,rose,US,107,54,88
641,olive green,US,131,157,111
1093,deep purple,GB,112,7,165
662,light green,US,165,213,177
774,yellow green,NZ,229,236,141
915,pink,US,196,87,99
774,yellow,GB,229,236,141
669,light gray,US,193,201,228
945,yellow,AU,205,173,17
535,grey,AU,49,49,49
1069,purple,US,106,73,193
787,maroon,US,98,16,28
1036,purple,US,103,38,147
999,magenta,GB,152,60,138
967,pink,GB,243,145,181
610,aubergine,GB,57,43,72
610,purple,US,57,43,72
624,teal,AU,49,106,97
1067,red,AU,197,0,22
808,tan,GB,133,87,0
773,yellow,US,244,231,139
727,teal,US,35,136,130
991,red,US,177,50,43
939,peach,US,253,146,108
815,dark blue,AU,55,98,152
900,red,US,140,22,55
616,brown,GB,130,86,69
736,purple,US,139,112,154
891,pink,US,238,184,237
708,purple,US,107,54,88
748,yellow,US,196,174,94
632,purple,US,121,86,107
1074,hot pink,US,178,21,136
778,turquoise,US,156,248,201
1134,green,US,0,0,0
779,light green,US,150,248,209
1006,salmon,GB,238,109,88
705,purple,US,84,62,109
875,pale green,US,146,220,136
551,midnight blue,US,26,27,43
706,purple,GB,91,60,104
999,purple,US,152,60,138
631,dark purple,GB,114,88,116
991,red,US,177,50,43
756,turquoise,AU,100,191,172
973,lime,US,212,243,87
705,purple,US,84,62,109
842,green,GB,69,167,109
826,salmon,NZ,210,124,128
860,pink,GB,181,132,183
930,purple,GB,162,100,165
569,grey green,GB,101,128,127
950,green,US,129,193,70
765,grey,US,182,168,211
873,lime,US,187,213,100
594,plum,US,76,37,46
1067,red,GB,197,0,22
633,mauve,GB,127,85,96
1058,lilac,AU,234,140,237
685,maroon,US,58,5,41
1089,hot pink,US,255,83,147
826,reddish brown,US,210,124,128
864,,GB,205,125,145
959,periwinkle,US,120,178,249
649,,GB,142,147,175
1035,purple,US,83,48,156
939,peach,US,253,146,108
630,purple,US,104,91,122
1013,blue,AU,0,156,234
688,red,US,117,52,47
759,turquoise,GB,98,188,201
869,yellow,US,228,201,89
754,green,GB,113,191,153
975,mint,US,152,253,137
734,lilac,GB,111,120,164
865,tangerine,AU,255,185,122
1138,cerise,GB,0,0,0
937,salmon,US,255,143,137
1061,green,US,161,254,46
861,pink,GB,189,130,175
794,purple,AU,72,31,86
788,maroon,US,98,18,18
683,dark purple,US,53,9,48
1062,lime green,US,112,255,99
1107,pink,US,252,124,255
666,turquoise,US,153,212,218
617,brown,US,125,89,58
645,turquoise,AU,98,159,158
1035,periwinkle,GB,83,48,156
1053,pink,US,209,68,136
802,red,AU,157,69,70
885,baby blue,AU,81,218,249
685,berry,US,58,5,41
1105,pink,US,229,28,142
1061,neon green,US,161,254,46
946,mustard yellow,AU,195,177,1
700,green,GB,0,84,63
597,brown,US,71,42,17
753,light green,US,122,190,143
939,orange,GB,253,146,108
573,pink,US,137,118,122
965,pink,US,227,149,208
930,purple,US,162,100,165
725,green,GB,53,137,110
1133,red,NZ,0,0,0
876,lime green,US,124,222,155
1076,pink,GB,193,0,102
1137,cyan,US,0,0,0
635,peach,US,183,138,130
988,magenta,US,176,45,86
658,beige,US,223,199,149
692,army green,US,95,67,0
896,purple,US,40,7,78
680,dark blue,GB,41,16,58
963,lilac,US,201,158,230
754,blue,GB,113,191,153
695,brown,US,68,77,0
1131,purple,US,199,9,250
551,black,US,26,27,43
852,cerulean,US,47,160,198
750,green,GB,173,181,97
548,black,US,16,31,26
936,pink,GB,253,143,148
1023,salmon,AU,230,108,145
551,black,US,26,27,43
893,pink,US,254,180,218
1056,yellow green,US,52,202,56
726,teal,US,42,137,122
825,rose,US,208,125,137
1087,pink,US,238,93,185
695,green,AU,68,77,0
686,burgundy,GB,117,51,60
702,blue,US,24,75,114
996,violet,US,120,76,164
630,purple,US,104,91,122
1086,magenta,AU,226,100,203
630,lavender,US,104,91,122
594,brown,GB,76,37,46
1094,pink,GB,239,2,105
619,green,US,106,97,47
852,blue,US,47,160,198
613,burgundy,GB,74,37,54
886,cobalt,US,97,216,255
749,yellow,GB,189,177,93
756,,GB,100,191,172
692,brown,US,95,67,0
674,red,US,62,2,32
667,sky blue,US,163,209,225
950,green,GB,129,193,70
698,green,US,7,83,50
1039,magenta,GB,133,0,124
1075,pink,GB,187,0,118
918,burnt orange,GB,196,92,57
872,green,US,200,210,92
1025,yellow,US,250,194,14
1031,mint,GB,0,231,160
859,purple,US,170,135,191
534,black,GB,28,28,28
598,dark brown,US,65,46,7
1010,orange,GB,211,130,0
937,peach,GB,255,143,137
731,cerulean,US,59,131,159
1013,sky blue,GB,0,156,234
686,red brown,GB,117,51,60
534,black,US,28,28,28
967,pink,US,243,145,181
597,brown,US,71,42,17
1052,magenta,US,199,74,156
1083,lavender,US,178,120,244
707,dark purple,US,97,57,100
645,cerulean,US,98,159,158
1112,purple,AU,155,27,193
839,lime,US,132,159,50
718,ochre,US,143,121,43
844,turquoise,US,36,168,131
1038,purple,US,124,16,133
536,grey,US,72,72,72
842,green,GB,69,167,109
535,grey,US,49,49,49
635,tan,US,183,138,130
1130,blue,AU,61,0,225
905,indigo,AU,54,65,139
619,light brown,AU,106,97,47
542,white,US,229,229,229
1014,light blue,US,72,152,235
1039,magenta,GB,133,0,124
572,light purple,US,130,119,131
1025,mustard,AU,250,194,14
712,taupe,US,171,104,101
653,puce,US,178,138,147
858,lavender,US,160,138,197
695,olive green,GB,68,77,0
865,tangerine,US,255,185,122
978,teal,US,73,255,200
1127,bright purple,GB,149,3,220
1094,pink,GB,239,2,105
999,purple,AU,152,60,138
938,salmon,US,255,144,124
688,brown,GB,117,52,47
906,violet,US,78,58,135
730,blue,US,45,133,155
548,dark green,US,16,31,26
1084,fuschia,US,194,115,233
832,orange,GB,199,135,65
575,tan,US,191,172,154
1038,purple,US,124,16,133
1064,purple,GB,68,3,133
1073,dark magenta,GB,167,36,151
573,grey,US,137,118,122
958,cerulean,US,94,182,248
615,taupe,GB,131,85,79
712,dusty rose,US,171,104,101
895,royal blue,US,24,14,84
533,black,NZ,0,0,0
840,green,US,112,163,70
789,maroon,US,96,23,0
794,purple,US,72,31,86
1056,green,US,52,202,56
869,yellow,US,228,201,89
932,purple,US,179,93,146
668,pale blue,US,179,205,228
564,rose,GB,140,117,114
616,brown,AU,130,86,69
829,apricot,GB,211,126,98
1119,violet,US,99,0,194
970,yellow,US,250,232,76
960,periwinkle,US,151,171,249
1016,light blue,AU,148,137,228
1019,lilac,US,197,121,200
899,crimson,US,138,23,66
963,lilac,GB,201,158,230
1033,dark blue,GB,31,0,101
877,mint,US,108,223,171
722,green,US,96,133,69
913,magenta,GB,135,26,77
1054,dark pink,GB,213,65,122
800,brick red,GB,154,69,88
1026,yellow,US,236,200,0
897,purple,US,50,0,73
813,blue,AU,0,104,149
746,grey,AU,217,165,112
761,light cyan,US,114,185,211
1072,purple,US,157,45,164
609,navy blue,US,44,47,76
981,turqouise,US,0,255,235
705,purple,GB,84,62,109
769,blush,GB,217,159,178
993,blue,US,0,98,178
958,cyan,US,94,182,248
544,dark brown,US,45,21,25
875,mint,US,146,220,136
839,leaf green,US,132,159,50
1047,lilac,GB,125,106,212
643,green,US,105,160,138
1071,purple,US,144,55,175
770,salmon,GB,220,158,172
1043,orange,US,219,68,53
1036,purple,GB,103,38,147
997,pastel purple,GB,131,71,156
943,yellow,GB,226,164,51
783,light purple,US,255,216,255
1061,lime,IR,161,254,46
717,olive,US,150,118,48
734,blue,AU,111,120,164
906,purple,US,78,58,135
1049,violet,GB,162,93,193
704,blue,US,62,68,115
936,salmon,US,253,143,148
568,olive,US,104,128,118
1088,hot pink,US,248,87,163
856,periwinkle,US,133,146,203
807,brown,US,140,84,14
974,lime,US,181,249,111
781,mint,GB,139,248,231
859,lavender,US,170,135,191
891,pink,US,238,184,237
945,yellow,US,205,173,17
880,aqua,US,86,223,197
552,dark purple,US,37,23,40
980,blue,US,23,255,222
1118,blue,US,55,32,206
537,grey,US,97,97,97
860,purple,US,181,132,183
1066,red,GB,199,0,45
1059,pink,US,247,136,222
634,blush,GB,181,138,139
745,peach,US,221,163,119
1094,pink,US,239,2,105
793,dark purple,US,66,34,91
944,gold,US,217,168,35
954,teal,US,0,199,152
629,grey blue,US,91,95,125
852,blue,NZ,47,160,198
708,purple,GB,107,54,88
775,green,US,219,238,145
951,lime,US,104,196,96
786,red,US,98,13,37
585,tan,US,246,226,205
547,black,US,22,31,20
916,red,US,197,88,87
1101,purple,AU,174,79,212
1082,purple,US,149,129,255
1029,neon green,GB,110,227,99
702,dark blue,AU,24,75,114
752,green,GB,149,187,116
773,yellow,US,244,231,139
540,gray,US,175,175,175
845,turquoise,US,15,168,139
784,magenta,US,95,16,53
939,orange,US,253,146,108
615,brown,GB,131,85,79
660,ochre,US,201,206,147
1107,bright pink,GB,252,124,255
794,dark purple,US,72,31,86
937,pink,US,255,143,137
987,purple,US,95,0,91
839,green,US,132,159,50
678,,GB,0,28,66
729,turquoise,US,33,134,150
818,purple,US,111,85,143
541,white,US,202,202,201
742,peach,US,225,158,153
926,royal blue,US,102,118,190
1030,green,US,55,230,134
701,blue,US,0,79,110
738,pink,US,158,107,136
560,bluegreen,US,55,75,85
1076,magenta,GB,193,0,102
1050,pink,US,177,86,182
1114,fuchsia,GB,207,100,254
818,purple,US,111,85,143
549,green,AU,10,31,33
537,grey,US,97,97,97
1073,violet,US,167,36,151
858,mauve,GB,160,138,197
995,purple,AU,101,82,172
688,red,GB,117,52,47
1096,red,US,243,7,60
874,green,US,166,217,117
890,lavender,AU,222,188,249
862,pink,US,195,128,166
771,yellow,US,255,226,146
1028,green,US,146,223,64
683,dark purple,US,53,9,48
1138,fuchsia,US,0,0,0
607,navy,US,5,53,72
662,mint,US,165,213,177
744,nude,US,225,160,128
957,sky blue,US,54,187,244
966,pink,US,236,147,196
762,light blue,US,138,179,215
877,mint,GB,108,223,171
645,turquoise,GB,98,159,158
667,blue,US,163,209,225
773,yellow,US,244,231,139
779,green,US,150,248,209
1081,orange,US,255,97,20
994,indigo,GB,72,90,177
654,pink,US,235,191,191
684,violet,US,56,7,45
548,black,GB,16,31,26
956,blue,AU,0,190,240
982,indigo,US,36,36,122
906,purple,US,78,58,135
925,blue,US,67,124,192
941,orange,US,242,154,79
1078,hot pink,US,255,81,111
1101,purple,US,174,79,212
758,aqua,US,95,190,187
637,beige,US,178,142,109
837,olive,US,157,153,30
567,green,US,114,126,106
915,red,US,196,87,99
805,burnt orange,US,151,76,38
793,purple,US,66,34,91
1055,orange,US,255,147,0
958,periwinkle,AU,94,182,248
630,purple,US,104,91,122
711,blush,US,170,104,108
547,dark green,GB,22,31,20
604,dark green,GB,3,56,51
840,lime,US,112,163,70
709,mauve,US,111,52,81
876,green,GB,124,222,155
548,green,US,16,31,26
926,purple,GB,102,118,190
894,pink,US,255,178,206
930,purple,GB,162,100,165
826,pink,US,210,124,128
733,blue,US,97,124,164
665,blue,US,151,213,209
544,maroon,US,45,21,25
684,purple,GB,56,7,45
909,purple,US,111,43,117
1064,purple,US,68,3,133
832,orange,US,199,135,65
1054,magenta,US,213,65,122
597,brown,GB,71,42,17
827,red,US,211,124,120
914,rose,US,194,88,110
911,magenta,US,125,33,99
588,mint green,GB,204,237,221
653,blush,US,178,138,147
983,blue purple,US,61,27,115
857,lilac,US,148,142,200
710,magenta,US,114,51,74
898,purple,GB,55,0,69
1025,gold,US,250,194,14
612,,US,70,39,60
908,purple,US,103,48,123
789,brown,GB,96,23,0
956,light blue,US,0,190,240
796,purple,US,82,25,78
961,lavender,US,172,166,245
866,orange,US,255,188,113
1099,aqua,US,128,98,235
1023,salmon,US,230,108,145
717,yellow,US,150,118,48
995,purple,AU,101,82,172
949,,GB,155,188,39
1136,yellow,US,0,0,0
980,teal,US,23,255,222
687,brick red,GB,117,51,53
695,dark green,US,68,77,0
1118,blue,US,55,32,206
782,cyan,US,136,248,241
925,blue,GB,67,124,192
757,cyan,US,97,191,180
556,olive,US,77,72,52
813,blue,US,0,104,149
835,mustard,US,174,147,35
696,green,US,59,79,11
791,navy,GB,37,43,100
647,light grey,US,114,155,172
939,peach,US,253,146,108
915,coral,US,196,87,99
985,purple,US,83,9,103
1129,bright pink,GB,255,30,232
600,dark grey,US,47,52,12
791,blue,AU,37,43,100
751,green,US,164,184,104
1020,pink,US,208,117,189
983,royal purple,US,61,27,115
604,dark green,NZ,3,56,51
688,red brown,NZ,117,52,47
1130,blue,US,61,0,225
639,brown,GB,159,150,96
536,black,GB,72,72,72
896,dark purple,GB,40,7,78
979,seafoam green,AU,53,255,212
1011,green,GB,90,168,0
759,light blue,US,98,188,201
870,yellow,US,219,204,86
546,black,US,33,28,8
878,aquamarine,US,100,223,180
839,lime green,US,132,159,50
864,pink,US,205,125,145
706,purple,US,91,60,104
754,mint,US,113,191,153
850,blue,GB,0,165,185
565,grey,US,138,119,104
654,peach,US,235,191,191
834,yellow,US,183,143,44
896,dark blue,GB,40,7,78
1109,blue,US,60,75,229
1113,fuchsia,GB,171,0,180
963,lilac,US,201,158,230
592,off white,GB,235,226,234
768,pink,US,212,160,187
702,denim,GB,24,75,114
664,light teal,US,152,214,198
1085,magenta,US,213,107,217
1042,brick red,US,220,65,74
1016,mauve,NZ,148,137,228
929,purple,US,150,104,174
598,brown,US,65,46,7
836,olive,US,166,150,30
963,purple,GB,201,158,230
986,grape,US,90,0,97
723,sage,US,69,136,95
990,red,US,178,47,57
1134,green,US,0,0,0
547,dark green,GB,22,31,20
954,mint green,GB,0,199,152
782,teal,US,136,248,241
989,pink,US,178,45,74
727,blue green,US,35,136,130
630,lavender,GB,104,91,122
666,blue,GB,153,212,218
651,purple,US,165,141,165
1008,orange,GB,229,118,46
1019,purple,AU,197,121,200
735,lilac,US,131,115,159
917,red,GB,197,89,74
646,baby blue,GB,103,157,166
1053,pink,US,209,68,136
655,orange,US,238,191,181
665,teal,US,151,213,209
891,pink,GB,238,184,237
586,cream,GB,235,230,196
1115,pink,GB,230,86,236
665,baby blue,US,151,213,209
1129,fuchsia,US,255,30,232
910,purple,US,118,39,110
1130,blue,US,61,0,225
999,plum,US,152,60,138
643,green,US,105,160,138
715,orange,US,166,110,70
876,zelena,US,124,222,155
697,dark green,GB,45,81,26
745,tan,US,221,163,119
980,cyan,US,23,255,222
1013,blue,US,0,156,234
730,blue,GB,45,133,155
758,cyan,GB,95,190,187
695,olive,US,68,77,0
1095,berry,US,242,0,86
678,navy blue,GB,0,28,66
881,blue,US,76,223,207
839,chartreuse,AU,132,159,50
702,blue,US,24,75,114
640,sage green,US,147,153,99
773,yellow,US,244,231,139
692,brown,GB,95,67,0
864,pink,US,205,125,145
1029,neon green,US,110,227,99
856,sky blue,AU,133,146,203
998,violet,US,142,66,148
913,purple,GB,135,26,77
939,orange,US,253,146,108
995,purple,US,101,82,172
557,forest green,US,64,75,60
1105,magenta,US,229,28,142
749,yellow,GB,189,177,93
1099,periwinkle,GB,128,98,235
1094,hot pink,US,239,2,105
556,green,AU,77,72,52
1041,red,US,219,64,92
1097,red,US,239,31,29
758,teal,US,95,190,187
816,mauve,US,82,93,151
679,indigo,US,22,23,65
784,grape,US,95,16,53
1058,pink,US,234,140,237
1042,red,US,220,65,74
1105,pink,US,229,28,142
901,black,AU,140,24,42
1062,neon green,US,112,255,99
677,maroon,US,64,4,3
732,blue,AU,85,126,163
591,white,GB,226,229,239
654,pink,US,235,191,191
650,dusky blue,GB,154,144,172
682,dark purple,US,48,12,53
1023,pink,US,230,108,145
965,lilac,US,227,149,208
909,purple,US,111,43,117
724,green,US,59,137,104
714,orange,AU,169,107,78
877,aqua,US,108,223,171
983,purple,GB,61,27,115
713,orange,US,171,105,95
788,red brown,GB,98,18,18
533,black,US,0,0,0
691,brown,US,105,62,17
1098,blue,US,77,109,247
836,green,US,166,150,30
784,mauve,GB,95,16,53
705,royal purple,US,84,62,109
637,tan,US,178,142,109
662,beige,GB,165,213,177
1073,magenta,US,167,36,151
591,white,NZ,226,229,239
1038,blue,US,124,16,133
979,turquoise,GB,53,255,212
1067,red,US,197,0,22
985,purple,US,83,9,103
919,orange,US,191,96,42
565,brown,US,138,119,104
898,dark purple,GB,55,0,69
959,blue,GB,120,178,249
877,pastel green,US,108,223,171
568,olive,GB,104,128,118
613,purple,US,74,37,54
733,blue,US,97,124,164
1100,violet,US,157,88,222
722,green,GB,96,133,69
1014,blue,AU,72,152,235
634,blush,US,181,138,139
1062,lime green,US,112,255,99
915,salmon,US,196,87,99
1060,pink,GB,255,131,206
720,green,US,120,128,48
843,light green,US,50,168,123
1093,purple,US,112,7,165
703,dark blue,US,42,73,115
999,purple,US,152,60,138
1053,hot pink,NZ,209,68,136
895,navy,US,24,14,84
977,turquoise,US,90,255,189
766,pale purple,NZ,190,166,207
861,pink,US,189,130,175
998,purple,US,142,66,148
564,grey,US,140,117,114
1088,pink,US,248,87,163
656,brown,US,238,192,169
825,pink,GB,208,125,137
666,hayli,AU,153,212,218
1042,red,US,220,65,74
944,gold,US,217,168,35
542,white,US,229,229,229
1138,fuchsia,US,0,0,0
666,sky blue,GB,153,212,218
666,blue,GB,153,212,218
798,dark magenta,US,90,19,65
972,chartreuse,GB,227,239,79
541,beige,US,202,202,201
916,pink,US,197,88,87
1024,yellow,AU,255,189,41
666,light blue,US,153,212,218
1038,purple,US,124,16,133
807,orange,US,140,84,14
703,,GB,42,73,115
554,brown,NZ,91,66,63
1114,pink,US,207,100,254
969,yellow,US,255,228,80
698,forest green,US,7,83,50
841,green,GB,93,165,88
552,dark purple,GB,37,23,40
958,blue,US,94,182,248
881,seafoam,US,76,223,207
655,nude,GB,238,191,181
961,lilac,US,172,166,245
586,beige,US,235,230,196
855,light blue,US,112,150,204
903,brown,US,137,33,16
1022,hot pink,US,226,110,158
1076,fuscia,GB,193,0,102
1081,orange,US,255,97,20
1089,pink,GB,255,83,147
947,yellow,AU,186,180,0
814,blue,GB,29,101,151
815,blue,NZ,55,98,152
976,mint,US,119,255,166
931,purple,US,171,96,156
744,orange,US,225,160,128
861,blush pink,US,189,130,175
1004,pink,US,237,106,119
1083,purple,US,178,120,244
709,red,US,111,52,81
1065,red,US,197,0,85
951,grass green,GB,104,196,96
1060,pink,AU,255,131,206
759,light blue,US,98,188,201
1085,magenta,GB,213,107,217
554,brown,US,91,66,63
1073,cerise,GB,167,36,151
603,green,US,13,56,44
993,blue,US,0,98,178
970,yellow,US,250,232,76
803,brick,US,157,70,61
891,light pink,US,238,184,237
866,orange,US,255,188,113
1041,red,US,219,64,92
1097,blood orange,US,239,31,29
961,blue,GB,172,166,245
968,salmon,US,247,144,171
1010,orange,GB,211,130,0
708,purple,US,107,54,88
562,purple,GB,82,67,83
1003,pink,US,234,107,132
817,light purple,US,99,88,148
1109,royal blue,GB,60,75,229
1075,raspberry,US,187,0,118
1039,purple,US,133,0,124
921,orange,US,176,107,1
791,navy blue,US,37,43,100
1077,pink,US,255,81,128
884,cyan,US,70,220,237
573,beige,US,137,118,122
902,dark red,GB,139,29,30
1053,magenta,US,209,68,136
967,pink,US,243,145,181
955,teal,US,0,199,162
927,purple,US,124,112,186
988,pink,US,176,45,86
760,aqua,US,104,187,207
872,yellow green,US,200,210,92
904,cobalt,US,0,73,141
1004,crimson,US,237,106,119
821,mauve,US,135,76,125
539,grey,GB,148,149,148
1022,pink,AU,226,110,158
909,plum,GB,111,43,117
1047,cornflower,US,125,106,212
759,blue,AU,98,188,201
648,blue,US,127,151,174
1084,lilac,US,194,115,233
983,navy,GB,61,27,115
669,light gray,US,193,201,228
558,grey green,US,57,76,69
802,red,AU,157,69,70
1116,pink,US,244,76,218
1136,neon yellow,US,0,0,0
824,maroon,US,152,69,97
1089,pink,US,255,83,147
561,,GB,69,71,88
1011,green,US,90,168,0
910,purple,AU,118,39,110
676,brown,US,64,1,21
1101,purple,US,174,79,212
637,beige,GB,178,142,109
533,black,AU,0,0,0
722,forest green,GB,96,133,69
982,midnight blue,US,36,36,122
892,pink,US,246,182,228
1133,red,GB,0,0,0
997,lila,GB,131,71,156
806,brown,US,146,80,27
912,berry,GB,131,29,88
631,purple,US,114,88,116
640,green,US,147,153,99
987,magenta,US,95,0,91
840,green,US,112,163,70
763,blue,GB,149,177,216
677,brown,US,64,4,3
898,dark purple,GB,55,0,69
576,green,GB,181,176,147
824,berry,US,152,69,97
772,pale yellow,US,250,229,141
726,aquamarine,US,42,137,122
725,blue,US,53,137,110
1055,orange,US,255,147,0
593,white,US,241,225,228
897,purple,US,50,0,73
738,mauve,GB,158,107,136
1076,pink,AU,193,0,102
703,blue,US,42,73,115
1055,orange,US,255,147,0
852,blue,AU,47,160,198
743,salmon,US,226,158,146
596,brown,GB,77,38,28
1003,salmon,AU,234,107,132
687,maroon,GB,117,51,53
744,orange,US,225,160,128
784,maroon,NZ,95,16,53
596,brown,GB,77,38,28
1106,magenta,GB,234,17,124
1013,blue,US,0,156,234
1137,turquoise,US,0,0,0
885,cyan,US,81,218,249
663,teal,US,157,214,189
937,pink,AU,255,143,137
690,brown,US,109,59,24
749,olive,US,189,177,93
1018,purple,US,181,126,212
730,blue,GB,45,133,155
961,lilac,GB,172,166,245
865,orange,US,255,185,122
1026,yellow,US,236,200,0
736,purple,US,139,112,154
815,,GB,55,98,152
802,red,US,157,69,70
896,midnight blue,GB,40,7,78
963,lavender,US,201,158,230
539,grey,GB,148,149,148
1129,pink,US,255,30,232
1055,orange,US,255,147,0
1110,purple,US,112,60,216
1096,red,AU,243,7,60
680,indigo,GB,41,16,58
873,chartreuse,US,187,213,100
990,red,US,178,47,57
1073,magenta,US,167,36,151
695,moss green,GB,68,77,0
1129,magenta,AU,255,30,232
847,teal,US,0,168,158
1110,purple,US,112,60,216
611,violet,US,64,40,67
734,blue,US,111,120,164
999,fuschia,US,152,60,138
1039,purple,GB,133,0,124
859,lavender,US,170,135,191
852,blue,US,47,160,198
781,teal,US,139,248,231
867,light orange,US,248,193,104
1095,pink,GB,242,0,86
670,purple,AU,206,197,225
760,sky blue,US,104,187,207
668,gray blue,US,179,205,228
559,green,US,53,76,77
741,light pink,US,223,158,159
807,brown,US,140,84,14
1012,green,AU,47,171,52
764,pale blue,US,163,173,216
932,pink,GB,179,93,146
861,pink,US,189,130,175
787,burgundy,GB,98,16,28
719,olive green,GB,136,123,41
1134,green,US,0,0,0
635,tan,US,183,138,130
737,purple,AU,147,110,149
969,yellow,US,255,228,80
787,crimson,AU,98,16,28
1066,red,US,199,0,45
1070,bright purple,US,129,63,183
998,purple,GB,142,66,148
764,light blue,US,163,173,216
970,yellow,US,250,232,76
634,pink,US,181,138,139
945,yellow,US,205,173,17
1043,red,US,219,68,53
755,teal,US,108,191,160
548,green,US,16,31,26
1069,purple,US,106,73,193
739,purple,GB,163,105,127
782,light cyan,US,136,248,241
926,blue,AU,102,118,190
743,flesh,US,226,158,146
670,grey,AU,206,197,225
925,ocean blue,US,67,124,192
604,dark green,US,3,56,51
735,purple,US,131,115,159
950,green,US,129,193,70
1038,purple,US,124,16,133
1126,purple,US,119,43,234
708,wine,US,107,54,88
611,maroon,US,64,40,67
891,pink,US,238,184,237
538,slate,US,122,122,122
823,raspberry,US,148,70,106
549,black,US,10,31,33
542,white,US,229,229,229
1115,pink,US,230,86,236
798,magenta,US,90,19,65
673,pink,US,231,192,199
600,green,US,47,52,12
680,purple,GB,41,16,58
847,aqua,GB,0,168,158
595,dark brown,US,78,37,38
1012,leaf green,GB,47,171,52
1091,blue,GB,51,48,186
601,forest green,US,34,54,26
806,burnt orange,US,146,80,27
1059,pink,GB,247,136,222
533,black,GB,0,0,0
935,rose,GB,251,143,159
725,green,US,53,137,110
829,salmon,US,211,126,98
712,salmon,US,171,104,101
884,blue,US,70,220,237
921,burnt orange,GB,176,107,1
1024,orange,US,255,189,41
849,light blue,US,0,166,177
972,yellow,US,227,239,79
726,dark teal,GB,42,137,122
846,turquoise,GB,0,168,147
751,olive,US,164,184,104
1027,neon green,US,179,217,3
666,blue,US,153,212,218
857,purple,AU,148,142,200
943,burnt orange,AU,226,164,51
1032,pink,US,255,172,255
758,aqua,US,95,190,187
1001,magenta,US,168,50,111
766,lavender,AU,190,166,207
1079,red,US,255,84,91
969,yellow,US,255,228,80
1076,pink,US,193,0,102
793,purple,US,66,34,91
762,blue,US,138,179,215
655,beige,US,238,191,181
624,forest green,GB,49,106,97
927,pale purple,US,124,112,186
716,burnt orange,US,162,112,62
762,sky blue,AU,138,179,215
994,blue,US,72,90,177
860,lavender,US,181,132,183
547,black,AU,22,31,20
635,tan,US,183,138,130
615,mauve,US,131,85,79
822,pink,US,142,73,117
820,purple,GB,128,79,132
813,blue,GB,0,104,149
747,yellow,US,205,171,99
967,pink,US,243,145,181
1095,pink,US,242,0,86
692,brown,US,95,67,0
843,green,GB,50,168,123
980,turquoise,US,23,255,222
678,blue,GB,0,28,66
1135,cobalt,US,0,0,0
766,lavendar,NZ,190,166,207
867,pale yellow,US,248,193,104
966,pink,US,236,147,196
699,forest green,US,0,84,57
719,gold,US,136,123,41
827,peach,US,211,124,120
600,forest green,US,47,52,12
859,lavender,US,170,135,191
834,yellow,US,183,143,44
554,brown,US,91,66,63
783,pink,GB,255,216,255
537,grey,US,97,97,97
908,purple,US,103,48,123
929,purple,US,150,104,174
650,lilac,GB,154,144,172
1006,red,US,238,109,88
937,peach,US,255,143,137
1132,purple,GB,127,0,255
949,olive,AU,155,188,39
642,sage green,US,114,159,127
699,green,US,0,84,57
732,steel blue,US,85,126,163
836,green,US,166,150,30
979,blue,US,53,255,212
1004,pink,AU,237,106,119
982,blue,US,36,36,122
692,brown,GB,95,67,0
1137,,AU,0,0,0
700,green,US,0,84,63
1129,pink,GB,255,30,232
541,grey,AU,202,202,201
876,spring green,US,124,222,155
913,,US,135,26,77
711,rose,US,170,104,108
845,,GB,15,168,139
878,sea green,US,100,223,180
1034,blue,GB,49,58,163
1021,rose,GB,217,113,175
641,green,AU,131,157,111
605,green,US,0,56,59
885,blue,US,81,218,249
986,purple,US,90,0,97
1005,red,GB,238,107,105
1090,green,GB,49,233,55
631,light purple,GB,114,88,116
915,salmon,US,196,87,99
766,lilac,US,190,166,207
838,light green,US,145,156,37
1016,lavender,US,148,137,228
785,burgundy,GB,97,14,46
903,burgundy,US,137,33,16
1059,candy pink,US,247,136,222
612,navy,GB,70,39,60
555,brown,US,87,68,55
1115,magenta,US,230,86,236
1134,green,US,0,0,0
1075,pink,AU,187,0,118
536,black,GB,72,72,72
695,green,GB,68,77,0
655,salmon,GB,238,191,181
723,green,GB,69,136,95
533,black,AU,0,0,0
1097,red,US,239,31,29
985,purple,US,83,9,103
1058,pink,GB,234,140,237
787,maroon,GB,98,16,28
1132,violet,US,127,0,255
952,lime green,AU,68,198,122
788,maroon,US,98,18,18
1117,hot pink,GB,255,63,196
878,aquamarine,US,100,223,180
795,purple,US,77,28,82
1111,violet,US,139,44,204
754,sea foam green,US,113,191,153
800,maroon,US,154,69,88
581,light grey,GB,172,174,186
939,orange,AU,253,146,108
539,grey,AU,148,149,148
887,blue,US,117,213,255
850,turquoise,US,0,165,185
601,green,GB,34,54,26
1123,purple,US,207,33,215
695,green,US,68,77,0
543,white,GB,255,255,255
834,yellow,GB,183,143,44
856,purple,AU,133,146,203
738,pink,US,158,107,136
942,orange,NZ,235,159,65
970,yellow,US,250,232,76
1055,orange,NZ,255,147,0
1052,dark pink,US,199,74,156
654,pastel pink,GB,235,191,191
848,mint,US,0,167,167
638,yellow,US,169,146,100
1118,blue,US,55,32,206
601,green,US,34,54,26
1057,lavender,US,214,148,253
1136,yellow,US,0,0,0
956,blue,US,0,190,240
826,salmon,US,210,124,128
859,purple,US,170,135,191
671,light pink,NZ,218,194,217
1078,dark pink,US,255,81,111
903,red,GB,137,33,16
924,blue,GB,29,128,191
728,turquoise,GB,28,136,136
868,yellow,US,239,197,97
611,purple,US,64,40,67
1057,lavender,GB,214,148,253
967,pink,GB,243,145,181
1052,magenta,US,199,74,156
541,grey,GB,202,202,201
895,dark blue,US,24,14,84
572,purple,US,130,119,131
972,yellow,US,227,239,79
939,orange,US,253,146,108
964,lilac,GB,218,153,218
939,salmon,GB,253,146,108
1068,blue,US,64,84,202
1112,royal purple,US,155,27,193
646,turquoise,US,103,157,166
543,white,US,255,255,255
989,hot pink,US,178,45,74
818,purple,US,111,85,143
747,yellow,GB,205,171,99
656,sand,US,238,192,169
1102,purple,GB,192,68,198
1027,cyan,US,179,217,3
744,tan,US,225,160,128
707,eggplant,US,97,57,100
1023,rose,GB,230,108,145
875,leaf green,GB,146,220,136
808,brown,US,133,87,0
780,light green,US,142,248,223
665,blue,US,151,213,209
879,aqua,US,93,223,189
1041,red,US,219,64,92
943,pale orange,US,226,164,51
564,light brown,US,140,117,114
881,cyan,US,76,223,207
628,grey,GB,74,99,124
1073,magenta,US,167,36,151
967,pink,US,243,145,181
695,green,AU,68,77,0
922,green,US,74,138,11
1004,pink,US,237,106,119
1006,orange,GB,238,109,88
782,aqua,AU,136,248,241
750,green,US,173,181,97
918,peach,US,196,92,57
1077,pink,US,255,81,128
806,burnt orange,US,146,80,27
995,cornflower,US,101,82,172
567,sage green,US,114,126,106
715,brown,GB,166,110,70
1006,coral,US,238,109,88
762,baby blue,US,138,179,215
949,yellow green,US,155,188,39
1007,orange,US,235,112,66
702,blue,NZ,24,75,114
627,dark teal,US,59,102,121
963,purple,US,201,158,230
780,aqua,GB,142,248,223
815,blue,US,55,98,152
769,pink,US,217,159,178
613,aubergine,NZ,74,37,54
694,olive,AU,83,72,0
781,aqua,US,139,248,231
548,black,US,16,31,26
1041,hot pink,US,219,64,92
620,olive green,US,95,101,51
852,cyan,US,47,160,198
893,pink,US,254,180,218
1024,orange,AU,255,189,41
555,brown,AU,87,68,55
755,green,GB,108,191,160
895,navy blue,US,24,14,84
852,blue,GB,47,160,198
1112,purple,US,155,27,193
1124,hot pink,US,222,0,197
806,light brown,GB,146,80,27
556,brown,US,77,72,52
868,orange,US,239,197,97
755,seafoam green,US,108,191,160
876,light green,US,124,222,155
773,peach,GB,244,231,139
718,olive,US,143,121,43
716,peach,US,162,112,62
918,orange,GB,196,92,57
977,mint green,US,90,255,189
553,maroon,US,43,22,33
635,flesh,GB,183,138,130
926,blue,US,102,118,190
1109,blue,GB,60,75,229
790,royal blue,US,0,49,103
991,red,GB,177,50,43
546,black,US,33,28,8
970,yellow,US,250,232,76
869,yellow,AU,228,201,89
819,lilac,GB,119,82,138
533,black,US,0,0,0
911,dark pink,GB,125,33,99
1004,peach,US,237,106,119
881,blue,US,76,223,207
868,yellow,US,239,197,97
915,coral,US,196,87,99
1082,lilac,AU,149,129,255
716,orange,US,162,112,62
562,mauve,US,82,67,83
1106,pink,GB,234,17,124
558,grey,AU,57,76,69
582,pale pink,GB,182,172,182
599,green,US,57,49,2
748,mustard,US,196,174,94
791,blue,GB,37,43,100
957,sky blue,US,54,187,244
975,lime,US,152,253,137
673,pale pink,US,231,192,199
717,mustard,US,150,118,48
959,blue,GB,120,178,249
1074,magenta,GB,178,21,136
885,turquoise,US,81,218,249
795,violet,US,77,28,82
725,bluegreen,US,53,137,110
1138,bubblegum,US,0,0,0
780,aqua,US,142,248,223
556,brown,GB,77,72,52
771,yellow,US,255,226,146
1048,lilac,GB,148,99,202
674,maroon,US,62,2,32
1047,purple,US,125,106,212
886,cyan,US,97,216,255
746,peach,US,217,165,112
747,yellow,GB,205,171,99
1122,magenta,US,186,58,231
572,purple,GB,130,119,131
934,pink,US,191,88,121
1048,purple,US,148,99,202
859,,GB,170,135,191
767,pink,US,200,163,200
808,brown,US,133,87,0
744,orange,US,225,160,128
1055,orange,US,255,147,0
615,brown,US,131,85,79
982,ocean blue,US,36,36,122
998,magenta,US,142,66,148
682,purple,US,48,12,53
724,green,US,59,137,104
724,green,US,59,137,104
1084,lavendar,US,194,115,233
834,mustard,US,183,143,44
851,turquoise,US,0,163,193
803,orange,US,157,70,61
1022,pink,GB,226,110,158
1122,magenta,US,186,58,231
1001,pink,US,168,50,111
973,neon yellow,GB,212,243,87
770,pink,NZ,220,158,172
624,teal,AU,49,106,97
591,periwinkle,US,226,229,239
782,sky,US,136,248,241
549,dark green,US,10,31,33
583,pink,GB,188,171,174
810,moss green,US,57,109,20
1008,orange,GB,229,118,46
875,lime green,US,146,220,136
780,blue,US,142,248,223
983,purple,GB,61,27,115
569,green,US,101,128,127
1137,turqoise,US,0,0,0
746,orange,US,217,165,112
678,dark blue,GB,0,28,66
1055,orange,US,255,147,0
817,blue,US,99,88,148
558,slate,GB,57,76,69
767,light pink,US,200,163,200
800,maroon,US,154,69,88
727,sea green,US,35,136,130
601,green,US,34,54,26
1090,zelena,US,49,233,55
886,turquoise,US,97,216,255
779,turquoise,AU,150,248,209
732,turquoise,US,85,126,163
863,pink,US,202,126,154
1120,purple,US,134,86,255
1060,bright pink,US,255,131,206
736,mauve,GB,139,112,154
608,blue,GB,25,51,75
917,flesh,US,197,89,74
556,army green,US,77,72,52
807,brown,GB,140,84,14
891,light pink,GB,238,184,237
795,purple,US,77,28,82
999,purple,US,152,60,138
726,teal,US,42,137,122
636,light brown,US,182,139,119
542,grey,GB,229,229,229
659,beige,GB,212,203,145
899,mauve,GB,138,23,66
887,blue,US,117,213,255
533,black,US,0,0,0
746,tan,US,217,165,112
860,pink,US,181,132,183
807,mustard,US,140,84,14
780,turquoise,US,142,248,223
957,sky blue,US,54,187,244
1074,pink,US,178,21,136
1058,lilac,US,234,140,237
898,,GB,55,0,69
733,periwinkle,US,97,124,164
757,teal,GB,97,191,180
684,purple,US,56,7,45
951,lime,US,104,196,96
846,turquoise,GB,0,168,147
1132,purple,US,127,0,255
776,lime,GB,200,242,158
553,black,US,43,22,33
1024,yellow,US,255,189,41
1021,magenta,US,217,113,175
633,dark grey,NZ,127,85,96
554,brown,US,91,66,63
725,blue,US,53,137,110
683,purple,US,53,9,48
565,beige,US,138,119,104
982,navy blue,US,36,36,122
880,turquoise,US,86,223,197
844,teal,NZ,36,168,131
560,blue,US,55,75,85
797,dark purple,US,87,22,71
1114,purple,US,207,100,254
1094,pink,US,239,2,105
695,forest green,US,68,77,0
872,light green,GB,200,210,92
1018,pink,US,181,126,212
579,grey,US,151,181,179
813,teal,GB,0,104,149
806,light brown,US,146,80,27
704,navy blue,AU,62,68,115
542,white,GB,229,229,229
1097,red,US,239,31,29
535,dark grey,GB,49,49,49
609,navy blue,US,44,47,76
698,green,US,7,83,50
931,light magenta,GB,171,96,156
995,indigo,US,101,82,172
792,purple,GB,55,38,96
812,green,US,0,113,63
653,pink,NZ,178,138,147
1059,pink,US,247,136,222
653,mauve,US,178,138,147
764,lilac,GB,163,173,216
854,blue,GB,94,154,203
885,blue,US,81,218,249
754,green,GB,113,191,153
1038,purple,US,124,16,133
661,light green,US,183,211,159
594,maroon,GB,76,37,46
557,green,AU,64,75,60
627,blue,GB,59,102,121
728,turquoise,US,28,136,136
667,teal,US,163,209,225
635,dusty rose,US,183,138,130
905,blue,US,54,65,139
1004,pink,GB,237,106,119
723,green,US,69,136,95
1107,pink,US,252,124,255
769,pink,US,217,159,178
601,army green,US,34,54,26
599,brown,US,57,49,2
937,salmon,GB,255,143,137
1133,red,GB,0,0,0
979,mint,US,53,255,212
735,purple,US,131,115,159
822,indigo,GB,142,73,117
1077,fuschia,AU,255,81,128
651,lilac,US,165,141,165
789,maroon,US,96,23,0
1129,magenta,US,255,30,232
932,fuchsia,US,179,93,146
1061,lime,US,161,254,46
1015,cornflower,US,121,143,233
1095,crimson,US,242,0,86
1033,navy,US,31,0,101
957,light blue,US,54,187,244
834,orange,US,183,143,44
866,orange,US,255,188,113
819,lavender,GB,119,82,138
821,purple,US,135,76,125
816,periwinkle,US,82,93,151
869,mustard,US,228,201,89
756,turquoise,GB,100,191,172
566,brown,US,128,123,98
729,blue,GB,33,134,150
795,purple,GB,77,28,82
685,purple,US,58,5,41
662,light green,US,165,213,177
741,pink,US,223,158,159
789,burgundy,GB,96,23,0
662,mint green,GB,165,213,177
988,dark pink,GB,176,45,86
850,turquoise,US,0,165,185
691,burnt sienna,AU,105,62,17
666,light blue,US,153,212,218
916,salmon,AU,197,88,87
946,chartreuse,US,195,177,1
1096,red,GB,243,7,60
1138,hot pink,US,0,0,0
903,red,US,137,33,16
1066,red,US,199,0,45
592,white,US,235,226,234
949,chartreuse,US,155,188,39
621,army green,US,79,104,64
767,pink,US,200,163,200
735,mauve,AU,131,115,159
534,black,US,28,28,28
721,moss,US,110,131,56
967,pink,US,243,145,181
764,light blue,US,163,173,216
1106,hot pink,US,234,17,124
696,green,US,59,79,11
909,purple,US,111,43,117
592,white,US,235,226,234
825,pink,US,208,125,137
1047,periwinkle,US,125,106,212
1054,magenta,US,213,65,122
1033,dark blue,US,31,0,101
960,baby blue,GB,151,171,249
797,purple,US,87,22,71
763,cerulean,US,149,177,216
1091,blue,NZ,51,48,186
1010,orange,AU,211,130,0
940,light orange,GB,249,150,94
1007,tangerine,US,235,112,66
1136,yellow,AU,0,0,0
997,purple,US,131,71,156
1132,cobalt,US,127,0,255
537,grey,US,97,97,97
764,lilac,GB,163,173,216
576,olive,US,181,176,147
1037,purple,US,114,29,140
752,green,US,149,187,116
878,sea green,US,100,223,180
1019,pink,GB,197,121,200
1077,hot pink,US,255,81,128
622,forest green,GB,64,106,80
1138,hot pink,US,0,0,0
1005,coral,US,238,107,105
756,turquoise,GB,100,191,172
971,lemon,US,241,235,75
1070,purple,GB,129,63,183
1030,bluegreen,US,55,230,134
1119,royal purple,US,99,0,194
566,tan,GB,128,123,98
564,gray,US,140,117,114
704,blue,GB,62,68,115
1105,pink,US,229,28,142
906,indigo,NZ,78,58,135
1052,pink,US,199,74,156
1018,purple,US,181,126,212
1099,purple,US,128,98,235
1001,mauve,US,168,50,111
761,sky blue,GB,114,185,211
813,navy,US,0,104,149
686,red,US,117,51,60
616,brown,GB,130,86,69
1059,pink,GB,247,136,222
725,,GB,53,137,110
1057,purple,US,214,148,253
942,tangerine,US,235,159,65
1061,chartreuse,US,161,254,46
739,pink,US,163,105,127
551,black,US,26,27,43
972,yellow,GB,227,239,79
575,beige,AU,191,172,154
1117,hot pink,US,255,63,196
927,purple,US,124,112,186
992,blood orange,US,174,56,17
892,pink,US,246,182,228
1033,navy,US,31,0,101
883,light blue,IR,67,222,227
971,yellow,US,241,235,75
743,coral,US,226,158,146
852,light blue,US,47,160,198
819,dusty purple,US,119,82,138
857,lavender,GB,148,142,200
912,magenta,US,131,29,88
841,leaf green,GB,93,165,88
953,cyan,US,28,199,142
978,green,GB,73,255,200
1097,orange,US,239,31,29
1013,blue,US,0,156,234
1116,pink,US,244,76,218
1007,orange,US,235,112,66
726,bluegreen,US,42,137,122
979,mint green,GB,53,255,212
988,hot pink,AU,176,45,86
914,pink,US,194,88,110
784,maroon,US,95,16,53
787,maroon,US,98,16,28
783,pink,AU,255,216,255
990,red,GB,178,47,57
761,sky,GB,114,185,211
609,navy blue,US,44,47,76
1005,salmon,US,238,107,105
825,salmon,US,208,125,137
678,blue,US,0,28,66
1054,neon pink,US,213,65,122
807,brown,US,140,84,14
854,blue,US,94,154,203
1050,lilac,GB,177,86,182
939,coral,US,253,146,108
1099,lavender,GB,128,98,235
595,dark brown,GB,78,37,38
688,brown,GB,117,52,47
683,dark purple,NZ,53,9,48
582,off white,GB,182,172,182
708,purple,NZ,107,54,88
975,light green,US,152,253,137
801,maroon,US,156,69,80
631,purple,US,114,88,116
546,black,US,33,28,8
585,off white,US,246,226,205
1054,magenta,GB,213,65,122
879,cyan,US,93,223,189
656,beige,US,238,192,169
1128,pink,AU,246,53,254
1052,dark pink,GB,199,74,156
1026,yellow,AU,236,200,0
1120,purple,US,134,86,255
1044,orange,GB,214,76,18
664,baby blue,GB,152,214,198
879,turquoise,US,93,223,189
1111,purple,US,139,44,204
737,pink,US,147,110,149
1054,magenta,US,213,65,122
714,sienna,NZ,169,107,78
872,yellow,GB,200,210,92
643,green,US,105,160,138
837,yellow,US,157,153,30
828,coral,AU,212,125,110
725,green,US,53,137,110
867,yellow orange,US,248,193,104
991,brick red,US,177,50,43
851,cerulean,GB,0,163,193
723,green,US,69,136,95
1084,purple,GB,194,115,233
845,green,US,15,168,139
792,purple,US,55,38,96
653,blush,GB,178,138,147
793,purple,AU,66,34,91
679,blue,US,22,23,65
962,lilac,GB,189,161,237
660,beige,US,201,206,147
1132,purple,GB,127,0,255
910,purple,GB,118,39,110
975,green,AU,152,253,137
731,blue,US,59,131,159
574,beige,US,192,170,166
840,green,US,112,163,70
880,blue,US,86,223,197
1058,pink,US,234,140,237
860,pink,GB,181,132,183
1093,purple,US,112,7,165
811,green,US,34,111,41
1077,bright pink,GB,255,81,128
928,purple,US,139,108,181
1003,pink,GB,234,107,132
922,green,US,74,138,11
989,red,US,178,45,74
1113,fuchsia,GB,171,0,180
709,maroon,GB,111,52,81
1090,green,US,49,233,55
997,purple,US,131,71,156
1111,purple,AU,139,44,204
963,lavender,US,201,158,230
627,blue,GB,59,102,121
955,mint,AU,0,199,162
1055,orange,US,255,147,0
894,light pink,US,255,178,206
951,green,US,104,196,96
715,orange,GB,166,110,70
812,green,GB,0,113,63
829,orange,US,211,126,98
809,green,GB,79,106,0
825,pink,US,208,125,137
898,aubergine,GB,55,0,69
819,purple,US,119,82,138
612,purple,US,70,39,60
584,off white,US,244,225,221
965,bubblegum,US,227,149,208
566,beige,AU,128,123,98
869,yellow,GB,228,201,89
660,olive green,AU,201,206,147
923,green,AU,42,141,47
1064,purple,US,68,3,133
974,lime,US,181,249,111
875,green,US,146,220,136
942,orange,US,235,159,65
1063,royal blue,US,41,22,141
672,mauve,US,225,193,208
1108,blue,US,47,0,160
548,black,US,16,31,26
653,rose,US,178,138,147
667,baby blue,GB,163,209,225
983,indigo,US,61,27,115
624,green,US,49,106,97
735,violet,GB,131,115,159
856,blue,GB,133,146,203
655,cream,GB,238,191,181
606,dark teal,AU,0,55,66
922,orange,AU,74,138,11
604,forest green,US,3,56,51
797,magenta,GB,87,22,71
645,light teal,US,98,159,158
556,forest green,US,77,72,52
881,light blue,AU,76,223,207
766,lavender,US,190,166,207
975,green,US,152,253,137
949,green,US,155,188,39
610,dark purple,US,57,43,72
778,mint,GB,156,248,201
591,white,GB,226,229,239
1120,purple,US,134,86,255
726,teal,US,42,137,122
923,green,AU,42,141,47
821,purple,US,135,76,125
850,blue,AU,0,165,185
846,green,AU,0,168,147
620,olive,US,95,101,51
668,cyan,US,179,205,228
1071,violet,GB,144,55,175
905,blue,US,54,65,139
1000,purple,GB,161,55,126
823,dark pink,GB,148,70,106
909,purple,US,111,43,117
605,blue,US,0,56,59
597,brown,US,71,42,17
756,green,GB,100,191,172
608,navy,US,25,51,75
958,sky blue,GB,94,182,248
1112,purple,US,155,27,193
763,periwinkle,US,149,177,216
939,salmon,US,253,146,108
865,orange,AU,255,185,122
1061,green,GB,161,254,46
857,lavender,US,148,142,200
1116,pink,US,244,76,218
1118,blue,GB,55,32,206
1002,pink,GB,173,47,99
778,mint,GB,156,248,201
957,blue,GB,54,187,244
610,purple,US,57,43,72
1105,fuchsia,US,229,28,142
549,black,AU,10,31,33
875,lime,US,146,220,136
614,red,US,130,85,88
667,sky blue,US,163,209,225
855,blue,US,112,150,204
543,white,US,255,255,255
930,violet,US,162,100,165
723,green,US,69,136,95
696,green,US,59,79,11
965,pink,US,227,149,208
689,light brown,US,114,56,32
986,purple,US,90,0,97
722,green,GB,96,133,69
795,purple,GB,77,28,82
980,turquoise,US,23,255,222
796,purple,GB,82,25,78
903,brick,US,137,33,16
708,indigo,NZ,107,54,88
759,sky blue,US,98,188,201
1054,pink,US,213,65,122
958,sky blue,US,94,182,248
1103,magenta,US,205,57,183
680,purple,US,41,16,58
859,lilac,US,170,135,191
1096,red,US,243,7,60
880,green,US,86,223,197
847,blue,US,0,168,158
876,mint green,GB,124,222,155
983,purple,US,61,27,115
893,baby pink,AU,254,180,218
1101,violet,GB,174,79,212
577,grey green,US,165,180,154
583,gray,US,188,171,174
817,purple,US,99,88,148
924,cyan,GB,29,128,191
603,forest green,US,13,56,44
637,brown,US,178,142,109
740,dark pink,US,166,105,121
603,dark green,US,13,56,44
615,brown,US,131,85,79
996,purple,US,120,76,164
682,blue,US,48,12,53
928,purple,US,139,108,181
971,yellow,US,241,235,75
568,olive,US,104,128,118
928,purple,US,139,108,181
667,blue,US,163,209,225
848,blue,US,0,167,167
1135,deep purple,US,0,0,0
821,mauve,US,135,76,125
1085,magenta,GB,213,107,217
943,orange,US,226,164,51
1059,pink,US,247,136,222
796,dark purple,US,82,25,78
667,pale blue,GB,163,209,225
584,cream,AU,244,225,221
752,green,US,149,187,116
1093,dark purple,GB,112,7,165
794,purple,US,72,31,86
932,dark pink,GB,179,93,146
712,peach,GB,171,104,101
883,blue,US,67,222,227
648,blue gray,US,127,151,174
890,purple,GB,222,188,249
589,baby blue,US,203,236,233
565,brown,GB,138,119,104
978,light green,US,73,255,200
967,,US,243,145,181
641,green,US,131,157,111
540,grey,US,175,175,175
577,sage green,GB,165,180,154
849,dark blue,US,0,166,177
603,dark green,US,13,56,44
604,dark green,US,3,56,51
962,lilac,US,189,161,237
825,pink,US,208,125,137
762,blue,US,138,179,215
1057,lilac,US,214,148,253
570,slate,GB,106,125,134
1126,purple,US,119,43,234
993,blue,US,0,98,178
906,purple,GB,78,58,135
996,purple,US,120,76,164
981,turquoise,US,0,255,235
627,blue,GB,59,102,121
1021,candy pink,GB,217,113,175
595,burgundy,NZ,78,37,38
1101,fuschia,US,174,79,212
781,teal,US,139,248,231
882,aqua,US,70,223,218
788,maroon,US,98,18,18
814,blue,GB,29,101,151
1124,neon pink,GB,222,0,197
1020,pink,GB,208,117,189
586,cream,AU,235,230,196
830,orange,US,209,129,87
756,teal,US,100,191,172
1052,magenta,GB,199,74,156
608,teal,US,25,51,75
645,sage,GB,98,159,158
754,light green,US,113,191,153
1137,sky blue,US,0,0,0
542,white,US,229,229,229
595,brown,US,78,37,38
946,mustard,US,195,177,1
533,black,US,0,0,0
1111,purple,US,139,44,204
792,purple,US,55,38,96
552,black,AU,37,23,40
689,brown,US,114,56,32
780,blue,GB,142,248,223
1115,pink,US,230,86,236
1065,hot pink,US,197,0,85
1052,hot pink,GB,199,74,156
941,orange,GB,242,154,79
1105,hot pink,US,229,28,142
811,emerald,US,34,111,41
758,mint,US,95,190,187
934,red,US,191,88,121
1105,pink,US,229,28,142
940,orange,US,249,150,94
1050,dark pink,GB,177,86,182
1092,purple,US,91,32,175
1077,red,NZ,255,81,128
1047,purple,US,125,106,212
994,violet,US,72,90,177
1045,blue,US,0,125,220
1063,purple,US,41,22,141
785,dark magenta,US,97,14,46
546,green,NZ,33,28,8
991,dark red,US,177,50,43
661,lime green,US,183,211,159
670,lilac,GB,206,197,225
792,purple,US,55,38,96
828,pink,US,212,125,110
733,blue,US,97,124,164
560,gray,US,55,75,85
676,dark brown,US,64,1,21
688,brick red,US,117,52,47
1050,purple,US,177,86,182
782,blue,US,136,248,241
565,tan,US,138,119,104
809,olive,US,79,106,0
997,purple,US,131,71,156
802,brick red,US,157,69,70
883,blue,US,67,222,227
904,blue,US,0,73,141
996,violet,GB,120,76,164
933,rose,US,187,90,132
600,forest green,US,47,52,12
1124,fuscia,US,222,0,197
1058,pink,US,234,140,237
769,pink,US,217,159,178
665,aqua,US,151,213,209
1109,blue,US,60,75,229
848,teal,GB,0,167,167
922,green,NZ,74,138,11
597,brown,US,71,42,17
923,green,US,42,141,47
759,cyan,GB,98,188,201
854,sky blue,US,94,154,203
745,brown,US,221,163,119
1098,blue,GB,77,109,247
957,blue,US,54,187,244
860,magenta,US,181,132,183
1014,blue,US,72,152,235
1098,blue,US,77,109,247
1110,purple,US,112,60,216
732,blue,US,85,126,163
902,red,US,139,29,30
1019,pink,US,197,121,200
728,turquoise,GB,28,136,136
544,brown,US,45,21,25
926,blue,GB,102,118,190
534,black,US,28,28,28
1016,purple,GB,148,137,228
818,violet,US,111,85,143
958,blue,US,94,182,248
920,rust,US,183,102,25
583,taupe,US,188,171,174
871,yellow,US,212,206,86
1029,green,US,110,227,99
732,blue,GB,85,126,163
857,light blue,GB,148,142,200
570,grey green,GB,106,125,134
914,coral,GB,194,88,110
991,red,US,177,50,43
561,grey,NZ,69,71,88
786,red,US,98,13,37
810,forest green,US,57,109,20
708,dusty purple,US,107,54,88
551,navy,US,26,27,43
601,dark green,US,34,54,26
644,green,US,100,160,147
1055,orange,US,255,147,0
927,lavender,US,124,112,186
1032,pink,US,255,172,255
775,yellow,GB,219,238,145
663,mint green,GB,157,214,189
997,lavender,GB,131,71,156
699,green,US,0,84,57
994,cerulean,US,72,90,177
917,peach,NZ,197,89,74
718,khaki,GB,143,121,43
964,magenta,US,218,153,218
719,green,US,136,123,41
983,violet,US,61,27,115
564,grey,GB,140,117,114
737,lavendar,US,147,110,149
988,pink,GB,176,45,86
737,lavender,US,147,110,149
888,lavender,AU,199,194,255
1003,pink,US,234,107,132
827,red,GB,211,124,120
777,mint,US,167,247,188
1027,lime green,US,179,217,3
1029,light green,US,110,227,99
831,orange,US,204,132,75
561,grey blue,GB,69,71,88
582,taupe,US,182,172,182
1058,pink,GB,234,140,237
938,pink,US,255,144,124
1037,purple,US,114,29,140
972,lime,US,227,239,79
968,pink,GB,247,144,171
730,teal,US,45,133,155
668,,US,179,205,228
1138,pink,GB,0,0,0
955,teal,US,0,199,162
866,light orange,US,255,188,113
862,pink,US,195,128,166
877,aqua,US,108,223,171
1020,magenta,US,208,117,189
799,mauve,US,93,18,59
1046,blue,US,90,115,218
631,purple,US,114,88,116
1091,blue,AU,51,48,186
750,green,US,173,181,97
889,lilac,US,212,191,255
554,brown,AU,91,66,63
600,brown,US,47,52,12
788,maroon,GB,98,18,18
826,pink,US,210,124,128
1012,green,US,47,171,52
1104,pink,US,217,44,165
728,teal,US,28,136,136
884,cyan,US,70,220,237
912,magenta,US,131,29,88
740,rose,GB,166,105,121
934,pink,AU,191,88,121
988,pink,US,176,45,86
719,olive,GB,136,123,41
906,indigo,GB,78,58,135
836,yellow,GB,166,150,30
1112,purple,GB,155,27,193
764,lavender,US,163,173,216
914,coral,GB,194,88,110
623,jade,US,56,106,89
1114,purple,US,207,100,254
760,blue,US,104,187,207
615,light brown,US,131,85,79
696,olive,US,59,79,11
679,dark blue,AU,22,23,65
709,plum,US,111,52,81
909,purple,US,111,43,117
874,green,US,166,217,117
1053,dark pink,US,209,68,136
807,brown,NZ,140,84,14
988,magenta,US,176,45,86
1090,green,GB,49,233,55
977,pale green,GB,90,255,189
802,red,GB,157,69,70
773,yellow,GB,244,231,139
807,brown,US,140,84,14
798,deep purple,US,90,19,65
597,black,AU,71,42,17
681,purple,US,46,14,55
757,teal,US,97,191,180
705,purple,US,84,62,109
554,brown,GB,91,66,63
959,baby blue,US,120,178,249
540,grey,US,175,175,175
809,green,US,79,106,0
859,lilac,GB,170,135,191
889,lilac,US,212,191,255
976,lime,US,119,255,166
968,salmon,US,247,144,171
567,green,GB,114,126,106
996,purple,NZ,120,76,164
1055,orange,US,255,147,0
1094,pink,US,239,2,105
877,mint,US,108,223,171
657,peach,US,232,195,159
1028,lime,US,146,223,64
913,fuschia,AU,135,26,77
758,cyan,US,95,190,187
841,green,US,93,165,88
570,blue grey,US,106,125,134
1108,navy blue,US,47,0,160
971,yellow,US,241,235,75
1001,mauve,US,168,50,111
715,orange,US,166,110,70
1106,neon pink,US,234,17,124
842,grass green,GB,69,167,109
1046,periwinkle,US,90,115,218
945,orange,GB,205,173,17
768,pink,US,212,160,187
547,black,US,22,31,20
624,teal,US,49,106,97
703,blue,US,42,73,115
907,violet,US,93,52,129
663,mint,US,157,214,189
743,peach,US,226,158,146
808,burgundy,US,133,87,0
953,green,US,28,199,142
907,purple,US,93,52,129
897,purple,US,50,0,73
691,brown,GB,105,62,17
798,plum,US,90,19,65
681,dark purple,US,46,14,55
762,baby blue,US,138,179,215
696,green,US,59,79,11
911,magenta,US,125,33,99
988,pink,US,176,45,86
923,green,US,42,141,47
794,mauve,US,72,31,86
1121,purple,GB,167,71,244
949,lime,US,155,188,39
1028,bright green,GB,146,223,64
1048,bright purple,US,148,99,202
671,turqouise,GB,218,194,217
906,purple,US,78,58,135
927,denim,US,124,112,186
890,lilac,NZ,222,188,249
610,purple,US,57,43,72
781,teal,US,139,248,231
572,purple,US,130,119,131
1102,magenta,US,192,68,198
1053,light magenta,US,209,68,136
1115,magenta,GB,230,86,236
695,olive,US,68,77,0
894,baby pink,US,255,178,206
784,burgundy,US,95,16,53
685,maroon,US,58,5,41
705,purple,AU,84,62,109
642,green,AU,114,159,127
1070,purple,GB,129,63,183
947,yellow,US,186,180,0
645,light green,US,98,159,158
613,burgundy,US,74,37,54
784,plum,US,95,16,53
880,turquoise,GB,86,223,197
911,grape,US,125,33,99
931,purple,US,171,96,156
1124,magenta,GB,222,0,197
601,green,US,34,54,26
1030,spring green,US,55,230,134
683,eggplant,US,53,9,48
1073,purple,US,167,36,151
709,mauve,AU,111,52,81
956,aqua,US,0,190,240
1068,navy blue,GB,64,84,202
697,dark green,US,45,81,26
597,brown,US,71,42,17
752,leaf green,GB,149,187,116
966,pink,GB,236,147,196
779,teal,US,150,248,209
938,light orange,US,255,144,124
614,brown,GB,130,85,88
551,black,GB,26,27,43
590,pale blue,US,213,232,239
626,blue,NZ,48,105,116
1088,pink,US,248,87,163
1125,purple,US,62,64,250
550,navy blue,US,12,30,40
1054,fuscia,US,213,65,122
1109,blue,GB,60,75,229
567,green,US,114,126,106
554,brown,US,91,66,63
617,brown,US,125,89,58
944,yellow,GB,217,168,35
727,teal,GB,35,136,130
1078,red,US,255,81,111
851,teal,GB,0,163,193
758,teal,US,95,190,187
1036,purple,US,103,38,147
736,mauve,GB,139,112,154
798,magenta,US,90,19,65
968,pink,US,247,144,171
698,green,US,7,83,50
940,orange,GB,249,150,94
605,green,GB,0,56,59
604,black,GB,3,56,51
1030,green,US,55,230,134
907,purple,AU,93,52,129
981,cyan,GB,0,255,235
901,red,GB,140,24,42
565,beige,US,138,119,104
1008,orange,US,229,118,46
761,light blue,US,114,185,211
858,lilac,GB,160,138,197
909,purple,GB,111,43,117
1107,pink,US,252,124,255
765,lavender,US,182,168,211
898,purple,AU,55,0,69
806,brown,GB,146,80,27
813,blue,US,0,104,149
596,brown,US,77,38,28
947,yellow,US,186,180,0
990,red,US,178,47,57
981,turquoise,US,0,255,235
911,purple,US,125,33,99
605,blue,US,0,56,59
1088,pink,US,248,87,163
1128,magenta,US,246,53,254
869,dark yellow,US,228,201,89
785,maroon,US,97,14,46
898,violet,US,55,0,69
845,emerald,US,15,168,139
601,dark olive green,GB,34,54,26
984,purple,US,75,18,108
897,purple,US,50,0,73
963,lavender,US,201,158,230
1020,pink,US,208,117,189
734,blue grey,GB,111,120,164
1065,rose,US,197,0,85
1121,violet,GB,167,71,244
1078,coral,US,255,81,111
599,olive,US,57,49,2
1138,neon pink,US,0,0,0
1026,yellow,US,236,200,0
552,purple,GB,37,23,40
604,forest green,US,3,56,51
761,cyan,US,114,185,211
594,maroon,US,76,37,46
608,navy blue,US,25,51,75
835,yellow,US,174,147,35
843,green,NZ,50,168,123
860,purple,US,181,132,183
790,blue,GB,0,49,103
948,lime,US,171,184,14
943,mustard,US,226,164,51
611,purple,AU,64,40,67
1000,magenta,US,161,55,126
701,dark blue,US,0,79,110
1028,spring green,GB,146,223,64
638,tan,GB,169,146,100
608,navy blue,GB,25,51,75
736,purple,US,139,112,154
897,indigo,US,50,0,73
798,purple,US,90,19,65
846,seafoam green,US,0,168,147
730,bluegreen,GB,45,133,155
567,sage,US,114,126,106
907,purple,US,93,52,129
881,teal,US,76,223,207
596,brown,US,77,38,28
1084,light purple,US,194,115,233
629,violet,GB,91,95,125
642,sea foam green,US,114,159,127
1130,blue,US,61,0,225
1000,pink,GB,161,55,126
950,lime green,US,129,193,70
610,dark purple,US,57,43,72
746,orange,GB,217,165,112
1043,red,US,219,68,53
857,purple,US,148,142,200
1110,violet,US,112,60,216
884,cyan,US,70,220,237
1112,purple,US,155,27,193
985,purple,US,83,9,103
608,dusky blue,US,25,51,75
605,green,US,0,56,59
762,light blue,GB,138,179,215
883,cyan,US,67,222,227
1070,purple,US,129,63,183
690,brown,GB,109,59,24
754,green,US,113,191,153
570,green,US,106,125,134
597,brown,GB,71,42,17
646,blue,GB,103,157,166
568,seafoam,US,104,128,118
1127,magenta,NZ,149,3,220
578,light green,US,153,181,169
944,yellow,US,217,168,35
747,yellow,US,205,171,99
542,gray,US,229,229,229
709,mauve,US,111,52,81
670,lilac,US,206,197,225
882,light blue,US,70,223,218
1047,lilac,US,125,106,212
1126,purple,US,119,43,234
882,turquoise,GB,70,223,218
745,beige,US,221,163,119
575,taupe,US,191,172,154
708,purple,GB,107,54,88
547,moss green,US,22,31,20
742,pink,US,225,158,153
749,yellow,GB,189,177,93
988,fuchsia,US,176,45,86
815,blue,US,55,98,152
1053,purple,US,209,68,136
588,baby blue,US,204,237,221
947,yellow,US,186,180,0
1012,green,US,47,171,52
937,peach,US,255,143,137
1034,blue,AU,49,58,163
646,teal,US,103,157,166
1044,orange,US,214,76,18
997,purple,US,131,71,156
655,nude,GB,238,191,181
540,grey,US,175,175,175
758,turquoise,US,95,190,187
1062,green,US,112,255,99
894,pink,AU,255,178,206
905,blue,US,54,65,139
537,grey,GB,97,97,97
1021,pink,GB,217,113,175
1038,purple,US,124,16,133
580,gray blue,US,159,178,185
736,purple,GB,139,112,154
542,white,US,229,229,229
684,plum,US,56,7,45
834,mustard yellow,GB,183,143,44
746,orange,US,217,165,112
924,sky blue,AU,29,128,191
1050,violet,US,177,86,182
1135,blue,GB,0,0,0
893,pink,US,254,180,218
715,brown,US,166,110,70
1012,green,US,47,171,52
1010,orange,US,211,130,0
1018,purple,US,181,126,212
956,light blue,GB,0,190,240
884,blue,US,70,220,237
993,blue,US,0,98,178
843,green,US,50,168,123
924,blue,US,29,128,191
673,dusty rose,US,231,192,199
978,green,US,73,255,200
604,dark green,US,3,56,51
536,dark grey,US,72,72,72
554,brown,AU,91,66,63
877,teal,US,108,223,171
1107,pink,US,252,124,255
1011,green,AU,90,168,0
606,turquoise,GB,0,55,66
560,blue grey,GB,55,75,85
893,pink,US,254,180,218
537,gray,GB,97,97,97
550,black,US,12,30,40
757,teal,US,97,191,180
571,pink,US,119,122,136
651,light purple,US,165,141,165
639,olive,GB,159,150,96
918,orange,US,196,92,57
958,blue,US,94,182,248
999,purple,GB,152,60,138
784,burgundy,GB,95,16,53
1125,navy blue,GB,62,64,250
1070,violet,GB,129,63,183
774,,GB,229,236,141
601,dark green,AU,34,54,26
762,blue,US,138,179,215
1022,pink,NZ,226,110,158
1109,cobalt,AU,60,75,229
874,green,AU,166,217,117
777,mint,US,167,247,188
961,lilac,US,172,166,245
1112,bright purple,US,155,27,193
564,gray,US,140,117,114
549,dark teal,US,10,31,33
915,pink,US,196,87,99
608,blue,AU,25,51,75
1059,bright pink,US,247,136,222
1029,light green,US,110,227,99
761,blue,US,114,185,211
955,green,AU,0,199,162
862,violet,GB,195,128,166
882,cyan,US,70,223,218
1133,red,US,0,0,0
622,green,US,64,106,80
993,blue,US,0,98,178
818,purple,US,111,85,143
1054,pink,US,213,65,122
673,pink,US,231,192,199
797,burgundy,GB,87,22,71
875,lime,US,146,220,136
1088,hot pink,US,248,87,163
838,olive green,US,145,156,37
768,pale pink,US,212,160,187
1125,blue,US,62,64,250
1090,neon green,US,49,233,55
676,maroon,US,64,1,21
613,maroon,US,74,37,54
913,pink,GB,135,26,77
1035,purple,GB,83,48,156
896,dark blue,US,40,7,78
911,purple,US,125,33,99
853,blue,US,71,157,201
677,brick red,US,64,4,3
799,maroon,US,93,18,59
922,green,US,74,138,11
869,yellow,US,228,201,89
594,dark brown,US,76,37,46
943,yellow,GB,226,164,51
1048,lavender,US,148,99,202
572,grey,GB,130,119,131
1053,,US,209,68,136
908,purple,US,103,48,123
687,sienna,GB,117,51,53
961,lavender,US,172,166,245
1107,fuschia,US,252,124,255
669,grey,US,193,201,228
646,green,US,103,157,166
562,purple,US,82,67,83
1073,fuschia,US,167,36,151
1046,blue,US,90,115,218
931,rose,US,171,96,156
880,sea foam green,US,86,223,197
1100,violet,GB,157,88,222
956,sky blue,AU,0,190,240
668,pale blue,US,179,205,228
1057,light purple,GB,214,148,253
810,green,US,57,109,20
772,light yellow,US,250,229,141
622,green,US,64,106,80
670,light grey,GB,206,197,225
622,green,US,64,106,80
613,burgundy,US,74,37,54
1068,blue,US,64,84,202
1036,purple,GB,103,38,147
643,teal,US,105,160,138
559,dark grey,NZ,53,76,77
682,plum,US,48,12,53
634,maroon,GB,181,138,139
1063,purple,US,41,22,141
939,orange,US,253,146,108
784,burgundy,US,95,16,53
900,brown,GB,140,22,55
964,pink,GB,218,153,218
623,dark green,GB,56,106,89
921,khaki,US,176,107,1
1123,bright pink,GB,207,33,215
825,pink,US,208,125,137
735,lilac,US,131,115,159
951,green,US,104,196,96
1060,pastel pink,US,255,131,206
802,red,US,157,69,70
1123,magenta,GB,207,33,215
935,pink,GB,251,143,159
536,grey,US,72,72,72
916,coral,US,197,88,87
1085,pink,US,213,107,217
780,mint,US,142,248,223
1019,light magenta,US,197,121,200
560,grey,US,55,75,85
863,pink,US,202,126,154
713,mauve,US,171,105,95
849,turquoise,GB,0,166,177
1068,blue,GB,64,84,202
667,baby blue,AU,163,209,225
551,navy,US,26,27,43
1016,purple,GB,148,137,228
660,yellow,US,201,206,147
570,grey,GB,106,125,134
582,grey,AU,182,172,182
856,lavender,GB,133,146,203
566,grey,US,128,123,98
732,blue green,US,85,126,163
664,green,US,152,214,198
872,light yellow,US,200,210,92
1072,purple,GB,157,45,164
552,black,GB,37,23,40
874,light green,GB,166,217,117
980,seafoam,US,23,255,222
791,indigo,US,37,43,100
909,purple,US,111,43,117
942,orange,US,235,159,65
1032,pink,US,255,172,255
699,forest green,US,0,84,57
1059,bright pink,US,247,136,222
1043,red,US,219,68,53
629,blue,GB,91,95,125
650,lilac,AU,154,144,172
888,lavender,US,199,194,255
812,green,AU,0,113,63
1085,pink,US,213,107,217
703,blue,US,42,73,115
1064,purple,US,68,3,133
1066,red,US,199,0,45
602,emerald,US,21,56,38
1114,fuschia,US,207,100,254
1091,dark blue,US,51,48,186
632,plum,US,121,86,107
752,green,US,149,187,116
971,yellow,US,241,235,75
845,turquoise,GB,15,168,139
769,pink,NZ,217,159,178
574,mauve,AU,192,170,166
1032,pale pink,GB,255,172,255
908,purple,US,103,48,123
663,mint green,US,157,214,189
558,forest green,US,57,76,69
967,pink,US,243,145,181
600,dark green,GB,47,52,12
616,light brown,US,130,86,69
846,blue,US,0,168,147
836,yellow,US,166,150,30
708,purple,US,107,54,88
1047,violet,US,125,106,212
836,olive,US,166,150,30
725,green,US,53,137,110
732,blue,US,85,126,163
748,mustard,US,196,174,94
1109,blue,US,60,75,229
837,green,US,157,153,30
937,peach,US,255,143,137
971,yellow,US,241,235,75
644,turqoise,US,100,160,147
815,blue,US,55,98,152
1107,hot pink,GB,252,124,255
650,violet,US,154,144,172
847,cerulean,US,0,168,158
910,purple,US,118,39,110
633,periwinkle,US,127,85,96
931,purple,US,171,96,156
1038,purple,US,124,16,133
1005,coral,US,238,107,105
645,blue,GB,98,159,158
980,cyan,GB,23,255,222
838,chartreuse,US,145,156,37
820,dark pink,NZ,128,79,132
680,purple,GB,41,16,58
971,yellow,US,241,235,75
947,yellow,GB,186,180,0
1051,mor,US,189,80,170
1108,blue,GB,47,0,160
932,pink,US,179,93,146
684,dark purple,US,56,7,45
667,sky blue,GB,163,209,225
667,light blue,NZ,163,209,225
1052,pink,US,199,74,156
711,mauve,US,170,104,108
590,light blue,US,213,232,239
721,olive,US,110,131,56
1016,light blue,US,148,137,228
737,lilac,US,147,110,149
544,maroon,GB,45,21,25
1103,magenta,US,205,57,183
701,blue,US,0,79,110
779,mint,GB,150,248,209
815,cyan,US,55,98,152
1135,blue,US,0,0,0
1089,hot pink,US,255,83,147
926,periwinkle,GB,102,118,190
897,plum,US,50,0,73
685,wine,US,58,5,41
639,olive,US,159,150,96
620,olive green,US,95,101,51
962,lilac,US,189,161,237
803,salmon pink,GB,157,70,61
796,purple,US,82,25,78
541,grey,GB,202,202,201
544,brown,US,45,21,25
912,burgundy,GB,131,29,88
643,green,US,105,160,138
1023,pink,GB,230,108,145
731,cerulean,US,59,131,159
989,red,AU,178,45,74
875,grass green,US,146,220,136
670,lavender,US,206,197,225
1077,pink,US,255,81,128
888,lilac,AU,199,194,255
1059,bright pink,US,247,136,222
980,teal,US,23,255,222
898,purple,US,55,0,69
1018,pink,US,181,126,212
960,periwinkle,US,151,171,249
556,olive,US,77,72,52
559,forest green,US,53,76,77
861,pink,US,189,130,175
704,blue,GB,62,68,115
1013,blue,US,0,156,234
613,black,US,74,37,54
939,orange,GB,253,146,108
540,light gray,US,175,175,175
559,,GB,53,76,77
1014,cobalt,US,72,152,235
663,ice blue,NZ,157,214,189
584,white,US,244,225,221
645,blue,US,98,159,158
677,maroon,US,64,4,3
928,purple,US,139,108,181
832,pale orange,GB,199,135,65
984,purple,GB,75,18,108
1100,purple,GB,157,88,222
807,brown,US,140,84,14
616,brown,AU,130,86,69
558,slate,US,57,76,69
874,chartreuse,GB,166,217,117
1134,lime green,US,0,0,0
838,olive,US,145,156,37
600,green,US,47,52,12
1101,purple,US,174,79,212
587,green,US,219,234,203
596,brown,GB,77,38,28
1116,hot pink,US,244,76,218
844,sea foam green,US,36,168,131
1026,yellow,US,236,200,0
1064,purple,US,68,3,133
796,dark purple,US,82,25,78
733,sky blue,US,97,124,164
686,rose,US,117,51,60
847,turquoise,AU,0,168,158
864,pink,US,205,125,145
1111,purple,US,139,44,204
775,chartreuse,US,219,238,145
823,magenta,US,148,70,106
953,turquoise,US,28,199,142
556,dark yellow,GB,77,72,52
912,plum,US,131,29,88
645,aqua,US,98,159,158
957,sky blue,GB,54,187,244
607,dark blue,GB,5,53,72
1118,blue,US,55,32,206
1128,pink,GB,246,53,254
659,khaki,GB,212,203,145
1064,royal purple,GB,68,3,133
1015,blue,US,121,143,233
1095,hot pink,AU,242,0,86
822,purple,GB,142,73,117
928,purple,GB,139,108,181
1120,purple,US,134,86,255
712,rust,US,171,104,101
719,olive,US,136,123,41
1056,green,GB,52,202,56
686,maroon,GB,117,51,60
943,yellow,US,226,164,51
1034,blue,GB,49,58,163
661,pastel green,AU,183,211,159
1128,neon pink,GB,246,53,254
890,lavender,GB,222,188,249
989,magenta,US,178,45,74
641,pastel green,US,131,157,111
916,burgundy,US,197,88,87
1136,yellow,AU,0,0,0
987,plum,US,95,0,91
753,mint,US,122,190,143
1049,purple,US,162,93,193
1038,purple,GB,124,16,133
931,magenta,US,171,96,156
826,blush,US,210,124,128
671,baby pink,US,218,194,217
1000,pink,US,161,55,126
1017,lilac,US,168,131,220
838,green,US,145,156,37
920,orange,US,183,102,25
932,pink,GB,179,93,146
728,turquoise,US,28,136,136
1005,orange,US,238,107,105
623,green,US,56,106,89
1025,gold,US,250,194,14
802,brick red,GB,157,69,70
1135,blue,US,0,0,0
1119,purple,US,99,0,194
1004,salmon,US,237,106,119
576,beige,US,181,176,147
694,khaki,GB,83,72,0
1080,red,US,255,88,64
570,blue,US,106,125,134
1130,blue,US,61,0,225
913,fuchsia,US,135,26,77
908,mor,GB,103,48,123
551,black,NZ,26,27,43
756,cyan,NZ,100,191,172
695,green,US,68,77,0
1089,pink,US,255,83,147
647,light blue,US,114,155,172
919,orange,US,191,96,42
653,,US,178,138,147
690,brown,US,109,59,24
807,brown,US,140,84,14
877,light green,US,108,223,171
1095,hot pink,US,242,0,86
959,blue,AU,120,178,249
981,blue,US,0,255,235
576,tan,US,181,176,147
1034,blue,AU,49,58,163
655,light pink,US,238,191,181
725,green,US,53,137,110
884,cyan,GB,70,220,237
1083,lilac,US,178,120,244
707,purple,US,97,57,100
845,teal,US,15,168,139
814,blue,GB,29,101,151
1132,periwinkle,US,127,0,255
1130,cobalt,US,61,0,225
938,coral,US,255,144,124
764,blue,GB,163,173,216
613,maroon,GB,74,37,54
718,mustard,US,143,121,43
1119,purple,US,99,0,194
625,teal,GB,46,106,107
935,rose,GB,251,143,159
804,burnt orange,US,155,72,50
727,turquoise,GB,35,136,130
880,light blue,US,86,223,197
807,brown,US,140,84,14
966,pink,US,236,147,196
843,green,AU,50,168,123
1059,pink,US,247,136,222
924,cyan,US,29,128,191
884,baby blue,US,70,220,237
962,pink,GB,189,161,237
541,white,US,202,202,201
1011,green,US,90,168,0
967,salmon pink,US,243,145,181
551,black,US,26,27,43
634,pink,GB,181,138,139
782,turquoise,US,136,248,241
964,pink,US,218,153,218
826,red,US,210,124,128
835,yellow,US,174,147,35
773,light yellow,GB,244,231,139
1111,violet,US,139,44,204
1101,purple,US,174,79,212
676,maroon,US,64,1,21
789,maroon,US,96,23,0
860,lavender,US,181,132,183
615,taupe,US,131,85,79
592,white,AU,235,226,234
1106,pink,GB,234,17,124
1132,purple,US,127,0,255
545,brown,GB,42,24,12
971,yellow,GB,241,235,75
1052,pink,GB,199,74,156
628,blue grey,US,74,99,124
1042,red,AU,220,65,74
749,tan,US,189,177,93
1089,pink,US,255,83,147
1013,blue,GB,0,156,234
1110,purple,GB,112,60,216
802,red,US,157,69,70
927,blue,GB,124,112,186
620,forest green,US,95,101,51
600,gray,US,47,52,12
692,brown,US,95,67,0
671,pink,GB,218,194,217
951,green,US,104,196,96
611,purple,US,64,40,67
1066,red,US,199,0,45
966,pink,US,236,147,196
594,purple,GB,76,37,46
991,brick red,GB,177,50,43
937,peach,US,255,143,137
629,gray,US,91,95,125
1040,pink,GB,217,64,107
740,mauve,US,166,105,121
845,sea green,GB,15,168,139
901,red,GB,140,24,42
630,plum,US,104,91,122
600,army green,US,47,52,12
798,purple,US,90,19,65
920,orange,GB,183,102,25
1074,fuchsia,GB,178,21,136
549,dark green,GB,10,31,33
726,teal,US,42,137,122
565,brown,US,138,119,104
951,green,US,104,196,96
1129,bright purple,US,255,30,232
1122,purple,US,186,58,231
747,tan,US,205,171,99
727,teal,US,35,136,130
1041,red,GB,219,64,92
726,teal,US,42,137,122
1117,bright pink,GB,255,63,196
781,pale blue,GB,139,248,231
803,orange,NZ,157,70,61
850,aquamarine,US,0,165,185
533,black,US,0,0,0
887,sky,US,117,213,255
920,orange,US,183,102,25
1079,peach,US,255,84,91
997,black,AU,131,71,156
665,light blue,GB,151,213,209
1061,lime green,GB,161,254,46
1092,purple,US,91,32,175
932,pink,GB,179,93,146
562,dusty purple,US,82,67,83
912,raspberry,US,131,29,88
1097,red,US,239,31,29
989,fuschia,US,178,45,74
559,forest green,US,53,76,77
1121,violet,US,167,71,244
1081,orange,US,255,97,20
906,purple,GB,78,58,135
692,brown,GB,95,67,0
568,green,AU,104,128,118
855,pale blue,GB,112,150,204
1102,magenta,US,192,68,198
1121,purple,US,167,71,244
1054,fuschia,US,213,65,122
1130,blue,GB,61,0,225
838,green,GB,145,156,37
1126,violet,GB,119,43,234
864,mauve,US,205,125,145
1115,fuchsia,US,230,86,236
574,cream,GB,192,170,166
702,blue,US,24,75,114
944,gold,US,217,168,35
760,teal,NZ,104,187,207
1098,bright blue,US,77,109,247
1022,pink,NZ,226,110,158
541,light grey,US,202,202,201
1131,purple,US,199,9,250
889,light purple,GB,212,191,255
996,bright purple,US,120,76,164
589,light blue,GB,203,236,233
1084,lilac,US,194,115,233
776,light green,GB,200,242,158
717,olive,US,150,118,48
1020,pink,US,208,117,189
1071,purple,GB,144,55,175
777,seafoam,US,167,247,188
561,grey,GB,69,71,88
933,pink,US,187,90,132
769,blush pink,US,217,159,178
1066,red,GB,199,0,45
820,purple,US,128,79,132
1000,purple,US,161,55,126
828,coral,GB,212,125,110
1084,pink,US,194,115,233
818,mor,GB,111,85,143
883,light blue,US,67,222,227
879,turquoise,GB,93,223,189
595,sienna,GB,78,37,38
1083,lilac,US,178,120,244
1135,blue,GB,0,0,0
729,teal,US,33,134,150
985,purple,US,83,9,103
1113,magenta,US,171,0,180
916,pink,US,197,88,87
1037,purple,US,114,29,140
1078,coral,AU,255,81,111
1034,blue,US,49,58,163
811,green,US,34,111,41
1034,royal blue,US,49,58,163
693,dark brown,US,89,70,0
536,black,GB,72,72,72
941,orange,US,242,154,79
751,light green,GB,164,184,104
969,yellow,US,255,228,80
581,lavender,US,172,174,186
1137,light blue,US,0,0,0
1033,dark blue,US,31,0,101
938,peach,US,255,144,124
538,grey,US,122,122,122
959,blue,US,120,178,249
880,mint green,GB,86,223,197
956,blue,US,0,190,240
552,maroon,US,37,23,40
681,royal purple,US,46,14,55
698,teal,US,7,83,50
648,blue,GB,127,151,174
716,brown,US,162,112,62
1119,purple,US,99,0,194
1014,baby blue,US,72,152,235
668,sky,US,179,205,228
591,gray,US,226,229,239
1001,fuchsia,GB,168,50,111
710,maroon,US,114,51,74
745,nude,GB,221,163,119
630,purple,US,104,91,122
797,purple,GB,87,22,71
887,light blue,US,117,213,255
1081,orange,US,255,97,20
791,royal blue,GB,37,43,100
1068,plava,US,64,84,202
811,green,GB,34,111,41
966,pink,GB,236,147,196
1101,purple,GB,174,79,212
1027,neon green,US,179,217,3
724,green,US,59,137,104
1079,red,GB,255,84,91
980,blue,GB,23,255,222
1080,orange,US,255,88,64
821,purple,US,135,76,125
1090,lime,US,49,233,55
841,lime,US,93,165,88
630,violet,NZ,104,91,122
729,blue,US,33,134,150
548,black,US,16,31,26
1004,coral,US,237,106,119
737,purple,US,147,110,149
860,lavender,US,181,132,183
1019,magenta,US,197,121,200
1015,blue,US,121,143,233
952,green,GB,68,198,122
805,brown,GB,151,76,38
908,blue,AU,103,48,123
946,leaf green,US,195,177,1
1081,orange,US,255,97,20
596,brown,US,77,38,28
997,,GB,131,71,156
912,magenta,US,131,29,88
1126,indigo,GB,119,43,234
671,lavender,US,218,194,217
812,green,GB,0,113,63
1091,blue,US,51,48,186
870,yellow,US,219,204,86
1018,lilac,GB,181,126,212
970,yellow,US,250,232,76
677,maroon,GB,64,4,3
777,sea green,GB,167,247,188
1049,purple,US,162,93,193
953,light green,US,28,199,142
1028,green,GB,146,223,64
716,tan,US,162,112,62
592,light grey,AU,235,226,234
589,gray,US,203,236,233
1069,blue,GB,106,73,193
706,purple,US,91,60,104
896,blue,US,40,7,78
891,pink,US,238,184,237
910,purple,US,118,39,110
845,emerald,GB,15,168,139
636,orange,US,182,139,119
603,dark green,US,13,56,44
1032,lilac,US,255,172,255
989,red,AU,178,45,74
542,white,US,229,229,229
1121,purple,US,167,71,244
702,blue,US,24,75,114
1138,fuschia,US,0,0,0
867,peach,US,248,193,104
1058,pink,US,234,140,237
836,yellow,US,166,150,30
742,pink,US,225,158,153
734,blue,US,111,120,164
822,hayli,AU,142,73,117
543,white,US,255,255,255
1071,violet,GB,144,55,175
843,sea green,GB,50,168,123
988,magenta,US,176,45,86
661,light green,AU,183,211,159
1135,blue,US,0,0,0
1034,indigo,US,49,58,163
735,purple,AU,131,115,159
799,burgundy,US,93,18,59
737,,US,147,110,149
785,burgundy,GB,97,14,46
1074,magenta,GB,178,21,136
969,yellow,US,255,228,80
1119,purple,US,99,0,194
799,burgundy,GB,93,18,59
767,lilac,US,200,163,200
826,pink,US,210,124,128
785,maroon,US,97,14,46
1035,purple,US,83,48,156
985,purple,GB,83,9,103
868,yellow,US,239,197,97
934,dark magenta,US,191,88,121
1127,bright purple,US,149,3,220
1052,magenta,AU,199,74,156
1075,hot pink,US,187,0,118
627,grey,GB,59,102,121
740,taupe,GB,166,105,121
597,brown,US,71,42,17
874,green,US,166,217,117
830,orange,US,209,129,87
566,beige,GB,128,123,98
605,grey,US,0,56,59
828,salmon,US,212,125,110
719,gold,US,136,123,41
1028,green,US,146,223,64
791,blue,US,37,43,100
548,black,US,16,31,26
1128,pink,GB,246,53,254
724,green,US,59,137,104
746,khaki,US,217,165,112
581,grey,US,172,174,186
858,light grey,US,160,138,197
1010,orange,US,211,130,0
646,teal,US,103,157,166
901,maroon,AU,140,24,42
698,green,US,7,83,50
869,yellow,US,228,201,89
1134,lime green,US,0,0,0
794,purple,GB,72,31,86
951,green,US,104,196,96
850,turqouise,US,0,165,185
743,peach,US,226,158,146
1124,hot pink,US,222,0,197
691,brown,US,105,62,17
788,burgundy,GB,98,18,18
845,aqua,GB,15,168,139
752,green,US,149,187,116
795,indigo,US,77,28,82
1008,orange,US,229,118,46
607,navy blue,US,5,53,72
594,brown,GB,76,37,46
698,green,US,7,83,50
751,green,US,164,184,104
851,cyan,US,0,163,193
584,white,GB,244,225,221
1021,pink,AU,217,113,175
894,pink,US,255,178,206
844,sea foam green,US,36,168,131
1109,blue,US,60,75,229
750,olive,US,173,181,97
555,taupe,US,87,68,55
793,purple,US,66,34,91
940,peach,US,249,150,94
1055,red,US,255,147,0
981,turquoise,US,0,255,235
600,dark green,US,47,52,12
743,blush,US,226,158,146
634,tan,US,181,138,139
769,pink,US,217,159,178
667,blue,US,163,209,225
750,olive,GB,173,181,97
897,dark purple,GB,50,0,73
968,rose,US,247,144,171
1021,pink,GB,217,113,175
821,purple,US,135,76,125
926,blue,US,102,118,190
633,purple,US,127,85,96
731,purple,US,59,131,159
633,dark pink,US,127,85,96
630,purple,US,104,91,122
922,green,US,74,138,11
1121,,GB,167,71,244
832,orange,US,199,135,65
835,ochre,GB,174,147,35
956,light blue,GB,0,190,240
1076,berry,US,193,0,102
890,purple,US,222,188,249
693,brown,US,89,70,0
960,sky blue,GB,151,171,249
747,orange,US,205,171,99
908,purple,GB,103,48,123
856,lavender,US,133,146,203
885,blue,US,81,218,249
1048,purple,GB,148,99,202
772,lemon,GB,250,229,141
594,brown,US,76,37,46
834,yellow,US,183,143,44
730,teal,US,45,133,155
722,green,US,96,133,69
766,purple,GB,190,166,207
1078,magenta,US,255,81,111
708,purple,US,107,54,88
627,dark teal,US,59,102,121
664,green,US,152,214,198
1002,plum,GB,173,47,99
954,green,US,0,199,152
912,,GB,131,29,88
829,coral,US,211,126,98
775,neon yellow,GB,219,238,145
852,blue,US,47,160,198
692,brown,AU,95,67,0
765,purple,GB,182,168,211
829,orange,US,211,126,98
729,teal,GB,33,134,150
944,yellow,GB,217,168,35
1013,bright blue,GB,0,156,234
921,orange,US,176,107,1
626,zelena,US,48,105,116
644,green,GB,100,160,147
734,periwinkle,NZ,111,120,164
742,pink,US,225,158,153
981,teal,US,0,255,235
768,pink,US,212,160,187
744,salmon,US,225,160,128
541,gray,US,202,202,201
855,pale blue,AU,112,150,204
1005,coral,US,238,107,105
543,white,GB,255,255,255
974,lime,AU,181,249,111
702,blue,AU,24,75,114
841,green,GB,93,165,88
1066,red,US,199,0,45
573,light brown,US,137,118,122
690,brown,US,109,59,24
1040,salmon pink,GB,217,64,107
1000,magenta,GB,161,55,126
722,green,US,96,133,69
667,ice blue,GB,163,209,225
1038,purple,US,124,16,133
784,maroon,US,95,16,53
557,green,US,64,75,60
789,maroon,US,96,23,0
1031,turquoise,US,0,231,160
1114,purple,US,207,100,254
1005,pink,US,238,107,105
784,red,US,95,16,53
590,sky blue,US,213,232,239
831,orange,US,204,132,75
569,dark green,GB,101,128,127
971,yellow,GB,241,235,75
1019,light pink,GB,197,121,200
984,purple,US,75,18,108
725,teal,US,53,137,110
1024,yellow,US,255,189,41
1087,pink,US,238,93,185
1096,red,US,243,7,60
882,turquoise,GB,70,223,218
709,purple,NZ,111,52,81
536,grey,NZ,72,72,72
776,pastel green,US,200,242,158
632,grape,US,121,86,107
937,pale orange,GB,255,143,137
1079,peach,GB,255,84,91
779,cyan,US,150,248,209
691,brown,US,105,62,17
896,purple,US,40,7,78
624,forest green,US,49,106,97
677,rust,US,64,4,3
1065,dark pink,GB,197,0,85
602,forest green,US,21,56,38
1097,red,GB,239,31,29
605,dark teal,GB,0,56,59
1050,pink,US,177,86,182
799,dark magenta,US,93,18,59
979,teal,US,53,255,212
1070,purple,US,129,63,183
904,dark blue,US,0,73,141
607,navy,GB,5,53,72
644,turquoise,NZ,100,160,147
558,dark green,US,57,76,69
824,pink,US,152,69,97
1043,red,GB,219,68,53
965,light pink,US,227,149,208
869,yellow,US,228,201,89
890,purple,US,222,188,249
825,pink,GB,208,125,137
572,grey,AU,130,119,131
968,pink,US,247,144,171
820,purple,US,128,79,132
904,blue,AU,0,73,141
598,brown,GB,65,46,7
1074,purple,GB,178,21,136
691,brown,AU,105,62,17
616,brown,US,130,86,69
798,maroon,GB,90,19,65
738,pink,US,158,107,136
936,salmon pink,GB,253,143,148
1054,fuchsia,US,213,65,122
998,violet,US,142,66,148
566,chartreuse,US,128,123,98
578,mint,US,153,181,169
956,light blue,US,0,190,240
801,brick,US,156,69,80
893,baby pink,AU,254,180,218
632,wine,GB,121,86,107
1128,pink,US,246,53,254
784,mauve,GB,95,16,53
621,green,GB,79,104,64
619,olive,GB,106,97,47
647,turquoise,US,114,155,172
1019,purple,GB,197,121,200
626,teal,US,48,105,116
1054,bubblegum pink,GB,213,65,122
650,lavender,US,154,144,172
845,green,GB,15,168,139
1008,orange,AU,229,118,46
959,blue,US,120,178,249
1101,purple,US,174,79,212
791,navy,US,37,43,100
765,lilac,US,182,168,211
907,royal purple,US,93,52,129
714,brown,US,169,107,78
996,purple,US,120,76,164
785,red,GB,97,14,46
925,blue,GB,67,124,192
1090,neon green,GB,49,233,55
564,puce,AU,140,117,114
602,green,US,21,56,38
867,yellow,US,248,193,104
847,teal,US,0,168,158
900,dark red,US,140,22,55
1107,pink,US,252,124,255
595,brown,US,78,37,38
591,grey,GB,226,229,239
816,blue,GB,82,93,151
1086,hot pink,US,226,100,203
591,grey,AU,226,229,239
671,mauve,US,218,194,217
981,cyan,US,0,255,235
831,orange,AU,204,132,75
1112,neon purple,GB,155,27,193
857,lavender,NZ,148,142,200
1100,violet,US,157,88,222
942,orange,US,235,159,65
943,orange,GB,226,164,51
902,red,US,139,29,30
819,purple,GB,119,82,138
1076,magenta,GB,193,0,102
1084,light purple,US,194,115,233
623,green,US,56,106,89
651,mauve,US,165,141,165
801,pink,NZ,156,69,80
796,purple,US,82,25,78
1133,red,GB,0,0,0
910,purple,US,118,39,110
535,dark grey,US,49,49,49
967,pink,US,243,145,181
1111,purple,US,139,44,204
855,blue,GB,112,150,204
570,blue,US,106,125,134
751,lime,US,164,184,104
804,orange,US,155,72,50
1093,purple,US,112,7,165
741,pink,US,223,158,159
997,purple,US,131,71,156
850,,GB,0,165,185
938,salmon,GB,255,144,124
804,brick red,GB,155,72,50
985,purple,GB,83,9,103
1136,yellow,US,0,0,0
770,pink,US,220,158,172
919,orange,GB,191,96,42
591,light grey,US,226,229,239
942,orange,AU,235,159,65
628,grey,AU,74,99,124
1108,purple,AU,47,0,160
849,forest green,NZ,0,166,177
821,dusty purple,US,135,76,125
661,green,AU,183,211,159
653,pink,US,178,138,147
960,blue,US,151,171,249
878,sea foam green,US,100,223,180
877,sea foam,US,108,223,171
934,rose,US,191,88,121
604,dark green,GB,3,56,51
695,olive green,US,68,77,0
1126,purple,GB,119,43,234
660,green,GB,201,206,147
729,teal,GB,33,134,150
622,green,US,64,106,80
761,light blue,US,114,185,211
955,aqua,GB,0,199,162
1124,pink,US,222,0,197
820,purple,US,128,79,132
906,purple,US,78,58,135
893,pink,US,254,180,218
644,teal,US,100,160,147
637,tan,US,178,142,109
751,grey,AU,164,184,104
1023,pink,US,230,108,145
805,brown,GB,151,76,38
603,teal,US,13,56,44
728,teal,US,28,136,136
894,pink,US,255,178,206
1077,hot pink,US,255,81,128
669,grey,US,193,201,228
874,lime green,US,166,217,117
1040,hot pink,AU,217,64,107
659,offwhite,GB,212,203,145
1123,fuchsia,US,207,33,215
1089,pink,US,255,83,147
924,blue,US,29,128,191
594,maroon,US,76,37,46
1112,purple,US,155,27,193
1088,pink,US,248,87,163
1018,purple,US,181,126,212
601,forest green,US,34,54,26
595,,GB,78,37,38
577,green,US,165,180,154
691,brown,GB,105,62,17
561,,GB,69,71,88
853,teal,US,71,157,201
598,brown,US,65,46,7
1053,pink,GB,209,68,136
894,pink,US,255,178,206
556,green,US,77,72,52
811,kelly green,US,34,111,41
551,black,GB,26,27,43
698,dark green,GB,7,83,50
841,green,AU,93,165,88
567,green,US,114,126,106
700,green,GB,0,84,63
833,orange,US,191,139,54
739,mauve,GB,163,105,127
600,olive,GB,47,52,12
1063,blue,US,41,22,141
710,maroon,US,114,51,74
690,brown,US,109,59,24
1046,periwinkle,US,90,115,218
744,peach,US,225,160,128
842,green,US,69,167,109
959,cerulean,US,120,178,249
864,rosa,GB,205,125,145
856,lilac,US,133,146,203
1096,red,US,243,7,60
871,yellow,AU,212,206,86
1098,royal blue,US,77,109,247
1007,pale green,AU,235,112,66
875,mint green,US,146,220,136
578,grey,NZ,153,181,169
777,mint,US,167,247,188
538,gray,US,122,122,122
1068,blue,GB,64,84,202
698,green,US,7,83,50
879,teal,US,93,223,189
856,purple,GB,133,146,203
1071,purple,IR,144,55,175
689,brown,US,114,56,32
546,green,US,33,28,8
1088,pink,US,248,87,163
921,light brown,GB,176,107,1
764,periwinkle,US,163,173,216
997,purple,US,131,71,156
947,lime,GB,186,180,0
1124,cerise,US,222,0,197
1093,royal purple,AU,112,7,165
893,pink,GB,254,180,218
533,black,US,0,0,0
1007,salmon,US,235,112,66
969,yellow,US,255,228,80
988,magenta,GB,176,45,86
1061,green,US,161,254,46
1122,violet,GB,186,58,231
955,turqoise,US,0,199,162
1033,blue,US,31,0,101
853,sky,US,71,157,201
607,dark teal,US,5,53,72
604,dark green,GB,3,56,51
632,purple,US,121,86,107
626,teal,US,48,105,116
962,purple,US,189,161,237
887,sky blue,US,117,213,255
782,aqua,GB,136,248,241
1036,purple,GB,103,38,147
937,peach,US,255,143,137
882,turquoise,US,70,223,218
1032,pink,US,255,172,255
863,mauve,GB,202,126,154
584,white,US,244,225,221
533,black,US,0,0,0
862,hot pink,US,195,128,166
745,peach,GB,221,163,119
1064,purple,US,68,3,133
935,pink,US,251,143,159
657,tan,US,232,195,159
843,green,US,50,168,123
1069,purple,US,106,73,193
653,mauve,GB,178,138,147
675,maroon,US,63,1,27
841,green,AU,93,165,88
771,light yellow,US,255,226,146
576,grey,US,181,176,147
1082,purple,GB,149,129,255
1042,coral,US,220,65,74
992,red,GB,174,56,17
980,turquoise,US,23,255,222
832,orange,US,199,135,65
1023,pink,US,230,108,145
1133,red,GB,0,0,0
697,leaf green,GB,45,81,26
1134,green,US,0,0,0
768,pink,US,212,160,187
978,blue,US,73,255,200
560,blue,GB,55,75,85
1059,pink,US,247,136,222
871,yellow,US,212,206,86
1126,blue purple,US,119,43,234
677,maroon,US,64,4,3
719,yellow,AU,136,123,41
695,green,GB,68,77,0
585,cream,AU,246,226,205
1064,purple,US,68,3,133
566,gold,US,128,123,98
703,blue,US,42,73,115
798,maroon,US,90,19,65
839,green,US,132,159,50
599,brown,US,57,49,2
810,forest green,GB,57,109,20
811,green,NZ,34,111,41
821,purple,GB,135,76,125
553,dark brown,US,43,22,33
814,azure,US,29,101,151
930,purple,US,162,100,165
931,pink,US,171,96,156
1096,red,GB,243,7,60
916,coral,US,197,88,87
876,lime green,US,124,222,155
629,gray blue,US,91,95,125
1090,lime green,GB,49,233,55
560,gray blue,GB,55,75,85
665,light blue,GB,151,213,209
865,apricot,US,255,185,122
656,eggshell,GB,238,192,169
774,yellow,US,229,236,141
875,green,GB,146,220,136
1059,pink,US,247,136,222
1130,blue,US,61,0,225
852,cyan,US,47,160,198
1059,pink,NZ,247,136,222
945,yellow,AU,205,173,17
695,olive,US,68,77,0
805,red,AU,151,76,38
683,black,US,53,9,48
916,salmon,US,197,88,87
570,blue,US,106,125,134
1096,red,US,243,7,60
942,orange,AU,235,159,65
702,blue,AU,24,75,114
750,green,US,173,181,97
1091,blue,GB,51,48,186
748,gold,US,196,174,94
567,green,GB,114,126,106
568,grey green,US,104,128,118
995,periwinkle,GB,101,82,172
904,blue,NZ,0,73,141
794,purple,US,72,31,86
751,green,US,164,184,104
972,yellow,GB,227,239,79
1134,green,US,0,0,0
885,light blue,US,81,218,249
943,yellow,US,226,164,51
625,teal,US,46,106,107
1034,blue,US,49,58,163
628,blue,GB,74,99,124
1064,blue,US,68,3,133
978,cyan,US,73,255,200
966,pink,GB,236,147,196
763,blue,US,149,177,216
942,orange,GB,235,159,65
1055,orange,GB,255,147,0
625,dark teal,US,46,106,107
849,teal,US,0,166,177
723,green,GB,69,136,95
578,seafoam,US,153,181,169
987,purple,US,95,0,91
935,pink,US,251,143,159
571,gray,US,119,122,136
894,pink,US,255,178,206
1075,purple,GB,187,0,118
1112,,GB,155,27,193
1039,purple,AU,133,0,124
674,pink,GB,62,2,32
718,dark olive green,AU,143,121,43
953,pale green,GB,28,199,142
789,red,US,96,23,0
609,dark purple,US,44,47,76
587,green,GB,219,234,203
855,blue,US,112,150,204
830,peach,GB,209,129,87
888,periwinkle,US,199,194,255
582,light pink,GB,182,172,182
772,yellow,US,250,229,141
641,green,GB,131,157,111
944,yellow orange,US,217,168,35
585,offwhite,US,246,226,205
880,aqua,GB,86,223,197
933,magenta,AU,187,90,132
686,maroon,US,117,51,60
1077,coral,US,255,81,128
966,pink,US,236,147,196
679,blue,AU,22,23,65
916,coral,GB,197,88,87
758,light blue,US,95,190,187
671,blush pink,US,218,194,217
692,brown,US,95,67,0
883,light blue,US,67,222,227
610,purple,US,57,43,72
768,pink,US,212,160,187
922,leaf green,GB,74,138,11
754,mint,US,113,191,153
721,olive green,GB,110,131,56
991,red,US,177,50,43
1002,magenta,US,173,47,99
905,purple,NZ,54,65,139
635,brown,US,183,138,130
887,sky blue,US,117,213,255
548,black,GB,16,31,26
882,teal,US,70,223,218
898,purple,US,55,0,69
876,mint green,GB,124,222,155
932,dark pink,GB,179,93,146
971,yellow,US,241,235,75
908,purple,US,103,48,123
702,blue,US,24,75,114
873,pastel yellow,US,187,213,100
741,salmon,US,223,158,159
755,green,NZ,108,191,160
810,grass green,US,57,109,20
702,blue,US,24,75,114
808,brown,US,133,87,0
1008,orange,GB,229,118,46
777,mint,US,167,247,188
838,green,US,145,156,37
915,coral,US,196,87,99
1052,hot pink,GB,199,74,156
911,plum,US,125,33,99
1061,lime green,GB,161,254,46
818,purple,US,111,85,143
873,green,US,187,213,100
798,wine,US,90,19,65
1027,green,US,179,217,3
622,green,US,64,106,80
807,brown,US,140,84,14
899,maroon,US,138,23,66
904,navy,US,0,73,141
748,yellow,GB,196,174,94
768,purple,AU,212,160,187
883,cyan,US,67,222,227
1023,pink,GB,230,108,145
573,light grey,AU,137,118,122
694,green,US,83,72,0
1058,rosa,US,234,140,237
1108,royal blue,US,47,0,160
821,plum,US,135,76,125
1065,pink,US,197,0,85
694,dark green,US,83,72,0
637,brown,US,178,142,109
594,brown,US,76,37,46
692,brown,AU,95,67,0
1138,magenta,NZ,0,0,0
817,slate,US,99,88,148
844,green,AU,36,168,131
661,green,US,183,211,159
552,black,US,37,23,40
686,purple,US,117,51,60
753,mint,US,122,190,143
702,navy blue,US,24,75,114
1056,green,US,52,202,56
721,olive,GB,110,131,56
1085,pink,US,213,107,217
851,aqua,AU,0,163,193
1003,hot pink,US,234,107,132
995,purple,US,101,82,172
1116,bubblegum,GB,244,76,218
935,baby pink,US,251,143,159
747,yellow,US,205,171,99
594,maroon,US,76,37,46
1095,red,US,242,0,86
982,navy,GB,36,36,122
1021,pink,NZ,217,113,175
674,red,US,62,2,32
601,green,US,34,54,26
788,maroon,US,98,18,18
754,turquoise,AU,113,191,153
1093,purple,US,112,7,165
1130,royal blue,GB,61,0,225
587,beige,NZ,219,234,203
781,aqua,US,139,248,231
953,teal,US,28,199,142
1105,fuchsia,US,229,28,142
871,chartreuse,AU,212,206,86
795,purple,NZ,77,28,82
939,peach,AU,253,146,108
609,navy,US,44,47,76
817,light purple,US,99,88,148
777,green,US,167,247,188
577,green,US,165,180,154
733,blue,US,97,124,164
999,purple,US,152,60,138
1039,purple,US,133,0,124
873,green,US,187,213,100
1098,periwinkle,US,77,109,247
889,lilac,US,212,191,255
640,chartreuse,US,147,153,99
1075,bright pink,GB,187,0,118
580,grey,US,159,178,185
722,forest green,US,96,133,69
1015,pastel purple,GB,121,143,233
783,light pink,US,255,216,255
703,navy,US,42,73,115
803,red,US,157,70,61
910,dark magenta,US,118,39,110
818,purple,US,111,85,143
863,pale pink,GB,202,126,154
1054,pink,US,213,65,122
1011,lime green,US,90,168,0
649,grey blue,GB,142,147,175
1076,fuschia,US,193,0,102
662,mint green,US,165,213,177
787,maroon,US,98,16,28
867,tan,US,248,193,104
563,brown,GB,89,66,72
591,white,US,226,229,239
1054,pink,US,213,65,122
583,peach,GB,188,171,174
1036,purple,US,103,38,147
875,lime green,US,146,220,136
794,purple,GB,72,31,86
978,sea foam,AU,73,255,200
975,green,US,152,253,137
819,purple,US,119,82,138
620,olive green,US,95,101,51
984,dark purple,GB,75,18,108
563,purple,GB,89,66,72
776,green,US,200,242,158
773,pastel yellow,US,244,231,139
615,maroon,US,131,85,79
755,mint,US,108,191,160
927,purple,US,124,112,186
830,brown,US,209,129,87
782,teal,US,136,248,241
1016,violet,US,148,137,228
593,pink,NZ,241,225,228
740,rose,GB,166,105,121
811,emerald green,GB,34,111,41
663,seafoam,US,157,214,189
907,violet,US,93,52,129
545,brown,GB,42,24,12
815,dark blue,US,55,98,152
750,light green,US,173,181,97
591,light gray,US,226,229,239
850,blue,US,0,165,185
947,yellow,US,186,180,0
1118,blue,US,55,32,206
628,blue,NZ,74,99,124
1017,purple,US,168,131,220
581,grey,GB,172,174,186
743,flesh,AU,226,158,146
971,yellow,GB,241,235,75
933,pink,US,187,90,132
1055,orange,NZ,255,147,0
599,olive green,GB,57,49,2
778,cyan,US,156,248,201
721,green,US,110,131,56
921,tan,US,176,107,1
933,red,GB,187,90,132
908,purple,US,103,48,123
1066,red,US,199,0,45
971,yellow,GB,241,235,75
1055,orange,US,255,147,0
713,light brown,US,171,105,95
672,light pink,US,225,193,208
1043,red,GB,219,68,53
854,teal,US,94,154,203
1011,green,GB,90,168,0
596,brown,US,77,38,28
606,navy,US,0,55,66
757,cyan,US,97,191,180
792,indigo,AU,55,38,96
1060,pink,US,255,131,206
894,light pink,US,255,178,206
923,green,US,42,141,47
716,brown,US,162,112,62
1112,purple,US,155,27,193
758,aqua,US,95,190,187
750,green,GB,173,181,97
924,blue,GB,29,128,191
658,beige,US,223,199,149
548,green,US,16,31,26
1089,pink,US,255,83,147
697,forest green,US,45,81,26
896,purple,GB,40,7,78
770,salmon,US,220,158,172
1001,pink,US,168,50,111
554,brown,GB,91,66,63
953,mint green,US,28,199,142
1115,pink,GB,230,86,236
945,yellow,GB,205,173,17
653,dusty rose,US,178,138,147
1115,pink,GB,230,86,236
670,lavender,GB,206,197,225
659,khaki,US,212,203,145
1064,violet,US,68,3,133
1014,blue,US,72,152,235
996,purple,US,120,76,164
1120,purple,US,134,86,255
1019,pink,US,197,121,200
1070,purple,US,129,63,183
1048,purple,US,148,99,202
796,purple,AU,82,25,78
753,pink,US,122,190,143
785,burgundy,US,97,14,46
903,red,US,137,33,16
952,green,US,68,198,122
598,brown,AU,65,46,7
690,brown,GB,109,59,24
826,salmon,US,210,124,128
633,purple,US,127,85,96
750,moss,US,173,181,97
1102,pink,US,192,68,198
752,green,US,149,187,116
1025,yellow,US,250,194,14
724,green,US,59,137,104
596,brown,US,77,38,28
1112,purple,GB,155,27,193
673,baby pink,US,231,192,199
1047,purple,US,125,106,212
737,light purple,US,147,110,149
1001,magenta,US,168,50,111
1130,electric blue,US,61,0,225
972,yellow,US,227,239,79
819,purple,US,119,82,138
1051,light purple,US,189,80,170
720,olive green,US,120,128,48
822,magenta,US,142,73,117
786,maroon,US,98,13,37
677,brown,US,64,4,3
552,black,GB,37,23,40
1101,violet,US,174,79,212
1038,fuchsia,US,124,16,133
800,dusty rose,US,154,69,88
627,blue,US,59,102,121
971,yellow,US,241,235,75
947,green,US,186,180,0
738,purple,US,158,107,136
664,bluegreen,US,152,214,198
547,black,US,22,31,20
862,lilac,US,195,128,166
1107,pink,US,252,124,255
937,blush,US,255,143,137
852,sky blue,AU,47,160,198
849,teal,US,0,166,177
784,red,US,95,16,53
937,salmon,US,255,143,137
947,khaki,US,186,180,0
628,blue,GB,74,99,124
1028,neon green,US,146,223,64
1027,chartreuse,GB,179,217,3
882,turquoise,US,70,223,218
986,eggplant,US,90,0,97
1006,blood orange,US,238,109,88
877,sea foam green,US,108,223,171
705,purple,US,84,62,109
608,dark blue,GB,25,51,75
605,blue green,US,0,56,59
646,light teal,US,103,157,166
850,aquamarine,US,0,165,185
1055,light orange,US,255,147,0
711,salmon,GB,170,104,108
566,brown,GB,128,123,98
1036,purple,US,103,38,147
697,dark green,US,45,81,26
633,dusty rose,US,127,85,96
759,blue,NZ,98,188,201
961,lavender,GB,172,166,245
996,purple,US,120,76,164
692,olive,US,95,67,0
874,spring green,US,166,217,117
990,red,GB,178,47,57
802,rust,US,157,69,70
852,light blue,US,47,160,198
1004,pink,US,237,106,119
648,sky blue,US,127,151,174
744,peach,US,225,160,128
617,brown,GB,125,89,58
1030,mint,US,55,230,134
1002,pink,US,173,47,99
733,blue,US,97,124,164
954,teal,US,0,199,152
948,yellow green,US,171,184,14
745,peach,US,221,163,119
844,bluegreen,GB,36,168,131
897,purple,NZ,50,0,73
645,aquamarine,AU,98,159,158
696,green,GB,59,79,11
940,peach,US,249,150,94
803,maroon,US,157,70,61
852,light blue,AU,47,160,198
793,purple,US,66,34,91
899,crimson,US,138,23,66
936,salmon,US,253,143,148
1105,magenta,US,229,28,142
736,lavender,US,139,112,154
595,brown,US,78,37,38
1108,blue,GB,47,0,160
1020,magenta,US,208,117,189
1100,,GB,157,88,222
1080,orange,US,255,88,64
737,lilac,US,147,110,149
880,blue,GB,86,223,197
718,khaki,GB,143,121,43
1119,indigo,US,99,0,194
985,lila,GB,83,9,103
1001,fuschia,US,168,50,111
706,purple,US,91,60,104
661,pale green,US,183,211,159
582,light grey,AU,182,172,182
985,purple,GB,83,9,103
538,gray,US,122,122,122
1102,magenta,US,192,68,198
831,orange,NZ,204,132,75
1080,red,US,255,88,64
862,pink,GB,195,128,166
777,mint,US,167,247,188
1104,pink,GB,217,44,165
920,orange,US,183,102,25
562,purple,GB,82,67,83
818,violet,GB,111,85,143
1106,hot pink,GB,234,17,124
1137,baby blue,US,0,0,0
734,cornflower,GB,111,120,164
1121,purple,GB,167,71,244
674,burgundy,US,62,2,32
553,black,US,43,22,33
913,pink,US,135,26,77
836,chartreuse,US,166,150,30
901,red,US,140,24,42
595,brown,US,78,37,38
886,bright blue,US,97,216,255
712,orange,US,171,104,101
955,teal,US,0,199,162
729,blue,US,33,134,150
1059,pink,US,247,136,222
1086,pink,AU,226,100,203
958,blue,US,94,182,248
1072,pink,US,157,45,164
1018,purple,US,181,126,212
571,steel blue,US,119,122,136
647,baby blue,US,114,155,172
823,dark pink,IR,148,70,106
1038,magenta,US,124,16,133
886,blue,GB,97,216,255
993,blue,US,0,98,178
776,light green,US,200,242,158
577,green,AU,165,180,154
540,gray,US,175,175,175
799,burgundy,US,93,18,59
868,beige,US,239,197,97
1055,orange,US,255,147,0
1066,red,US,199,0,45
983,indigo,US,61,27,115
921,brown,US,176,107,1
955,turquoise,GB,0,199,162
956,sky blue,US,0,190,240
832,orange,US,199,135,65
1078,bright pink,US,255,81,111
737,purple,GB,147,110,149
697,dark green,US,45,81,26
837,green,GB,157,153,30
1005,pink,GB,238,107,105
606,teal,US,0,55,66
891,pink,GB,238,184,237
1135,blue,US,0,0,0
1018,purple,US,181,126,212
736,light purple,US,139,112,154
1043,orange,US,219,68,53
851,cyan,GB,0,163,193
795,purple,GB,77,28,82
765,lavender,US,182,168,211
933,pink,US,187,90,132
660,lime,US,201,206,147
1023,blush,US,230,108,145
1025,orange,GB,250,194,14
569,cyan,GB,101,128,127
586,tan,US,235,230,196
987,magenta,US,95,0,91
1051,purple,AU,189,80,170
629,dusky blue,GB,91,95,125
864,pink,AU,205,125,145
794,plum,US,72,31,86
649,light blue,US,142,147,175
1138,pink,US,0,0,0
985,dark purple,US,83,9,103
908,purple,US,103,48,123
669,ice blue,US,193,201,228
607,dark blue,AU,5,53,72
730,blue green,US,45,133,155
802,red,US,157,69,70
694,olive,GB,83,72,0
671,lilac,GB,218,194,217
1111,purple,AU,139,44,204
938,salmon,US,255,144,124
1021,candy pink,GB,217,113,175
609,denim,US,44,47,76
965,pink,US,227,149,208
1119,purple,AU,99,0,194
592,eggshell,US,235,226,234
792,purple,GB,55,38,96
583,pink,US,188,171,174
715,tan,GB,166,110,70
936,rose,US,253,143,148
554,brown,US,91,66,63
772,pale yellow,GB,250,229,141
778,sea foam green,US,156,248,201
843,green,NZ,50,168,123
661,offwhite,GB,183,211,159
