"This colour naming dataset was collected @colornaming.net and published in Mylonas, D., MacDonald, L., & Griffin, L. D. (2017). Differences in Color Naming between British and American English Speakers. 13th AIC Congress.",,,,,
It is licenced under CC BY-NC (Attribution-NonCommercial): https://creativecommons.org/licenses/by-nc/4.0/deed.en,,,,,
Author: Dimitris Mylonas: dimitris.mylonas@nulondon.ac.uk,,,,,
target_id,name,country_resident,red,green,blue
1044,Orange,GB,214,76,18
921,Orange,US,176,107,1
945,Olive,US,205,173,17
714,Brown ,GB,169,107,78
1125,Blue,US,62,64,250
546,Black,GB,33,28,8
748,Tan,US,196,174,94
1021,Pink,US,217,113,175
960,light purple,GB,151,171,249
563,Brown,GB,89,66,72
828,peach,US,212,125,110
925,Blue,US,67,124,192
704,elegant blue-purple,GB,62,68,115
791,Blue,US,37,43,100
544,brown,US,45,21,25
910,purple,US,118,39,110
786,red,US,98,13,37
749,pale olive,GB,189,177,93
898,Purple,US,55,0,69
874,Light green?,US,166,217,117
1067,dark red,US,197,0,22
816,Blue,GB,82,93,151
1059,Pink,US,247,136,222
1064,Purple,US,68,3,133
1101,violet,US,174,79,212
941,Creamsicle ,US,242,154,79
981,light teal,US,0,255,235
694,hazel,US,83,72,0
713,Orange,US,171,105,95
736,Lavender ,US,139,112,154
993,blue,GB,0,98,178
716,brown,US,162,112,62
794,purple,US,72,31,86
994,Blue,US,72,90,177
775,yellow,US,219,238,145
888,blue,US,199,194,255
730,teal,US,45,133,155
1072,purple,US,157,45,164
843,Jade green,AU,50,168,123
802,brick,US,157,69,70
538,grey,US,122,122,122
945,Yellow,US,205,173,17
653,pink,US,178,138,147
829,Orange,US,211,126,98
621,bamboo green,US,79,104,64
671,white,US,218,194,217
845,綠松石,GB,15,168,139
972,yellow,GB,227,239,79
542,white,GB,229,229,229
1021,kiss,GB,217,113,175
688,brown ,US,117,52,47
816,Light navy ,US,82,93,151
696,green,US,59,79,11
672,white,US,225,193,208
538,Grey,US,122,122,122
965,pink,GB,227,149,208
921,orange,US,176,107,1
654,salmon,US,235,191,191
952,grassy green,US,68,198,122
680,indigo,GB,41,16,58
788,maroon,US,98,18,18
895,dark blue,US,24,14,84
651,offgrey,US,165,141,165
686,Burgundy,US,117,51,60
989,dark red,GB,178,45,74
1081,orange,US,255,97,20
1121,magenta ,GB,167,71,244
636,brown,US,182,139,119
593,Off white,GB,241,225,228
809,Forest green,US,79,106,0
752,Sage green ,US,149,187,116
1065,Red,US,197,0,85
546,Black,US,33,28,8
723,Green,NZ,69,136,95
775,yellow,GB,219,238,145
1015,blue,GB,121,143,233
1119,purple,US,99,0,194
824,Plum,GB,152,69,97
1112,Purple,US,155,27,193
811,kelly green,GB,34,111,41
943,mustard,US,226,164,51
723,light green,US,69,136,95
794,darkish purple,GB,72,31,86
965,pink,US,227,149,208
641,Зеленый,GB,131,157,111
1109,Pthalo blue,US,60,75,229
601,green ,US,34,54,26
865,Peach,US,255,185,122
603,tumeroheline,US,13,56,44
1015,dusty blue,US,121,143,233
1064,deeper ,AU,68,3,133
1092,Purple,US,91,32,175
552,A very dark purple,US,37,23,40
992,orange,US,174,56,17
733,blue,GB,97,124,164
687,brown,GB,117,51,53
1066,Rojo,US,199,0,45
799,magenta,US,93,18,59
747,Açık hardal ,GB,205,171,99
1026,Yellow,US,236,200,0
564,Gray,US,140,117,114
652,Blush,US,172,139,156
895,navy,GB,24,14,84
700,Green,GB,0,84,63
707,Purple ,GB,97,57,100
555,brown,NZ,87,68,55
927,lavender,US,124,112,186
621,Green,US,79,104,64
794,plum,US,72,31,86
979,aqua,US,53,255,212
682, dark purple,US,48,12,53
822,purple,US,142,73,117
897,purple,GB,50,0,73
612,Bordeaux,GB,70,39,60
1126,Bright purple,US,119,43,234
557,Dark Green,US,64,75,60
769,Pink,US,217,159,178
717,green,US,150,118,48
560,navy,US,55,75,85
543,white,US,255,255,255
995,Purple,US,101,82,172
1057,bright lilac,US,214,148,253
653,Puce,US,178,138,147
1121,Neon purple,GB,167,71,244
922,Green ,GB,74,138,11
546,Black,US,33,28,8
897,navy blue,AU,50,0,73
837,lime green,GB,157,153,30
1054,woman barbie pink,US,213,65,122
936,corral ,AU,253,143,148
750,dull green,US,173,181,97
928,purple,US,139,108,181
538,grey,GB,122,122,122
761,pale blue,US,114,185,211
752,Prigušena svetlozelena,GB,149,187,116
609,Royal blue,US,44,47,76
909,purple,US,111,43,117
1038,Magenta,US,124,16,133
922,green,US,74,138,11
779,mint,US,150,248,209
783,baby pink,US,255,216,255
848,Teal,US,0,167,167
742,Rose,GB,225,158,153
868, Yellow,AU,239,197,97
1004,Yavruagzi ,US,237,106,119
1037,purple,GB,114,29,140
977,Mint,US,90,255,189
612,Royal purple,US,70,39,60
796,purple,GB,82,25,78
846,Aquamarine,US,0,168,147
943,orange,GB,226,164,51
622,Alligator,US,64,106,80
581,grey,GB,172,174,186
1001,Rose,US,168,50,111
786,Maroon,AU,98,13,37
1129,hot pink,US,255,30,232
985,Violet,GB,83,9,103
981,aqua,AU,0,255,235
856,hallikassinine,US,133,146,203
734,Blue,GB,111,120,164
736,Mauve,GB,139,112,154
609,Blue,US,44,47,76
1063,blue,US,41,22,141
1025,yellow,US,250,194,14
750,Puce ,US,173,181,97
926,Blue,US,102,118,190
708,purple,US,107,54,88
810,Old grass ,GB,57,109,20
712,pink,GB,171,104,101
687,brick red,US,117,51,53
690,brown ,GB,109,59,24
1002,magenta,US,173,47,99
1120,mid lilac,GB,134,86,255
702,Blue,GB,24,75,114
533,black,GB,0,0,0
545,kpoyu kahverengi,GB,42,24,12
1054,HOT PINK,US,213,65,122
926,blue,US,102,118,190
993,正蓝,AU,0,98,178
908,Royal purple,US,103,48,123
1088,hot pink,US,248,87,163
1056,Green,US,52,202,56
618,Yellow,US,116,94,51
566,green,US,128,123,98
638,Camel,US,169,146,100
1004,coral,US,237,106,119
828,peach,US,212,125,110
943,Yellow,US,226,164,51
759,teal,US,98,188,201
689,dark ginger,GB,114,56,32
1137,Aqua?,US,0,0,0
1001,Pink,GB,168,50,111
599,green,US,57,49,2
788,maroon,NZ,98,18,18
1032,pink,US,255,172,255
896,Purple,AU,40,7,78
795,purple,US,77,28,82
1046,electric blue,US,90,115,218
1065,マゼンダ,GB,197,0,85
619,khaki ,GB,106,97,47
1094,pink,US,239,2,105
1011,Green,US,90,168,0
800,red,US,154,69,88
911,plum,GB,125,33,99
893,barbie pink,AU,254,180,218
861,Bubblegum pink ,GB,189,130,175
1005,pink,GB,238,107,105
1030,light turquoise green,GB,55,230,134
564,brown,US,140,117,114
585,beige,US,246,226,205
926,periwinkle,US,102,118,190
785,red,US,97,14,46
979,bright cyan,US,53,255,212
618,brown,GB,116,94,51
565,beige,US,138,119,104
871,Yellow,US,212,206,86
591,off white,US,226,229,239
738,Light magenta,US,158,107,136
849,teal,US,0,166,177
942,orange,GB,235,159,65
790,blue,US,0,49,103
968,Pink,US,247,144,171
769,Pale bubblegum,US,217,159,178
903,red,US,137,33,16
747,浅土黄,US,205,171,99
547,off green black,GB,22,31,20
654,pink,US,235,191,191
941,saffron,GB,242,154,79
948,lime,US,171,184,14
569,Grey green,US,101,128,127
822,mangta,NZ,142,73,117
566,green,AU,128,123,98
1040,bright pink,GB,217,64,107
793,Purple,US,66,34,91
607,ble,GB,5,53,72
826,pink,US,210,124,128
695,Dark green,GB,68,77,0
800,maroon,US,154,69,88
756,turquoise ,US,100,191,172
547,forest green,US,22,31,20
874,green,US,166,217,117
850,Turquoise ,GB,0,165,185
666,Pale seafoam green,US,153,212,218
1083,Lilac,US,178,120,244
1019,Salmon,NZ,197,121,200
818,dark lilac,GB,111,85,143
900,bordoopunane,US,140,22,55
932,dark magenta,GB,179,93,146
818,purple,US,111,85,143
756,Green,US,100,191,172
1008,grey,AU,229,118,46
985,purple,GB,83,9,103
623,Forest,US,56,106,89
584,beige,GB,244,225,221
776,mint green,US,200,242,158
1023,pink,GB,230,108,145
924,Cerulean,GB,29,128,191
540,grey,GB,175,175,175
962,lavender,US,189,161,237
1044,Orange,US,214,76,18
987,morado uva,US,95,0,91
596,poop,US,77,38,28
847,teal,US,0,168,158
545,bronw,AU,42,24,12
696,Green,US,59,79,11
939,tangerine,US,253,146,108
847,aqua green,US,0,168,158
792,blue,US,55,38,96
889,Hayli,AU,212,191,255
719,olive,NZ,136,123,41
703,Dark blue,GB,42,73,115
1032,pink,GB,255,172,255
1108,royal blue,US,47,0,160
753,light teal,GB,122,190,143
1100,Purple,US,157,88,222
723,dark green,GB,69,136,95
976,Green,AU,119,255,166
922,Green,US,74,138,11
586,pale yellow,US,235,230,196
762,blue,US,138,179,215
603,green,US,13,56,44
1135,blue,GB,0,0,0
842,green,US,69,167,109
1132,blue,US,127,0,255
601,green,GB,34,54,26
1093,purple,US,112,7,165
860,Lavender,US,181,132,183
687,Red brown,US,117,51,53
1022,Pink,US,226,110,158
687,Brick,US,117,51,53
569,teal,US,101,128,127
750,yellow,US,173,181,97
670,Lavander,NZ,206,197,225
1022,Pink,GB,226,110,158
739,mauve ,US,163,105,127
965,pink,US,227,149,208
838,Green,US,145,156,37
710,plum,US,114,51,74
558,forest green,US,57,76,69
914,red,US,194,88,110
567,sage,US,114,126,106
1054,dark pink,AU,213,65,122
854,Aqua,US,94,154,203
1080,ornage,US,255,88,64
917,salmon,GB,197,89,74
565,mid brown,US,138,119,104
939,orange,US,253,146,108
982,Royal blue,AU,36,36,122
1123,fuschia,US,207,33,215
670,Light pink,US,206,197,225
1001,dark pink,GB,168,50,111
1096,red,US,243,7,60
965,Pink,US,227,149,208
1111,purple,US,139,44,204
974,Kelly green ,US,181,249,111
1108,royal blue,AU,47,0,160
729,blue,GB,33,134,150
729,ocean blue,AU,33,134,150
962,pink,US,189,161,237
654,baby pink,GB,235,191,191
889,lavendar,US,212,191,255
564,Grey brown ,US,140,117,114
853,aquamarine,US,71,157,201
938,peach,US,255,144,124
625,rich green,GB,46,106,107
535,Dark gray,US,49,49,49
934,pjnk,US,191,88,121
1096,Rojo,US,243,7,60
1122,purple,GB,186,58,231
927,purple,GB,124,112,186
1047,purple,US,125,106,212
658,Beige,GB,223,199,149
1084,Purple,US,194,115,233
895,Indigo,US,24,14,84
975,Light green,US,152,253,137
1093,Neon purple ,GB,112,7,165
626,blue,US,48,105,116
603,green,US,13,56,44
791,Blue,US,37,43,100
713,red,US,171,105,95
698,forest green,US,7,83,50
903,Red,US,137,33,16
851,cobalt,GB,0,163,193
645,light blue,GB,98,159,158
745,Light Brownish-Red,NZ,221,163,119
703,blu,US,42,73,115
993,Warm blue,GB,0,98,178
642,green,AU,114,159,127
571,80% grey,US,119,122,136
637,camel,GB,178,142,109
808,brown,GB,133,87,0
837,Puke,US,157,153,30
583,grey,US,188,171,174
1050,Bright Orchid,US,177,86,182
813,warm blue,GB,0,104,149
1130,bright blue,GB,61,0,225
896,plum,US,40,7,78
1077,Dark salmon pink,GB,255,81,128
992,burnt orange,GB,174,56,17
725,green,US,53,137,110
1007,Mandarin,GB,235,112,66
556,dark olive green,US,77,72,52
1086,barbapappa pink,GB,226,100,203
535,dark grey,GB,49,49,49
956,Blue,GB,0,190,240
723,roheline,US,69,136,95
1039,purple,GB,133,0,124
658,Dark cream,GB,223,199,149
932,Pink,AU,179,93,146
960,Periwinkle,US,151,171,249
613,Brown,US,74,37,54
895,navy,US,24,14,84
1060,candy pink,GB,255,131,206
923,green,US,42,141,47
977,ligth green,AU,90,255,189
546,black,US,33,28,8
979,Niya,US,53,255,212
547,forest green,GB,22,31,20
535,gray,US,49,49,49
1070,Purple,US,129,63,183
605,forest green,GB,0,56,59
557,forest green,US,64,75,60
553,Plum,US,43,22,33
855,periwinkle blue,US,112,150,204
916,pink,US,197,88,87
631,purple,US,114,88,116
959,Sky blue,US,120,178,249
701,dark teal,GB,0,79,110
980,blue,US,23,255,222
980,turquoise,GB,23,255,222
828,Apricot,US,212,125,110
643,green,US,105,160,138
1029,green,US,110,227,99
1097,red,US,239,31,29
553,Dark purple,US,43,22,33
1057,purple,US,214,148,253
649,Pale blue,GB,142,147,175
829,Biscuit,AU,211,126,98
721,green,US,110,131,56
802,wine,US,157,69,70
764,navy blue,AU,163,173,216
1071,violey,US,144,55,175
1130,blue,GB,61,0,225
858,Light purple,GB,160,138,197
968,Bubble gum,US,247,144,171
889,lavender,AU,212,191,255
874,lime green,NZ,166,217,117
674,dark maroon,AU,62,2,32
630,purple ish blue,US,104,91,122
935,Salmon,US,251,143,159
759,Turquoise,AU,98,188,201
606,Navy ,GB,0,55,66
663,light green,US,157,214,189
612,Brown ,US,70,39,60
568,Green,GB,104,128,118
1127,Lilac,GB,149,3,220
642,green,US,114,159,127
630,Grape,US,104,91,122
1052,Pink,GB,199,74,156
593,off white,US,241,225,228
904,blue,US,0,73,141
1083,purple,US,178,120,244
639,Olive,US,159,150,96
1104,hot pink,US,217,44,165
605,Teal,US,0,56,59
835,mustard yellow,US,174,147,35
570,grey,GB,106,125,134
952,Green,US,68,198,122
698,Green,US,7,83,50
664,Light teal,US,152,214,198
991,firetruck red,US,177,50,43
1103,pink,US,205,57,183
725,Seafoam green,GB,53,137,110
637,red,US,178,142,109
1085,purple,GB,213,107,217
1002,Hot Pink ,US,173,47,99
578,sage,NZ,153,181,169
807,ochre,GB,140,84,14
676,maroon,US,64,1,21
589,Robins Egg,US,203,236,233
1056,green,GB,52,202,56
866,Yellow-orange,US,255,188,113
636,peach,US,182,139,119
535,gray,US,49,49,49
535,Grey,GB,49,49,49
929,violet,GB,150,104,174
1115,pink,GB,230,86,236
1016,lavender,GB,148,137,228
902,red,AU,139,29,30
580,sky blue,US,159,178,185
591,ivory,NZ,226,229,239
851,cyan,US,0,163,193
805,brown,AU,151,76,38
643,Blue-Green,US,105,160,138
1004,pink,GB,237,106,119
877,light green,US,108,223,171
579,blue grey,US,151,181,179
869,Yellow,US,228,201,89
852,dodger,US,47,160,198
709,purple,US,111,52,81
926,Blue,US,102,118,190
717,olive,GB,150,118,48
701,dark blue,US,0,79,110
744,Peach,GB,225,160,128
900,Red,US,140,22,55
697,Forest,US,45,81,26
658,beige,US,223,199,149
1095,red,US,242,0,86
1041,水红,US,219,64,92
606,Teal,US,0,55,66
854,light blue,IR,94,154,203
922,grass green,GB,74,138,11
683,Deep purple,GB,53,9,48
835,Gold,AU,174,147,35
860,Light purple,US,181,132,183
957,light blue,GB,54,187,244
744,Peach,US,225,160,128
1107,Magenta,AU,252,124,255
1098,blue,NZ,77,109,247
698,Green,GB,7,83,50
1058,lilac,US,234,140,237
754,green,US,113,191,153
775,green,US,219,238,145
796,purple,US,82,25,78
690,brown,US,109,59,24
1097,Red,US,239,31,29
770,Pink,US,220,158,172
611,Purple,US,64,40,67
975,green,US,152,253,137
971,yellow,US,241,235,75
739,Dusty rose,US,163,105,127
777,green,US,167,247,188
1119,Violet,US,99,0,194
991,red,US,177,50,43
662,green,US,165,213,177
721,olive green,US,110,131,56
1031,green,US,0,231,160
656,sand,US,238,192,169
782,Cyan,US,136,248,241
764,Light blue,US,163,173,216
1039,Magenta,US,133,0,124
718,yellow ochre,US,143,121,43
1119,purple,US,99,0,194
987,purple,GB,95,0,91
754,Green,US,113,191,153
756,aquamarine,US,100,191,172
649,lilac,US,142,147,175
915,salmon,US,196,87,99
992,Brick orange ,US,174,56,17
1088,pink,US,248,87,163
946,Sunflower,US,195,177,1
639,beige,US,159,150,96
720,poopygreen like poppy,AU,120,128,48
652,purple,US,172,139,156
691,Brown,US,105,62,17
878,light teal,US,100,223,180
699,green,US,0,84,57
1067,Red,US,197,0,22
763,powder blue,US,149,177,216
705,eggplant purple ,US,84,62,109
1043,pink-orange,US,219,68,53
1127,violet,AU,149,3,220
851,Light Blue,US,0,163,193
904,Blue ,US,0,73,141
783,heleroosa,US,255,216,255
1000,Pink,AU,161,55,126
750,hallikasroheline,GB,173,181,97
1120,purple,US,134,86,255
1025,Gold,US,250,194,14
826,pink,US,210,124,128
968,Pink,AU,247,144,171
902,Red,US,139,29,30
917,Orange ,GB,197,89,74
756,blue,US,100,191,172
1031, Turquoise,AU,0,231,160
1033,navy blue,GB,31,0,101
769,pink,US,217,159,178
749,Mustard,US,189,177,93
1097,true red,US,239,31,29
782,Light blue,GB,136,248,241
624,Green,GB,49,106,97
736,lavender,US,139,112,154
686,Red,US,117,51,60
626,turquoise,US,48,105,116
707,violet,GB,97,57,100
536,Gray,US,72,72,72
1084,bright pink,GB,194,115,233
666,Baby blue ,US,153,212,218
553,Dark Brown,US,43,22,33
812,GREEN,US,0,113,63
642,Green,US,114,159,127
694,green,GB,83,72,0
864,DARK PINK,US,205,125,145
1074,pink,US,178,21,136
896,purple,GB,40,7,78
715,grey,AU,166,110,70
1090,Green,US,49,233,55
1061,Light green,GB,161,254,46
945,Yellow,US,205,173,17
1054,magenta,US,213,65,122
773,yellow,US,244,231,139
784,burgandy,US,95,16,53
579,Robin's egg blue,US,151,181,179
1106,pink,US,234,17,124
555,fan,AU,87,68,55
912,Magenta,US,131,29,88
1124,purple,US,222,0,197
629,blue,US,91,95,125
954,teal,US,0,199,152
937,Pink,AU,255,143,137
949,verde ,AU,155,188,39
1039,Purple,US,133,0,124
848,Blue Green,US,0,167,167
695,green,US,68,77,0
1130,Blue,US,61,0,225
1003,Pink,GB,234,107,132
1041,coral pink,GB,219,64,92
1014,sky blue,US,72,152,235
840,Avocado Green,AU,112,163,70
782,Mint,GB,136,248,241
967,pink,NZ,243,145,181
1120,purple,GB,134,86,255
744,orange,US,225,160,128
596,rich brown,GB,77,38,28
1118,blue ,US,55,32,206
820,purple,US,128,79,132
1024,egg yolk,AU,255,189,41
878,dark mint,US,100,223,180
859,Light purple,US,170,135,191
830,peach,US,209,129,87
1093,purple,GB,112,7,165
568,Teal,US,104,128,118
627,steel blue,US,59,102,121
809,forest green,NZ,79,106,0
561,Blue,US,69,71,88
680,dark purple,US,41,16,58
704,Indigo,US,62,68,115
1106,pink,US,234,17,124
721,Green,US,110,131,56
804,marron ,AU,155,72,50
754,green,GB,113,191,153
1107, Hot Pink,GB,252,124,255
857,Lavender,GB,148,142,200
827,pink,US,211,124,120
653,Pink,GB,178,138,147
632,Mauve,AU,121,86,107
1088,Boring blush ,GB,248,87,163
612,Purple,US,70,39,60
1102,Purple,US,192,68,198
1046,blue,US,90,115,218
715,Burnt orange,US,166,110,70
625,Teal,US,46,106,107
716,brown,US,162,112,62
659,Beige,US,212,203,145
571,gray,US,119,122,136
927,Purple,US,124,112,186
879,Teal,US,93,223,189
1111,ugly purple,US,139,44,204
691,brown,US,105,62,17
621,Olive,AU,79,104,64
533,Black,US,0,0,0
693,olive,US,89,70,0
1006,Old toy wagon,US,238,109,88
705,purple,GB,84,62,109
699,green,GB,0,84,57
560,Black,US,55,75,85
888,blue,GB,199,194,255
577,grey,US,165,180,154
670,Lilac,US,206,197,225
575,Beige ,GB,191,172,154
1093,purple,GB,112,7,165
583,off white,US,188,171,174
667,PALE BLUE,US,163,209,225
1083,Purple,US,178,120,244
984,purple,GB,75,18,108
572,Purple,GB,130,119,131
722,olive green,US,96,133,69
1028,Neon/electric green ,US,146,223,64
733,Blue ,US,97,124,164
1127,Purple,US,149,3,220
935,Watermelon Pink,US,251,143,159
1123,Magenta,US,207,33,215
988,Red,GB,176,45,86
1080,orange-red,US,255,88,64
666,light blue,GB,153,212,218
750,Green,US,173,181,97
638,tan,US,169,146,100
901,red,US,140,24,42
854,sky blue,US,94,154,203
823,blush pink,US,148,70,106
551,Stacey,US,26,27,43
967,Mestacalca,GB,243,145,181
862,pink,US,195,128,166
987,plum,US,95,0,91
870,Zuta,US,219,204,86
697,Forest green,AU,45,81,26
880,Cyan,US,86,223,197
536,Standard Gray,US,72,72,72
848,till,US,0,167,167
906,Blue,US,78,58,135
1138,Magenta,US,0,0,0
816,purple,US,82,93,151
602,Green,US,21,56,38
1060,pink,US,255,131,206
953,Green,AU,28,199,142
694,moss,GB,83,72,0
602,Dark green,NZ,21,56,38
1111,purple,US,139,44,204
639,Muted yellow,US,159,150,96
852,Light Blue,US,47,160,198
1008,orange ,GB,229,118,46
694,brown,US,83,72,0
1124,Fuchsia,US,222,0,197
931,purple,US,171,96,156
914,Pembe,GB,194,88,110
941,orange,US,242,154,79
1114,Magenta,US,207,100,254
931,Light burgundy,GB,171,96,156
897,Dark purple,GB,50,0,73
690,Brown,GB,109,59,24
747,Dusty yellow ,GB,205,171,99
969,Yellow,US,255,228,80
937,peach,US,255,143,137
809,moss green,GB,79,106,0
641,brighter green,US,131,157,111
1073,magenta,US,167,36,151
619,olive,GB,106,97,47
789,maroon,US,96,23,0
940,Peach,GB,249,150,94
631,Amethyst,NZ,114,88,116
1089,hot pink ,GB,255,83,147
785,burgundy,US,97,14,46
845,turquoise ,US,15,168,139
754,mint,US,113,191,153
732,airforce blue,GB,85,126,163
668,sky blue,US,179,205,228
990,red,GB,178,47,57
984,purple,US,75,18,108
611,eggplant,US,64,40,67
1073,purple,US,167,36,151
891,Lavender,US,238,184,237
677,ox blood red,GB,64,4,3
1009,Orange,US,221,124,21
940,Orange,GB,249,150,94
992,Maroon,GB,174,56,17
1042,Red,US,220,65,74
554,brown,GB,91,66,63
911,magenta,US,125,33,99
1105,fushia,US,229,28,142
544,Brown-black,US,45,21,25
596,Chocolate brown,GB,77,38,28
1092,Purple,US,91,32,175
712,Reddish brown,AU,171,104,101
935,pink,US,251,143,159
1066,Red,GB,199,0,45
1044,red,GB,214,76,18
666,Turquoise ,GB,153,212,218
756,Turquoise ,US,100,191,172
908,purple,GB,103,48,123
621,green,US,79,104,64
753,green,US,122,190,143
698,green,US,7,83,50
982,blue,US,36,36,122
764,blue,GB,163,173,216
991,red-orange,US,177,50,43
923,Dark green,US,42,141,47
1098,blue,GB,77,109,247
1066,red,GB,199,0,45
1028,green,GB,146,223,64
1052,Pink,US,199,74,156
910,purple,US,118,39,110
539,Grey,US,148,149,148
924,blue,US,29,128,191
950,Grepla,GB,129,193,70
625,sea green,US,46,106,107
831,peach,AU,204,132,75
734,Plava,US,111,120,164
1085,magenta,US,213,107,217
693,brown,US,89,70,0
1043,Red,US,219,68,53
916,Red,NZ,197,88,87
677,Burgundy,US,64,4,3
912,cherry,GB,131,29,88
839,green,GB,132,159,50
807,Orange yellow,US,140,84,14
754,Aqua,AU,113,191,153
930,Purple,US,162,100,165
700,green,US,0,84,63
1056,lime green,GB,52,202,56
1082,Purple,US,149,129,255
1108,Blue,US,47,0,160
1012,green,US,47,171,52
748,mustard,US,196,174,94
872,Green,US,200,210,92
823,cranberry,US,148,70,106
888,periwinkle,US,199,194,255
1097,Blood,GB,239,31,29
999,purple,US,152,60,138
945,yellow,US,205,173,17
670,light lavender,US,206,197,225
803,Light brown ,US,157,70,61
791,navy,US,37,43,100
994,blue,GB,72,90,177
888,Lilac,US,199,194,255
607,Deep Blue,GB,5,53,72
870,Yellow,US,219,204,86
1010,Orange,US,211,130,0
739,mauve,US,163,105,127
720,jungle green,US,120,128,48
1011,lime green,US,90,168,0
1006,orange,US,238,109,88
546,black,GB,33,28,8
912,Purple,US,131,29,88
698,green,US,7,83,50
733,Blue,GB,97,124,164
793,Dark purple,GB,66,34,91
1053,pink,AU,209,68,136
909,Dark vibes,IR,111,43,117
885,Light blue,US,81,218,249
673,light pink,GB,231,192,199
730,cyan,US,45,133,155
1107,pink,US,252,124,255
813,blue,US,0,104,149
584,tan,US,244,225,221
900,Deep red,US,140,22,55
613,Wine,US,74,37,54
932,Purple,GB,179,93,146
1081,orange,US,255,97,20
865,Orange,GB,255,185,122
593,eggshell white,US,241,225,228
543,cream,GB,255,255,255
1080,rojo,AU,255,88,64
1136,Yellow,GB,0,0,0
552,black,GB,37,23,40
1072,purple,US,157,45,164
851,blue,US,0,163,193
715,Brown,US,166,110,70
586,white,US,235,230,196
1036,紫,GB,103,38,147
1050,violet,US,177,86,182
1078,pink,AU,255,81,111
1070,purple,US,129,63,183
1103,hot purple-pink,AU,205,57,183
1103,magenta,US,205,57,183
816,indigo,GB,82,93,151
1112,Purple,US,155,27,193
642,greeb,US,114,159,127
743,salmon,US,226,158,146
837,ochre,GB,157,153,30
1026,yellow,US,236,200,0
544,black,US,45,21,25
843,Green,US,50,168,123
970,Yellow,US,250,232,76
1061,kight greens ,US,161,254,46
815,blue,US,55,98,152
875,flourescent green,GB,146,220,136
853,sky blue,US,71,157,201
931,Dark rose ,GB,171,96,156
541,grey,GB,202,202,201
712,Pink,US,171,104,101
820,mor,GB,128,79,132
763,light blue,US,149,177,216
612,marroon,US,70,39,60
550,navy,US,12,30,40
744,Pale Orange,GB,225,160,128
969,yellow,GB,255,228,80
1089,Pink,US,255,83,147
1009,grey,AU,221,124,21
602,pine green,US,21,56,38
548,black,US,16,31,26
790,Blue,US,0,49,103
975,neon green,US,152,253,137
661,light blue ,US,183,211,159
635,Ecru,US,183,138,130
874,green,US,166,217,117
821,aubergine,GB,135,76,125
1138,pink,US,0,0,0
553,Brown,AU,43,22,33
656,Light pink,AU,238,192,169
903,Red,US,137,33,16
1043,Red,US,219,68,53
934,Pink,US,191,88,121
675,dark purple,US,63,1,27
815,medium blue,US,55,98,152
1124,Pink,GB,222,0,197
704,blue,US,62,68,115
726,teal,US,42,137,122
1075,bright rose pink,US,187,0,118
788,Dark red,US,98,18,18
571,grey,GB,119,122,136
972,Yellow,GB,227,239,79
1105,Hot pink,US,229,28,142
632,Purple ,US,121,86,107
940,orange ,GB,249,150,94
675,Umber,US,63,1,27
1106,pink,US,234,17,124
798,Purple,US,90,19,65
890,Pastel Pink,GB,222,188,249
702,ultramarine,US,24,75,114
1049,neon lavender,US,162,93,193
841,green,US,93,165,88
838,lime,NZ,145,156,37
620,Olive green,GB,95,101,51
704,cobolt blue,GB,62,68,115
1039,Pink,US,133,0,124
563,Brown,US,89,66,72
1104,pink,US,217,44,165
871,yellow,GB,212,206,86
818,Light purple,US,111,85,143
986,deep purple,US,90,0,97
811,green,GB,34,111,41
892,Pembe,US,246,182,228
866,orange,US,255,188,113
690,brown,US,109,59,24
906,Purple,US,78,58,135
534,black,US,28,28,28
954,turquoise,GB,0,199,152
813,teal blue,AU,0,104,149
809,kelly green,US,79,106,0
1123,Fushia,GB,207,33,215
758,Dull turquoise,GB,95,190,187
761,Cyan,US,114,185,211
1132,purple,AU,127,0,255
710,Purple,GB,114,51,74
1098,blue,US,77,109,247
666,Teal,GB,153,212,218
547,Green,US,22,31,20
1138,hot pink,US,0,0,0
824,Dark pink,GB,152,69,97
1043,Red,GB,219,68,53
617,brown,US,125,89,58
815,ocean blue,GB,55,98,152
839,lime green,GB,132,159,50
1025,taxicab yellow,US,250,194,14
957,blue,GB,54,187,244
551,Black,NZ,26,27,43
802,red,US,157,69,70
1105,pink,US,229,28,142
751,green,US,164,184,104
568,sage,GB,104,128,118
767,pink,GB,200,163,200
1012,green,US,47,171,52
757,pale jade,GB,97,191,180
958,blue,US,94,182,248
1109,electric blue,GB,60,75,229
733,Denim blue,US,97,124,164
687,Carmine red,US,117,51,53
1078,salmon,US,255,81,111
618,brown,GB,116,94,51
645,Teal,US,98,159,158
1089,pink,US,255,83,147
788,Maroon,US,98,18,18
713,orange,US,171,105,95
859,lilac,GB,170,135,191
923,green,AU,42,141,47
808,burnt orange,US,133,87,0
693,brown,US,89,70,0
781,Cyan,US,139,248,231
1049,purple,US,162,93,193
580,steel blue,GB,159,178,185
833,Ochre,GB,191,139,54
745,Orange,US,221,163,119
771,beige,US,255,226,146
587,mint green,US,219,234,203
780,aqua,GB,142,248,223
1034,Blue,US,49,58,163
626,moms eyeshadow blue,US,48,105,116
1138,FUSCIA,US,0,0,0
1091,cobalt blue,US,51,48,186
676,Maroon,US,64,1,21
906,Eggplant,US,78,58,135
688,Dusty red,GB,117,52,47
776,green,US,200,242,158
586,Yellow,US,235,230,196
741,pink,US,223,158,159
708,Plum,US,107,54,88
1029,green,US,110,227,99
1069,Violet,US,106,73,193
950,green,US,129,193,70
601,forest green,US,34,54,26
562,Purple,US,82,67,83
805,rust,US,151,76,38
661,mint,US,183,211,159
1035,紫蓝色,GB,83,48,156
552,Black,US,37,23,40
1055,oranzh,US,255,147,0
1027,Lime,AU,179,217,3
1018,lavender,US,181,126,212
927,very light purple,US,124,112,186
541,Steel gray,US,202,202,201
1124,Fuschia,US,222,0,197
769,Pink,US,217,159,178
849,Turquoise ,AU,0,166,177
600,Dark forest green,GB,47,52,12
991,red,US,177,50,43
866,orange,US,255,188,113
835,mustard,US,174,147,35
1104,Magenta,US,217,44,165
959,Periwinkle,US,120,178,249
771,Yellow,US,255,226,146
745,peach,US,221,163,119
807,Brown,US,140,84,14
812,Green,AU,0,113,63
586,off-white,US,235,230,196
777,light teal,GB,167,247,188
863,pink,US,202,126,154
738,pink,US,158,107,136
901,red,US,140,24,42
1099,purple,US,128,98,235
1058,barbie pink,GB,234,140,237
849,blue,GB,0,166,177
606,blue,US,0,55,66
560,Teal,GB,55,75,85
661,pastel green,US,183,211,159
647,blue,AU,114,155,172
788,red,US,98,18,18
808,brown,NZ,133,87,0
769,mauve,US,217,159,178
999,purple,US,152,60,138
684,Berry,US,56,7,45
879,white turquoise ,GB,93,223,189
1076,Magenta,US,193,0,102
558,Green,US,57,76,69
716,Gold,US,162,112,62
780,neon turquoise ,US,142,248,223
1107,Pelpon,GB,252,124,255
1095,Magenta,US,242,0,86
753,green,US,122,190,143
859,Purple,US,170,135,191
849,blue,US,0,166,177
970,Yellow,GB,250,232,76
812,green,US,0,113,63
970,yellow,US,250,232,76
979,Arsenic,GB,53,255,212
608,Midnight blue,US,25,51,75
676,maroon,US,64,1,21
901, dark red,US,140,24,42
958,cyan,US,94,182,248
1075,dark pink,GB,187,0,118
717,Green,US,150,118,48
1116,Magenta,US,244,76,218
675,dark maroon ,US,63,1,27
821,wine,AU,135,76,125
939,peach,US,253,146,108
989,Pale red,US,178,45,74
1126,neon ass purple,US,119,43,234
1035,Purple,US,83,48,156
1076,magenta ,GB,193,0,102
990,Red,US,178,47,57
692,Brown,GB,95,67,0
612,Ploomililla,GB,70,39,60
659,yellow,US,212,203,145
1103,Hot Pink,US,205,57,183
535,grey,GB,49,49,49
871,Neon yellow ,US,212,206,86
662,white green,GB,165,213,177
826,Red,GB,210,124,128
801,pink,US,156,69,80
618,Light brown,GB,116,94,51
1070,violet,AU,129,63,183
675,Black,US,63,1,27
830,Orange,US,209,129,87
1017,Lavender ,US,168,131,220
1012,grass green,GB,47,171,52
769,pink ,NZ,217,159,178
797,Reddish purple,NZ,87,22,71
663,Mint green,GB,157,214,189
1059,pink,US,247,136,222
1036,purple,US,103,38,147
804,maroon,US,155,72,50
602,Green,US,21,56,38
542,White,GB,229,229,229
1079,Bright red,US,255,84,91
885,baby blue,US,81,218,249
892,pink,US,246,182,228
944,yellow,US,217,168,35
1079,Red,GB,255,84,91
745,sand,US,221,163,119
742,Peach,US,225,158,153
582,grey,GB,182,172,182
740,mauve,GB,166,105,121
708,dark pink,US,107,54,88
618,Tan,US,116,94,51
949,lime green,GB,155,188,39
679,dark blue,US,22,23,65
842,medium green,US,69,167,109
783,light pink,AU,255,216,255
828,brick,US,212,125,110
794,Dark purple,GB,72,31,86
620,Khaki,AU,95,101,51
657,出炉银,US,232,195,159
997,Pink,US,131,71,156
806,burnt orange,GB,146,80,27
552,dark purple,US,37,23,40
1111,purple,GB,139,44,204
1007,tangerine,GB,235,112,66
819,Grey-Purple,US,119,82,138
1004,salmon,US,237,106,119
1126,Purple,US,119,43,234
675,Maroon,US,63,1,27
539,Gray,US,148,149,148
682,black,GB,48,12,53
747,yellow,US,205,171,99
744,Peach,US,225,160,128
720,green,US,120,128,48
1010,orange,GB,211,130,0
1060,pink,US,255,131,206
1088,pink,US,248,87,163
757,Blue ,GB,97,191,180
754,Mint,GB,113,191,153
1031,light green,US,0,231,160
691,brown,GB,105,62,17
934,Pink,GB,191,88,121
1043,Oranžikaspunane,GB,219,68,53
613,Bland Purple,US,74,37,54
919,burnt orange,GB,191,96,42
601,green,GB,34,54,26
791,Queens indigo,GB,37,43,100
1080,Salmon,US,255,88,64
580,gray,US,159,178,185
702,navy,US,24,75,114
625,Teal,GB,46,106,107
725,Blue,US,53,137,110
1086,pink,US,226,100,203
1084,Light purple,US,194,115,233
615,Moka,GB,131,85,79
553,Black ,US,43,22,33
1066,pink,GB,199,0,45
912,Move,GB,131,29,88
704,violt,GB,62,68,115
714,Chocolate,US,169,107,78
823,pink,US,148,70,106
1021,Pink ,US,217,113,175
1138,pink,US,0,0,0
758,blue ,US,95,190,187
864,Pink,US,205,125,145
789,brick,GB,96,23,0
723,Green,US,69,136,95
659,yellow,US,212,203,145
881,Teal,US,76,223,207
810, green,US,57,109,20
1121,Purple,GB,167,71,244
741,Dusty Rose,US,223,158,159
550,Black,US,12,30,40
671,Pastel red-violet,GB,218,194,217
984,plum,US,75,18,108
649,blue grey,US,142,147,175
869,yellow,US,228,201,89
723,green,NZ,69,136,95
635,Clay,US,183,138,130
897,purple,GB,50,0,73
827,salmon ,US,211,124,120
633,mauve,US,127,85,96
563,mauve brown,GB,89,66,72
564,burnt sienna,US,140,117,114
634,Pink,US,181,138,139
546,Green,US,33,28,8
891,Bubblegum pink,GB,238,184,237
943,gold,US,226,164,51
1050,Mauve,US,177,86,182
1019,purple,US,197,121,200
937,Red,GB,255,143,137
754,青绿,US,113,191,153
602,Green,US,21,56,38
912,purple,US,131,29,88
1029,Green,US,110,227,99
1100,violeta ,AU,157,88,222
669,Lilac,US,193,201,228
1128,magenta,GB,246,53,254
744,peach,US,225,160,128
1109,blue,GB,60,75,229
1045,Blue,GB,0,125,220
1010,orange,US,211,130,0
660,green,US,201,206,147
574,light mauve ,US,192,170,166
936,salmon,US,253,143,148
639,dark mustard ,GB,159,150,96
1108,Indigo,US,47,0,160
1124,Magenta,GB,222,0,197
620,Army green,US,95,101,51
989,red,US,178,45,74
1029,lime,GB,110,227,99
612,Burgandy,US,70,39,60
923,green,US,42,141,47
722,Grass green,GB,96,133,69
1120,bright purple,US,134,86,255
700,Forest green,US,0,84,63
947, küf yeşili,GB,186,180,0
701,blue,US,0,79,110
533,Black,GB,0,0,0
1078,rose ,GB,255,81,111
1092,purple,US,91,32,175
844,Green,GB,36,168,131
683,Royal Purple,US,53,9,48
908,purple,GB,103,48,123
712,pink,GB,171,104,101
1072,Magenta,GB,157,45,164
855,Light blue,GB,112,150,204
930,mauve,GB,162,100,165
753,PASTEL GREEN,US,122,190,143
633,brown,US,127,85,96
968,pink,US,247,144,171
817,Purple,GB,99,88,148
1049,purple,US,162,93,193
580,Blue gray,US,159,178,185
1119,purple,AU,99,0,194
993,blue,GB,0,98,178
638,Khaki ,GB,169,146,100
626,turquoise,US,48,105,116
615,brown,US,131,85,79
672,pale pink,US,225,193,208
600,Brown,GB,47,52,12
980,teal,US,23,255,222
828,flesh,US,212,125,110
845,green blue,US,15,168,139
727,Aqua,US,35,136,130
1081,Anaranjado,US,255,97,20
659,Dark Ivory?,US,212,203,145
1041,red,US,219,64,92
811,forest green,US,34,111,41
1083,violet,GB,178,120,244
635,taupe,GB,183,138,130
1029,lime,US,110,227,99
975,green,US,152,253,137
794,purple,AU,72,31,86
1009,portocaliu,GB,221,124,21
1126,Violet,US,119,43,234
655,light peach ,GB,238,191,181
802,Maroon,US,157,69,70
912,Majenta,US,131,29,88
1089,pink,US,255,83,147
1108,royal blue,GB,47,0,160
654,pink,US,235,191,191
1000,rose,US,161,55,126
607,dark blue,GB,5,53,72
762,Dark robin egg blue,US,138,179,215
1004,melon,GB,237,106,119
876,Mint,US,124,222,155
702,Blue,US,24,75,114
985,purple,GB,83,9,103
657,Crema,US,232,195,159
753,mint,US,122,190,143
782,sky blue,US,136,248,241
765,Lavander,AU,182,168,211
1043,Red,US,219,68,53
1090,green,GB,49,233,55
636,Brown ,US,182,139,119
817,light purple,NZ,99,88,148
938,peach,US,255,144,124
1118,Blue,US,55,32,206
1005,Light red,US,238,107,105
1129,Hot pink,US,255,30,232
1034,Blue,US,49,58,163
855,blue,GB,112,150,204
776,green,US,200,242,158
593,beige,AU,241,225,228
792,plum,US,55,38,96
839,Green,US,132,159,50
712,brown,US,171,104,101
998,Burgundy ,GB,142,66,148
547,black,AU,22,31,20
893,Blush,US,254,180,218
947,Chartreuse,GB,186,180,0
883,Sky blue,US,67,222,227
1081,orange,GB,255,97,20
929,deep lilac,GB,150,104,174
841,green,US,93,165,88
1092,purple,US,91,32,175
784,Maroon ,US,95,16,53
785,Browny red,GB,97,14,46
1050,purple,GB,177,86,182
736,lavender,US,139,112,154
780,teal,US,142,248,223
608,teget,US,25,51,75
1078,Hot pink,US,255,81,111
993,sky blue,US,0,98,178
929,purple,US,150,104,174
1056,green,US,52,202,56
850,teal ,US,0,165,185
1118,royal blue,GB,55,32,206
888,Lilac,US,199,194,255
1085,Pink,US,213,107,217
670,Grey,AU,206,197,225
879,Cyan,US,93,223,189
1062,Green,US,112,255,99
611,black purple ,US,64,40,67
682,Grape,US,48,12,53
837,also brown,GB,157,153,30
631,purple,US,114,88,116
615,brown,GB,131,85,79
653,pink,US,178,138,147
664,a more saturated periwinkle,US,152,214,198
649,Grey,GB,142,147,175
714,light brown,US,169,107,78
571,grey,AU,119,122,136
1112,ugly,GB,155,27,193
994,lila,GB,72,90,177
910,Purple,US,118,39,110
940,Orange,GB,249,150,94
959,pale lue,AU,120,178,249
631,lilla,US,114,88,116
771,pale yellow,US,255,226,146
930,Purple,GB,162,100,165
934,dusty rose,NZ,191,88,121
983,Violet,US,61,27,115
959,pale blue,GB,120,178,249
936,Salmon ,US,253,143,148
756,deep green,US,100,191,172
1022,pink,US,226,110,158
720,Olive,GB,120,128,48
1093,Purple,US,112,7,165
948,green,US,171,184,14
904,Blue,GB,0,73,141
866,peach,US,255,188,113
784,maroon red,US,95,16,53
1074,bright purple,US,178,21,136
951,green,US,104,196,96
962,lilac,GB,189,161,237
718,Dark olive green,AU,143,121,43
661,Key lime,US,183,211,159
1036,purple,GB,103,38,147
1056,Lime ,US,52,202,56
767,mauve,NZ,200,163,200
818,purple,GB,111,85,143
794, eggplant,US,72,31,86
772,bright buff,GB,250,229,141
920,burnt orange,AU,183,102,25
564,Green,US,140,117,114
1002,gum drop,US,173,47,99
709,Mulberry ,GB,111,52,81
995,purple-blue,GB,101,82,172
1088,bubblegum,GB,248,87,163
964,lilac,US,218,153,218
978,Mint Green,US,73,255,200
794,Purple,US,72,31,86
760,blue,US,104,187,207
612,dark purple,US,70,39,60
799,Red,NZ,93,18,59
1020,Pink,US,208,117,189
755,teal,US,108,191,160
849,Teal reveal,US,0,166,177
952,ярко-зеленый,US,68,198,122
563,brown,US,89,66,72
982,navy blue,US,36,36,122
1108,dark blue,GB,47,0,160
896,Blue,GB,40,7,78
871,soft medium yellow,US,212,206,86
854,blue,AU,94,154,203
1011,Green,US,90,168,0
714,burnt sienna ,US,169,107,78
1060,pink,US,255,131,206
770,salmon,GB,220,158,172
653,Mauve,US,178,138,147
978,Teal ,US,73,255,200
1093,Purple,US,112,7,165
993,Dark Blue,AU,0,98,178
1127,Purple,US,149,3,220
745,light salmon,GB,221,163,119
1038,Purple,US,124,16,133
1097,neon red,US,239,31,29
553,burgundy,US,43,22,33
946,yellow,US,195,177,1
1132,Indigo,US,127,0,255
675,Red wine,US,63,1,27
860,light magenta,US,181,132,183
1083,lilac,US,178,120,244
634,Pink,US,181,138,139
637,linen,GB,178,142,109
561,blue,US,69,71,88
585,Beige,US,246,226,205
834,mustard,GB,183,143,44
535,cool black,US,49,49,49
1036,purple,US,103,38,147
1004,peach,US,237,106,119
597,brown,US,71,42,17
648,blue,US,127,151,174
1033,dark blue,US,31,0,101
802,brownish red,US,157,69,70
890,Purple,US,222,188,249
578,celadon,GB,153,181,169
719,olive green,US,136,123,41
536,iron gray,US,72,72,72
795,檀紫,GB,77,28,82
954,turquoise ,US,0,199,152
885,blue,US,81,218,249
825,Pink,US,208,125,137
1015,grey,AU,121,143,233
758,acquamarine,AU,95,190,187
1138,Fuscia pink,US,0,0,0
895,naby,GB,24,14,84
566,ochre,GB,128,123,98
588,pale mint,GB,204,237,221
1072,magenta,US,157,45,164
827, salmon,US,211,124,120
933,pink,US,187,90,132
813,Blue,GB,0,104,149
980,cyan,GB,23,255,222
1041,pink,US,219,64,92
943,Tangerine,GB,226,164,51
897,Very Dark,US,50,0,73
744,orange,US,225,160,128
569,Vert the,US,101,128,127
752,light green,US,149,187,116
701,Teal,US,0,79,110
1029,Green,GB,110,227,99
632,Mauve,US,121,86,107
1026,sorbet orange,GB,236,200,0
1116,Fuschia,GB,244,76,218
1072,magenta,US,157,45,164
765,lavender,US,182,168,211
1132,neon purple,US,127,0,255
987,Plum,GB,95,0,91
817,Deep purple,GB,99,88,148
1068,Cornflower Blue,US,64,84,202
887,blue,US,117,213,255
637,Tan,US,178,142,109
694,Brown,US,83,72,0
692,khaki,GB,95,67,0
981,Light blue,US,0,255,235
1033,Navy blue,US,31,0,101
695,green,US,68,77,0
1104,pinkish purple,US,217,44,165
730,teal,GB,45,133,155
692,brown,GB,95,67,0
1023,Pink,US,230,108,145
826,Salmon,US,210,124,128
925,blue,US,67,124,192
1017,light purple,US,168,131,220
567, green,US,114,126,106
640,Sea green,AU,147,153,99
648,grey,US,127,151,174
547,forest green,US,22,31,20
1043,red,GB,219,68,53
867,yellow,US,248,193,104
958,Blue,US,94,182,248
587,cream,US,219,234,203
553,Dark brown,GB,43,22,33
554,Brown,GB,91,66,63
931,orchid,US,171,96,156
865,tan,GB,255,185,122
886,Cyan,GB,97,216,255
921,Orange,GB,176,107,1
805,burnt siernna,US,151,76,38
953,green,US,28,199,142
552,black,US,37,23,40
1066,Red,US,199,0,45
597,Dark brown,US,71,42,17
781,Light blue,US,139,248,231
738,dark mauve,US,158,107,136
1078,Hank,AU,255,81,111
1047,purple,US,125,106,212
889,lilac,US,212,191,255
1078,pink,US,255,81,111
561,steel,US,69,71,88
886,helesinine,US,97,216,255
666,blue,US,153,212,218
1022,pink,US,226,110,158
1112,ELECTRIC VIOLET,US,155,27,193
628,blue,US,74,99,124
930,purple,US,162,100,165
867,yellow,US,248,193,104
768,pastel pink,GB,212,160,187
562,Plum,US,82,67,83
976,green,US,119,255,166
1046,royal,GB,90,115,218
608,steel blue,US,25,51,75
633,mauve,GB,127,85,96
1135,blue,US,0,0,0
695,Dark olive,US,68,77,0
899,Mauve,US,138,23,66
950,Lime Green,US,129,193,70
546,dark green,US,33,28,8
790,Blue,US,0,49,103
1050,magenta,US,177,86,182
1104,pink,US,217,44,165
560,dark gray,US,55,75,85
1042,red,GB,220,65,74
1137,yogurt ,GB,0,0,0
676,brown,GB,64,1,21
778,mint,GB,156,248,201
628,blue,GB,74,99,124
548,navy,US,16,31,26
936,light coral,US,253,143,148
731,Blue,US,59,131,159
855,Blue,US,112,150,204
1041,Cerise,US,219,64,92
792,Indigo,GB,55,38,96
1006,coral,US,238,109,88
1115,pink purple,US,230,86,236
922,GREEN,US,74,138,11
579,gray,US,151,181,179
934,Dark pink,US,191,88,121
615,Hazel,US,131,85,79
872,pale yellow,US,200,210,92
1016,Lilac ,US,148,137,228
828,salmon,US,212,125,110
943, Yellow,AU,226,164,51
673,Pink,US,231,192,199
772,yellow,US,250,229,141
637,beige,US,178,142,109
1134,green,US,0,0,0
956,blue,AU,0,190,240
698,green,US,7,83,50
785,maroon,US,97,14,46
1047,purple,US,125,106,212
1057,Lavender ,AU,214,148,253
889,Lavender,US,212,191,255
711,Blush Pink,GB,170,104,108
1014,Periwinkle,US,72,152,235
1049,purple,US,162,93,193
729,Turquoise,US,33,134,150
723,Green,US,69,136,95
1002,reddish pink,US,173,47,99
1046,blue,GB,90,115,218
792,Navy blue,GB,55,38,96
805,Brown,US,151,76,38
553,maroon,GB,43,22,33
1120,Purple,US,134,86,255
853,Blue,GB,71,157,201
932,dark pink,US,179,93,146
711,Dark pink,US,170,104,108
855,periwinkle,US,112,150,204
997,mild purple,GB,131,71,156
616,brown,US,130,86,69
948,chartreuse,US,171,184,14
643,green,GB,105,160,138
647,dusky blue,GB,114,155,172
1009,Orange,US,221,124,21
1059,pink,AU,247,136,222
546,黑,US,33,28,8
879,Light Cyan,US,93,223,189
694,oliv green,GB,83,72,0
689,sienna,GB,114,56,32
884,cyan,GB,70,220,237
843,Greeb,US,50,168,123
1057,Lilac,US,214,148,253
849,Teal,US,0,166,177
930,Purple,GB,162,100,165
537,medium gray,US,97,97,97
826,pink,US,210,124,128
981,морская волна,US,0,255,235
972,yellow,US,227,239,79
885,cyan,US,81,218,249
1113,bright amethyst,GB,171,0,180
653,purple,AU,178,138,147
678,Navy,US,0,28,66
937,salmon,US,255,143,137
1083,Mor,US,178,120,244
763,blue grey,US,149,177,216
1050,Koyu pembe,US,177,86,182
622,dark green,GB,64,106,80
1102,Bubble gum pink,AU,192,68,198
1087,Pink,NZ,238,93,185
738,purple,US,158,107,136
985, Purple,AU,83,9,103
945,yellow,US,205,173,17
1131,Magenta,NZ,199,9,250
946,yellow,US,195,177,1
758,Aqua ,US,95,190,187
752,chlorophyll,GB,149,187,116
546,Dark green,US,33,28,8
682,purple,US,48,12,53
662,light green,IR,165,213,177
1096,Red,US,243,7,60
596,Brown,GB,77,38,28
969,Yellow,US,255,228,80
955,mint,US,0,199,162
594,Btown,US,76,37,46
543,white,US,255,255,255
769,Pink,AU,217,159,178
633,Blush,US,127,85,96
658,cream,GB,223,199,149
850,aquamarine,US,0,165,185
702,Blue,AU,24,75,114
738,dusty pink,GB,158,107,136
1078,pink,US,255,81,111
1097,red,US,239,31,29
942,orange,US,235,159,65
565,Tan,US,138,119,104
874,green,US,166,217,117
772,Parmesan yellow,GB,250,229,141
666,light blue,US,153,212,218
603,hunter green,US,13,56,44
951,Light Green,US,104,196,96
835,Mustard,AU,174,147,35
789,brown,US,96,23,0
1084,Violet,GB,194,115,233
1064,Violet,GB,68,3,133
997,Purple,US,131,71,156
685,black,GB,58,5,41
1010,Orange,US,211,130,0
1125,purple,US,62,64,250
954,Sea Foam Green,US,0,199,152
689,brown,GB,114,56,32
796,purple,US,82,25,78
624,green,US,49,106,97
992,Oarange,US,174,56,17
662,Blue,US,165,213,177
1102,Violet,US,192,68,198
555,Brown,AU,87,68,55
736,Purple,AU,139,112,154
807,Brown,US,140,84,14
1081,orange,US,255,97,20
816,blue purple,US,82,93,151
566,Beige,GB,128,123,98
743,Amodyte,AU,226,158,146
867,yellow,US,248,193,104
710,Maroon,US,114,51,74
825,pink,US,208,125,137
707,Purple ,AU,97,57,100
548,dark grey,US,16,31,26
1100,purple,US,157,88,222
547,black,US,22,31,20
755,green,GB,108,191,160
545,Black,US,42,24,12
854,Blue,US,94,154,203
940,orange,US,249,150,94
759,Blue,AU,98,188,201
625,dark cyan,US,46,106,107
725,Green,GB,53,137,110
800,Plum,GB,154,69,88
802,burnt sienna,GB,157,69,70
760,blue,GB,104,187,207
557,Green,US,64,75,60
704,periwinkle,US,62,68,115
595,Red,GB,78,37,38
615,brown,US,131,85,79
668,Pale blue,US,179,205,228
850,turqouise,US,0,165,185
672,Pale pink,US,225,193,208
587,pale yellow,GB,219,234,203
792,purple,US,55,38,96
720,olive green,US,120,128,48
857,periwinkle,US,148,142,200
1042,red,US,220,65,74
1097,Ree,US,239,31,29
1067,red,GB,197,0,22
643,Sage,US,105,160,138
704,Navy,US,62,68,115
838,green,US,145,156,37
1057,pink,GB,214,148,253
1062,green,AU,112,255,99
778,sky blue,GB,156,248,201
979,bright sea green,GB,53,255,212
648,Grey blue,US,127,151,174
994,lavender,GB,72,90,177
1025,MUSTARD,GB,250,194,14
1035,purple,US,83,48,156
1094,pink,US,239,2,105
920,dark orange,US,183,102,25
702,blue,US,24,75,114
807,brown,US,140,84,14
1015,Periwinkle,US,121,143,233
558,green,US,57,76,69
548,Dark green,GB,16,31,26
617,brown,US,125,89,58
559,green,GB,53,76,77
627,blue,US,59,102,121
738,mauve,GB,158,107,136
752,green,AU,149,187,116
546,brown,US,33,28,8
792,blueish purple,GB,55,38,96
543,White ,US,255,255,255
778,green,GB,156,248,201
642,Dear,IR,114,159,127
693,Bark,US,89,70,0
1066,cinimon,US,199,0,45
1090,green,US,49,233,55
1053,Pink,US,209,68,136
730,teal,GB,45,133,155
1134,electric green,US,0,0,0
647,grey,US,114,155,172
916,red,US,197,88,87
836,Mustard yellow,US,166,150,30
612,maroon,US,70,39,60
1071,Mauve,GB,144,55,175
905,iris,GB,54,65,139
839,olive green,US,132,159,50
1047,Vibrant light purple,GB,125,106,212
739,Pink brown,GB,163,105,127
810,Green ,US,57,109,20
1004,salmon,US,237,106,119
854,Robin egg blue,US,94,154,203
922,green,US,74,138,11
723,pea green,US,69,136,95
729,Teal,GB,33,134,150
914,dark pink,US,194,88,110
570,grey,US,106,125,134
678,Dark blue,GB,0,28,66
1073,purple,US,167,36,151
700,Emerald green,US,0,84,63
695,chartruse,US,68,77,0
781,light cyan,US,139,248,231
685,Magenta,US,58,5,41
712,mauve,US,171,104,101
796,Purple,GB,82,25,78
533,Black,US,0,0,0
926,Denim,US,102,118,190
673,baby pink,GB,231,192,199
829,salmon,US,211,126,98
1024,yellow,US,255,189,41
596,Brown,US,77,38,28
741,Salmon,GB,223,158,159
560,Grey,GB,55,75,85
601,Mustjashall,GB,34,54,26
590,light blue,GB,213,232,239
894,pink,GB,255,178,206
539,Light Gray,US,148,149,148
1022,Princess pink,US,226,110,158
859,lilac,GB,170,135,191
815,Slate blue,GB,55,98,152
1046,blue,US,90,115,218
660,spring green,US,201,206,147
654,Blush pink,GB,235,191,191
564,gray pink,GB,140,117,114
1085,pink,US,213,107,217
653,Pink,US,178,138,147
983,tumesinine,US,61,27,115
641,light green,US,131,157,111
958,blue,US,94,182,248
701,Navy,US,0,79,110
853,sky blue,GB,71,157,201
1108,twlight,GB,47,0,160
727,teal,NZ,35,136,130
677,black,US,64,4,3
642,Green,US,114,159,127
987,Purple,US,95,0,91
655,Skin tone,US,238,191,181
846,green,US,0,168,147
971,Yellow,GB,241,235,75
858,LIGHT PURPLE,US,160,138,197
631,purple,GB,114,88,116
901,Deep red,US,140,24,42
853,blue,GB,71,157,201
1126,purple ,US,119,43,234
648,Blue,AU,127,151,174
672,Mauve,US,225,193,208
755,teal ,AU,108,191,160
929,Light purple,US,150,104,174
668,Periwinkle,US,179,205,228
702,Teal,US,24,75,114
645,Green,GB,98,159,158
693,slime,US,89,70,0
729,turquoise,US,33,134,150
1059,Pink,GB,247,136,222
1061,Fluorescent green,GB,161,254,46
861,pink,US,189,130,175
770,pink,US,220,158,172
740,Rosa,US,166,105,121
715,kahve ,US,166,110,70
1123,violet,AU,207,33,215
899,Maroon,GB,138,23,66
657,beige,US,232,195,159
1110,purple,GB,112,60,216
571,cool lead,US,119,122,136
698,Hunter Green,US,7,83,50
1030,bright green,GB,55,230,134
763,Cornflower blue,GB,149,177,216
872,chartreuse,GB,200,210,92
787,Maroon,GB,98,16,28
1120,purple,US,134,86,255
1048,Purple,GB,148,99,202
1092,Dark purple,US,91,32,175
1123,fuchsia,US,207,33,215
930,purple pink,US,162,100,165
1100,purple,US,157,88,222
1024,mustard,US,255,189,41
632,Mauve,GB,121,86,107
833,brown,US,191,139,54
934,Salmon,US,191,88,121
1063,royal blue ,GB,41,22,141
563,royal purple,US,89,66,72
1115,pink,GB,230,86,236
596,Brown,US,77,38,28
607,teal,GB,5,53,72
1106,hot pink,US,234,17,124
1070,purple,GB,129,63,183
939,Salmon,US,253,146,108
895,navy blue,AU,24,14,84
804,brown,US,155,72,50
550,Dark Gray ,US,12,30,40
948,Zitronengelb,GB,171,184,14
816,Navy,GB,82,93,151
997,Plum,US,131,71,156
1049,Purple ,US,162,93,193
792,blue purple,GB,55,38,96
640,Olive green,US,147,153,99
893,pink,US,254,180,218
539,grey,US,148,149,148
753,sea foam,US,122,190,143
736,Mauve,US,139,112,154
796,purple,GB,82,25,78
691,Sienna,US,105,62,17
826,pink,US,210,124,128
696,Forest green,US,59,79,11
550,dark teal,US,12,30,40
1125,Blue,US,62,64,250
589,Pastel blue,US,203,236,233
950,lime green,US,129,193,70
693,Brown,GB,89,70,0
976,green,US,119,255,166
1038,purple,GB,124,16,133
877,bluegreen,GB,108,223,171
1074,pink,US,178,21,136
589,Light blue,US,203,236,233
814,Cobalt blue,GB,29,101,151
812,Yeşil,US,0,113,63
660,Green,US,201,206,147
630,dark lavender ,US,104,91,122
991,red,US,177,50,43
793,purple ,US,66,34,91
777,Aquamarine,US,167,247,188
820,taupe,US,128,79,132
656,cream,GB,238,192,169
967,Pink,US,243,145,181
758,Turquoise,US,95,190,187
950,green,US,129,193,70
597,brown,US,71,42,17
764,Indigo,US,163,173,216
1036,purple,US,103,38,147
1061,lime,IR,161,254,46
771,Yellow,US,255,226,146
647,Blue,US,114,155,172
724,Green,US,59,137,104
1110,purple,US,112,60,216
961,purple,US,172,166,245
1049,Purple ,GB,162,93,193
987,Purple,AU,95,0,91
836,Dark yellow,US,166,150,30
593,Off white,US,241,225,228
845,Green,US,15,168,139
1090,Green,US,49,233,55
676,Burgundy ,US,64,1,21
710,Burgundy,US,114,51,74
1108,Blue,GB,47,0,160
877,Aqua,US,108,223,171
909,grape,AU,111,43,117
925,Light blue,US,67,124,192
1003,Pink,US,234,107,132
869,yellow,US,228,201,89
789,red brown ,GB,96,23,0
620,Green,GB,95,101,51
551,navy blue,US,26,27,43
874,lime green,US,166,217,117
977,Teal,GB,90,255,189
727,turquoise,GB,35,136,130
536,grey?,US,72,72,72
1105,梅红,GB,229,28,142
991,My acnh hair colour ,GB,177,50,43
687,Scarlett,GB,117,51,53
622,bottle green,GB,64,106,80
957,blue,GB,54,187,244
866,Orange,AU,255,188,113
1080,Pinky orange,GB,255,88,64
930,purple,US,162,100,165
968,pink,US,247,144,171
666,blue,US,153,212,218
1030,green,GB,55,230,134
862,Pink,US,195,128,166
535,gray,US,49,49,49
894,pink,AU,255,178,206
934,Pink,GB,191,88,121
665,pale blue,US,151,213,209
1007,Orange,AU,235,112,66
959,light blue,US,120,178,249
1071,Magenta ,GB,144,55,175
770,Rose,US,220,158,172
807,Orange brown,US,140,84,14
918,Orange,US,196,92,57
635,tan,US,183,138,130
1002,magenta,US,173,47,99
795,Purple,US,77,28,82
843,Mint,US,50,168,123
566,Grey,GB,128,123,98
948,Lime yellow,US,171,184,14
1091,Purple,US,51,48,186
694,green,US,83,72,0
596,Brown,US,77,38,28
963,Lavender,GB,201,158,230
906,Purple,US,78,58,135
1055,Marigold,AU,255,147,0
1127,Purple,US,149,3,220
1097,red,US,239,31,29
704,blue,US,62,68,115
994,Blue,NZ,72,90,177
658,yellow,US,223,199,149
606,dark teal,GB,0,55,66
645,Dark teal,GB,98,159,158
1050,Magenta,US,177,86,182
782,Turquoise,GB,136,248,241
1041,red,US,219,64,92
1007,Orange,US,235,112,66
1120,Purple,US,134,86,255
899,Magenta,US,138,23,66
1080,Tangerine ,US,255,88,64
708,eggplant,US,107,54,88
928,purple,AU,139,108,181
720,Olive,GB,120,128,48
946,Mustard ,US,195,177,1
1093,Purple,US,112,7,165
1075,fuscia,US,187,0,118
844,Teal,US,36,168,131
670,lilac,NZ,206,197,225
1077,punch,GB,255,81,128
747,Ochre,GB,205,171,99
862,pink,US,195,128,166
995,bright purple,US,101,82,172
932,medium purple,GB,179,93,146
711,Dark peach,US,170,104,108
1023,pink,US,230,108,145
923,Green,GB,42,141,47
854,blue,US,94,154,203
640,Light olive,GB,147,153,99
792,Purple,GB,55,38,96
795,Purple,GB,77,28,82
1138,Magenta,GB,0,0,0
1096,bright red,GB,243,7,60
678,blue,US,0,28,66
813,blue,GB,0,104,149
634,puce,US,181,138,139
782,Teal,US,136,248,241
971,Yellow,US,241,235,75
790,Navy blue,US,0,49,103
609,dark violet blue,US,44,47,76
871,Green-ish brown,GB,212,206,86
1032,neko girl pink,US,255,172,255
1122,fuchsia pink,GB,186,58,231
732,Light blue,US,85,126,163
606,turquoise,US,0,55,66
690,brown,US,109,59,24
952,Green,GB,68,198,122
620,Olive green,GB,95,101,51
651,purple,AU,165,141,165
819,purple,US,119,82,138
566,Brown ,US,128,123,98
893,Pink,US,254,180,218
884,light blue,US,70,220,237
617,brown,US,125,89,58
1015,Lilac ,US,121,143,233
1081,orange,US,255,97,20
997,purple,US,131,71,156
615,Light Brown,US,131,85,79
825,pink,US,208,125,137
790,Dark blue,GB,0,49,103
770,Pink,GB,220,158,172
1077,pink,US,255,81,128
701,Navy Blue,US,0,79,110
727,Teal,US,35,136,130
781,blue,GB,139,248,231
534,Black,GB,28,28,28
747,sandy tan,US,205,171,99
600,Forest green,AU,47,52,12
1113,hot pink,GB,171,0,180
578,teal,US,153,181,169
821,dusky mauve,US,135,76,125
590,White ,US,213,232,239
558,pine,GB,57,76,69
708,Berry,US,107,54,88
1068,Blue,GB,64,84,202
552,Purple,GB,37,23,40
1077,Hotpink,US,255,81,128
845,Green,GB,15,168,139
874,Green,US,166,217,117
881,turquoise,GB,76,223,207
622,green,US,64,106,80
764,Mauve,US,163,173,216
591,White,US,226,229,239
884,Cyan,US,70,220,237
936,salmon,GB,253,143,148
1111,purple,US,139,44,204
700,green,US,0,84,63
1049,purple,US,162,93,193
849,shamrock,US,0,166,177
1083,lavender,US,178,120,244
547,black,US,22,31,20
1103,Magenta,US,205,57,183
1029,lime,US,110,227,99
766,purple;e,US,190,166,207
705,Purple,US,84,62,109
552,black,GB,37,23,40
814,blue,US,29,101,151
1056,Neon green,US,52,202,56
903,rostrot,GB,137,33,16
1005,Neon oramge,GB,238,107,105
663,Light green,AU,157,214,189
1028,Green,AU,146,223,64
544,wine ,US,45,21,25
754,Mint,US,113,191,153
1104,magenta,GB,217,44,165
892,Pink,AU,246,182,228
771,light yellow,US,255,226,146
959,sky b;ue,GB,120,178,249
594,褐,GB,76,37,46
1043,Red,US,219,68,53
564,Rosa grisáceo ,US,140,117,114
794,Deep purple,GB,72,31,86
766,lilac,GB,190,166,207
1134,green,US,0,0,0
743,Salmon,US,226,158,146
691,Brown,GB,105,62,17
729,Teal,GB,33,134,150
1089,pink,GB,255,83,147
573,Mauve,US,137,118,122
888,lavender,US,199,194,255
1032,紫粉,GB,255,172,255
1087,pink ,GB,238,93,185
786,undred,US,98,13,37
622,green,GB,64,106,80
708,Magenta ,US,107,54,88
1006,Peach,US,238,109,88
785,wine,GB,97,14,46
1027,Lemon ,GB,179,217,3
882,cyan,US,70,223,218
642,green,US,114,159,127
1092,purple,US,91,32,175
986,purple,US,90,0,97
573,ash purple,AU,137,118,122
984,purple,US,75,18,108
966,pale pink,GB,236,147,196
636,beige,GB,182,139,119
1050,purple,US,177,86,182
667,Light blue,US,163,209,225
1071,purple,US,144,55,175
693,brown,GB,89,70,0
855,chalk blue,GB,112,150,204
1135,Blue,GB,0,0,0
963,pink,GB,201,158,230
909,PURPLE,US,111,43,117
554,brown,US,91,66,63
664,southern porch,US,152,214,198
644,seafoam,US,100,160,147
1065,red,US,197,0,85
899,maroon,US,138,23,66
975,Lime green,GB,152,253,137
1005,pink,US,238,107,105
613,maroon,US,74,37,54
703,denim blue,GB,42,73,115
549,Navy Blue,GB,10,31,33
826,salmon,US,210,124,128
950,Lime,US,129,193,70
833,olive,US,191,139,54
1094,magenta,US,239,2,105
940,peacg,US,249,150,94
714,Kaitlan Thomas,US,169,107,78
948,green,US,171,184,14
907,Purple,AU,93,52,129
826,reddish pink,US,210,124,128
804,Le chocolate,IR,155,72,50
1084,magenta,GB,194,115,233
894,pink,US,255,178,206
1079,salmon,US,255,84,91
1063,Dark blue,US,41,22,141
918,Burnt orange,US,196,92,57
1082,blue,GB,149,129,255
614,Marsala,US,130,85,88
686,Brick,US,117,51,60
765,Mauve,GB,182,168,211
1076,coral,GB,193,0,102
860,Purple,US,181,132,183
618,brown,US,116,94,51
743,Pink,GB,226,158,146
888,Purple,US,199,194,255
837,Mustard Yellow,US,157,153,30
679,navy,US,22,23,65
693,Orange,US,89,70,0
1081,Orange,GB,255,97,20
1074,dark fuschia,US,178,21,136
589,green,US,203,236,233
1112,Purple,US,155,27,193
581,blue gray,US,172,174,186
723,Green,US,69,136,95
1025,Orange ,GB,250,194,14
680,deep aubergine ,GB,41,16,58
901,Cabernet red,US,140,24,42
710,plum,US,114,51,74
554,browb,GB,91,66,63
699,Forest green,US,0,84,57
968,pink,US,247,144,171
1060,pink,AU,255,131,206
680,σκουρο μπλε,GB,41,16,58
1041,pink,US,219,64,92
808,brown,US,133,87,0
616,black,US,130,86,69
638,Tan,US,169,146,100
542,white,US,229,229,229
1050,California pink ,GB,177,86,182
857,lilac,GB,148,142,200
1026,yellow,GB,236,200,0
671,pinj,US,218,194,217
859,light purple,US,170,135,191
663,Light blue,AU,157,214,189
822,mauve,US,142,73,117
551,black,US,26,27,43
745,Tan,US,221,163,119
617,Brown,US,125,89,58
868,orangish YELLOW,US,239,197,97
986,violet,GB,90,0,97
751,淡绿,GB,164,184,104
898,Purple,US,55,0,69
785,mauve,GB,97,14,46
547,navy,AU,22,31,20
1056,Green,US,52,202,56
888,Lilac,US,199,194,255
939,Orange,US,253,146,108
906,purple,US,78,58,135
787,dark red,GB,98,16,28
982,blue,US,36,36,122
1107,pink,GB,252,124,255
645,Teal,US,98,159,158
777,sea foam,US,167,247,188
966,Pink,NZ,236,147,196
1037,purple,US,114,29,140
770,Babypink,GB,220,158,172
890,Lavender,US,222,188,249
991,red ,US,177,50,43
1059,Pink,GB,247,136,222
938,orange,GB,255,144,124
722,Green,GB,96,133,69
902,Maroon,AU,139,29,30
616,Brown,US,130,86,69
743,peach,US,226,158,146
952,Green,US,68,198,122
966,pink,US,236,147,196
810,green,NZ,57,109,20
653,light mauve,US,178,138,147
1127,purple,US,149,3,220
650,Lilac,AU,154,144,172
1089,pink,US,255,83,147
679,navy blue,US,22,23,65
974,electric green,US,181,249,111
1128,neon pink,AU,246,53,254
805,Brown,AU,151,76,38
719,Dark Yellow,US,136,123,41
789,Crimson,US,96,23,0
1052,Fuschia ,US,199,74,156
731,Teal,US,59,131,159
862,Dark dusty purple,AU,195,128,166
772,butter yellow,US,250,229,141
814,dark teal,GB,29,101,151
1117,Bright pink,GB,255,63,196
985,Purple,US,83,9,103
912,rich magenta,US,131,29,88
1128,Pink,US,246,53,254
1128,pink,US,246,53,254
1109,indigo,US,60,75,229
822,dull mid wine,GB,142,73,117
900,RED,GB,140,22,55
583,red grey,AU,188,171,174
878,Mint,US,100,223,180
553,Dark brown ,US,43,22,33
849,teal,GB,0,166,177
540,Grey,GB,175,175,175
833,marigold,US,191,139,54
1053,magenta,US,209,68,136
752,spring green,US,149,187,116
626,Teal,US,48,105,116
787,wine,GB,98,16,28
969,yellow,US,255,228,80
927,blue violet,US,124,112,186
685,Purple,US,58,5,41
813,cerulean   ,US,0,104,149
938,coral,US,255,144,124
714,Light Brown,US,169,107,78
1015,blue,US,121,143,233
948,lime green,US,171,184,14
1060,pink,AU,255,131,206
546,dark chocolate,GB,33,28,8
914,rose,US,194,88,110
665,sky blue,GB,151,213,209
1081,Orange,US,255,97,20
825,Pink,US,208,125,137
553,Burgundy ,GB,43,22,33
879,Teal,US,93,223,189
882,blue,US,70,223,218
797,purple,US,87,22,71
689,Brown,US,114,56,32
1075,primrose,US,187,0,118
749,sand yellow,US,189,177,93
756,aquamarine,GB,100,191,172
572,Grey,GB,130,119,131
1103,hot pink,US,205,57,183
1101,pink,GB,174,79,212
818,orchid,US,111,85,143
752,moss green ,GB,149,187,116
625,墨绿,AU,46,106,107
1086,pink,GB,226,100,203
806,brown,US,146,80,27
702,blue,US,24,75,114
839,green,US,132,159,50
943,mustard,GB,226,164,51
1129,hot pink,GB,255,30,232
995,purple,US,101,82,172
721,earthy green,US,110,131,56
695,green,US,68,77,0
1132,Purple,AU,127,0,255
646,cerulean,US,103,157,166
1018,lavender ,US,181,126,212
602,dark green,GB,21,56,38
577,ment green,US,165,180,154
810,lawn green,GB,57,109,20
912,purpel,US,131,29,88
608,Dark blue,GB,25,51,75
996,Purple,GB,120,76,164
911,purple,US,125,33,99
691,black,AU,105,62,17
724,green,GB,59,137,104
586,Beige ,US,235,230,196
627,blue gray,US,59,102,121
919,Orange,GB,191,96,42
851,cerulean,US,0,163,193
735,purple,US,131,115,159
813,blue,US,0,104,149
1024,Sunshine,GB,255,189,41
663,pale mint,GB,157,214,189
751,Light Green,US,164,184,104
981,turquoise,US,0,255,235
690,wooden chairs ,AU,109,59,24
681,purple,US,46,14,55
893,Light pink,GB,254,180,218
825,red,US,208,125,137
970,Yellow,US,250,232,76
679,night,GB,22,23,65
552,Mauve,US,37,23,40
874,green,US,166,217,117
655,pink,US,238,191,181
678,blue,US,0,28,66
616,Brown,US,130,86,69
872,yellow,US,200,210,92
1109,blue,GB,60,75,229
639,Tan,US,159,150,96
1111,Purple,US,139,44,204
747,yellow,US,205,171,99
1000,maroon,US,161,55,126
981,Aqua,US,0,255,235
599,sewage green,US,57,49,2
1126,purple,US,119,43,234
1020,pink,US,208,117,189
1003,Coral,US,234,107,132
753,light green,NZ,122,190,143
1103,magenta,GB,205,57,183
606,green,US,0,55,66
951,disco green,US,104,196,96
767,pink,US,200,163,200
1015,pale blue,US,121,143,233
967,light pink,US,243,145,181
842,green,GB,69,167,109
604,Green,US,3,56,51
826,salmon,US,210,124,128
1037,Purple,US,114,29,140
810,Forest Green,US,57,109,20
1030,Mint green,GB,55,230,134
1061,green,US,161,254,46
781,aquamarine,GB,139,248,231
540,pale grey,GB,175,175,175
633,mauve,GB,127,85,96
860,purple,US,181,132,183
1105,pink hot pink,US,229,28,142
585,ecru,US,246,226,205
835,gold,US,174,147,35
679,Royal Blue,AU,22,23,65
896,indigo,GB,40,7,78
993,blue,US,0,98,178
726,Dark Blue-Green,NZ,42,137,122
801,red,GB,156,69,80
628,Blue,US,74,99,124
1067,Red,GB,197,0,22
859,purple,GB,170,135,191
1024,yellow,GB,255,189,41
1056,Lime green,US,52,202,56
846,blue,US,0,168,147
867,Yellow Orange,US,248,193,104
745,tan,GB,221,163,119
699,Green,GB,0,84,57
577,tile gray,NZ,165,180,154
757,turquoise,US,97,191,180
817,Violet,AU,99,88,148
688,Brown,US,117,52,47
677,Burgundy,US,64,4,3
870,yellow,US,219,204,86
572,blue,US,130,119,131
785,maroon,US,97,14,46
831,Orange-sickle,US,204,132,75
913,猪血紫,GB,135,26,77
901,maroon,US,140,24,42
1003,pink,GB,234,107,132
984,Purple ,GB,75,18,108
924,Blue,GB,29,128,191
865,toasted meringue ,US,255,185,122
815,blue,US,55,98,152
952,green,GB,68,198,122
1047,purple,US,125,106,212
854,Azure,US,94,154,203
714,peach,GB,169,107,78
1050,Magenta,US,177,86,182
591,white,GB,226,229,239
760,blue,US,104,187,207
932,magenta,US,179,93,146
838,green,US,145,156,37
658,Light Yellow,US,223,199,149
836,Yellow,GB,166,150,30
533,anthracite,GB,0,0,0
918,orange,GB,196,92,57
1080,coral red,GB,255,88,64
916,brick red,US,197,88,87
1135,Blue,US,0,0,0
942,gold,US,235,159,65
683,Dark purple,GB,53,9,48
1119,Purple,GB,99,0,194
1039,Plumb,US,133,0,124
1101,purple,GB,174,79,212
637,Tan,AU,178,142,109
1098,Blue,US,77,109,247
1093,Lapis Blue,GB,112,7,165
817,Purple,US,99,88,148
563,purple-gray,US,89,66,72
981,teal,US,0,255,235
538,dark gray,IR,122,122,122
714,Brown,US,169,107,78
1095,Red,US,242,0,86
907,purple,US,93,52,129
552,dark purple,US,37,23,40
627,teal,US,59,102,121
929,purple,AU,150,104,174
653,Light pink,US,178,138,147
543,white,US,255,255,255
874,green,US,166,217,117
1039,magenta,GB,133,0,124
666,baby blue,US,153,212,218
899,cherry,GB,138,23,66
885,Blue,GB,81,218,249
751,green-grey,US,164,184,104
773,Sand yellow,US,244,231,139
1097,Vermilion ,GB,239,31,29
697,forest green,GB,45,81,26
748,blonde,US,196,174,94
761,Sky blue,US,114,185,211
845,Cyan,US,15,168,139
625,blue,NZ,46,106,107
544,black,US,45,21,25
1081,Narandžasta,US,255,97,20
920,orange,US,183,102,25
773,pastel yellow,US,244,231,139
672,light pink,US,225,193,208
1064,purple,US,68,3,133
952,Green,US,68,198,122
1086,purple,US,226,100,203
854,light blue,US,94,154,203
680,purple,GB,41,16,58
842,Green,US,69,167,109
885,Teal,US,81,218,249
874,puke green,US,166,217,117
705,Plum,US,84,62,109
731,Blue,GB,59,131,159
703,navy,US,42,73,115
806,orange brown,GB,146,80,27
1113,purple,US,171,0,180
775,lime,GB,219,238,145
628,blue,US,74,99,124
940,orange,AU,249,150,94
755,pastel green,GB,108,191,160
898,Deep purple ,US,55,0,69
663,mint,US,157,214,189
936,Pink,US,253,143,148
902,crimson,NZ,139,29,30
1044,Orange,GB,214,76,18
932,pink,US,179,93,146
1098,Blue,US,77,109,247
914,Pink,GB,194,88,110
1128,pink,US,246,53,254
746,sunkissed tan,US,217,165,112
748,dark yellow,US,196,174,94
614,warm brown,GB,130,85,88
931,purple,US,171,96,156
1068,blue,US,64,84,202
780,Aqua ,US,142,248,223
696,green,US,59,79,11
605,Forest green,US,0,56,59
1080,bright orange,US,255,88,64
624,dark green blue,US,49,106,97
1117,pink,GB,255,63,196
882,turquoise ,US,70,223,218
806,brown,US,146,80,27
964,lilac,GB,218,153,218
980,mint,US,23,255,222
688,brown,US,117,52,47
1011,lime Green,US,90,168,0
599,brown,US,57,49,2
911,Dark Magenta,US,125,33,99
763,light blue,IR,149,177,216
892,light red purple,US,246,182,228
751,Light Olive,GB,164,184,104
578,grey,US,153,181,169
776,light spring green,US,200,242,158
1102,fuschia,US,192,68,198
1086,Pink,US,226,100,203
1084,purple,US,194,115,233
687,maroon,US,117,51,53
1057,Purple,AU,214,148,253
961,purple,US,172,166,245
822,Rose,US,142,73,117
983,violet,US,61,27,115
968,Pink,NZ,247,144,171
1041,Neon Pink,GB,219,64,92
840,Green,US,112,163,70
783,pastel pink,US,255,216,255
596,brown,US,77,38,28
1066,Red,US,199,0,45
534,black,US,28,28,28
675,Maroon,US,63,1,27
976,Green,US,119,255,166
896,indigo,GB,40,7,78
773,Yellow,AU,244,231,139
891,pink,GB,238,184,237
1060,pink,US,255,131,206
998,violet,US,142,66,148
757,turquoise,US,97,191,180
601,dark green,US,34,54,26
727,green,US,35,136,130
912,purple,GB,131,29,88
554,brown,US,91,66,63
1080,red,US,255,88,64
1124,magenta ,US,222,0,197
807,orange ,US,140,84,14
650,Light blue,US,154,144,172
1014,Azure,US,72,152,235
585,cream,US,246,226,205
708,purple,US,107,54,88
854,sky blue,US,94,154,203
578,mint,US,153,181,169
672,pink,US,225,193,208
590,white,US,213,232,239
614,Mauve,AU,130,85,88
764,Lavender,US,163,173,216
735,lavender,US,131,115,159
1064,navy,NZ,68,3,133
911,maroon,GB,125,33,99
893,pink,US,254,180,218
675,Trula višnja,US,63,1,27
990,杏红,GB,178,47,57
793,plum,US,66,34,91
615,milk chocolate ,US,131,85,79
865,gold,US,255,185,122
871,yellow,GB,212,206,86
594,maroom,US,76,37,46
905,blue,GB,54,65,139
737,2:00 AM,IR,147,110,149
908,purple,US,103,48,123
912,Magenta,US,131,29,88
935,strawberry blond,US,251,143,159
560,blue grey,US,55,75,85
685,Dark bordeaux,GB,58,5,41
795,dark purple,GB,77,28,82
771,yellow,US,255,226,146
664,blue,US,152,214,198
746,tan,US,217,165,112
930,purple,US,162,100,165
897,dark purple,US,50,0,73
1132,Purple,US,127,0,255
663,pastel green,US,157,214,189
834,Golden Ochre,US,183,143,44
804,brown,GB,155,72,50
937,salmon,GB,255,143,137
804,rust ,US,155,72,50
634,Brown,GB,181,138,139
1013,blue,US,0,156,234
769,Pink,US,217,159,178
660,yellow,US,201,206,147
679,navy blue ,GB,22,23,65
834,Light brown,GB,183,143,44
550,deep blue,US,12,30,40
558,teal,US,57,76,69
986,Red purple ,US,90,0,97
898,dark purple,US,55,0,69
642,Green,GB,114,159,127
822,Dusty Purple,US,142,73,117
598,Brown,US,65,46,7
891,light pink,US,238,184,237
659,yellow,US,212,203,145
854,Blaue,GB,94,154,203
760,Robin egg,US,104,187,207
577,Pistachio,US,165,180,154
976,Sea foam green,US,119,255,166
649,grey,AU,142,147,175
787,red,US,98,16,28
828,Dark Salmon,US,212,125,110
686,Reddish brown,US,117,51,60
733,dusty blue,US,97,124,164
982,blue,GB,36,36,122
770,millennial pink,US,220,158,172
594,Brown,AU,76,37,46
1016,Jacaranda,AU,148,137,228
565,Brown,US,138,119,104
540,gray,US,175,175,175
625,blue,US,46,106,107
713,brick,GB,171,105,95
755,teal,US,108,191,160
876,Lime green,GB,124,222,155
1027,yellow,US,179,217,3
778,Seafoam,US,156,248,201
877,Sea green,US,108,223,171
606,deep teal,GB,0,55,66
1003,dark blush,US,234,107,132
895,indigo,US,24,14,84
632,mauve,US,121,86,107
582,gray,US,182,172,182
637,Uwbsbzhx,GB,178,142,109
992,Orange,US,174,56,17
1002,Pink,GB,173,47,99
692,sepia Brown,US,95,67,0
1073,Magenta,US,167,36,151
879,Tiffany green,US,93,223,189
1079,coral,US,255,84,91
1053,fuchsia,GB,209,68,136
727,teal,US,35,136,130
543,Pearl,US,255,255,255
625,sea green,US,46,106,107
586,lemon,GB,235,230,196
808,brown,US,133,87,0
676,Maroon,US,64,1,21
900,Peter Peter got drunk,AU,140,22,55
680,Purple,NZ,41,16,58
628,blue,GB,74,99,124
765,pale purple,US,182,168,211
1072,Purple,US,157,45,164
756,plava,US,100,191,172
792,purple,GB,55,38,96
1029,lime,GB,110,227,99
813,Dusty blue,US,0,104,149
1016,lavender,US,148,137,228
710,dark heritage red,GB,114,51,74
1023,pink,US,230,108,145
999,Фиолетовый,GB,152,60,138
670,lilac,GB,206,197,225
1122,Neon violet,US,186,58,231
608,Blue ,AU,25,51,75
855,Blue,GB,112,150,204
599,poop green,US,57,49,2
596,Brown,US,77,38,28
1022,Prigušena Barbi roze,GB,226,110,158
967,pink,US,243,145,181
891,Lilac,US,238,184,237
941,Orange,GB,242,154,79
667,Blue,GB,163,209,225
705,grape,US,84,62,109
656,carne,US,238,192,169
721,Olive,AU,110,131,56
787,red,US,98,16,28
1049,purple ,US,162,93,193
834,Sarı,US,183,143,44
854,light blue,US,94,154,203
1105,neon pink,US,229,28,142
670,cloud white,US,206,197,225
632,purple,US,121,86,107
935,Lighterpinkyred,AU,251,143,159
1100,dark pink,US,157,88,222
681,dark grape,US,46,14,55
878,Cyan,US,100,223,180
854,cyan,GB,94,154,203
978,Green ,US,73,255,200
1131,purple,GB,199,9,250
825,Dusty rose ,US,208,125,137
1090,Neon green,GB,49,233,55
911,magenta,US,125,33,99
647,sky blue,GB,114,155,172
606,Emerald green,US,0,55,66
646,Dark teal,AU,103,157,166
1099,light purple,US,128,98,235
864,Baby Pink,US,205,125,145
548,Black,US,16,31,26
936,coral,US,253,143,148
997,purple,US,131,71,156
598,brown,US,65,46,7
545,Siyah,GB,42,24,12
599,Brown,US,57,49,2
613,Purple,GB,74,37,54
888,grey,AU,199,194,255
1016,Purple,US,148,137,228
1095,Orange,AU,242,0,86
743,pink,US,226,158,146
550,black,US,12,30,40
849,teal,GB,0,166,177
813,teal,GB,0,104,149
843,turqouise,US,50,168,123
595,Brown,US,78,37,38
827,red,US,211,124,120
1004,warm pink,US,237,106,119
780,bluey,GB,142,248,223
689,brown,AU,114,56,32
680,Wine,US,41,16,58
859,Lavender,US,170,135,191
957,blue,US,54,187,244
617,kahve,US,125,89,58
1063,blue,US,41,22,141
569,sage,US,101,128,127
822,Mor,US,142,73,117
988,rosa,GB,176,45,86
722,Mountaintop,US,96,133,69
971,Pale yellow,US,241,235,75
533,Black,US,0,0,0
676,burgundy,US,64,1,21
791,deep sea,GB,37,43,100
883,turqoise ,GB,67,222,227
966,Pin,US,236,147,196
843,green,US,50,168,123
651,Lavender,US,165,141,165
923,emerald green,GB,42,141,47
829,raw sienna,US,211,126,98
1041,raspberry,GB,219,64,92
808,Brown,GB,133,87,0
620,green,US,95,101,51
571,Grey,US,119,122,136
930,lilac,GB,162,100,165
940,Orange,AU,249,150,94
900,Red,US,140,22,55
943,marigold,US,226,164,51
1005,Salmon,US,238,107,105
878,mint,US,100,223,180
869,Yellow,US,228,201,89
560,Green ,US,55,75,85
1069,Purple,US,106,73,193
689,Brown,GB,114,56,32
533,obsidian,GB,0,0,0
913,grape,US,135,26,77
1006,Paprika,GB,238,109,88
619,Green,US,106,97,47
1034,Blue!,AU,49,58,163
578,Aqua,US,153,181,169
831,orange,US,204,132,75
1119,purple,US,99,0,194
779,Green,US,150,248,209
807,Brown ,US,140,84,14
740,Pink,US,166,105,121
1039,Magenta ,GB,133,0,124
624,Dark jade,GB,49,106,97
788,red,US,98,18,18
755,Mint,GB,108,191,160
981,turquoise,US,0,255,235
979,Teal,US,53,255,212
696,Forest Green,US,59,79,11
1013,Blue,GB,0,156,234
946,Yellow,NZ,195,177,1
607,blue,GB,5,53,72
1088,pink,US,248,87,163
1060,Pink,US,255,131,206
1028,green,GB,146,223,64
986,purple,GB,90,0,97
1086,baby pink,US,226,100,203
856,Periwinkle Blue,US,133,146,203
800,Maroon,US,154,69,88
1061,green,NZ,161,254,46
997,Purple,AU,131,71,156
804,Orchre,US,155,72,50
971,My favorite color,AU,241,235,75
1135,Blue,GB,0,0,0
581,grey,AU,172,174,186
897,Purple,US,50,0,73
960,lilac,GB,151,171,249
912,Brown,GB,131,29,88
891,Pink,US,238,184,237
1135,Indigo,US,0,0,0
690,Brown,US,109,59,24
644,teal,US,100,160,147
850,Teal blue,US,0,165,185
1103,magenta,US,205,57,183
873,Green,GB,187,213,100
1092,Indigo,AU,91,32,175
593,Gray ,US,241,225,228
744,Peach,US,225,160,128
571,Gray,US,119,122,136
704,Indigo,US,62,68,115
655,pink,US,238,191,181
975,Lime,US,152,253,137
600,forest green,US,47,52,12
599,黑绿,GB,57,49,2
1048,purple,US,148,99,202
1117,Bright pink,GB,255,63,196
901,Red,US,140,24,42
761,Blue,GB,114,185,211
706,Dark violet,GB,91,60,104
535,black,US,49,49,49
587,white,US,219,234,203
836,Mustard,GB,166,150,30
661,Verde limo,US,183,211,159
1073,Magenta,GB,167,36,151
744,Orange,US,225,160,128
1045,blue,AU,0,125,220
864,pink,US,205,125,145
1130,electric blue,GB,61,0,225
587,Light sage,US,219,234,203
1012,green,GB,47,171,52
1114,Violet,GB,207,100,254
709,mauve,GB,111,52,81
623,Forest green,US,56,106,89
613,maroon,GB,74,37,54
931,mauve,GB,171,96,156
831,orange,US,204,132,75
1058,Purple,US,234,140,237
718,Tampuda,GB,143,121,43
863,pink,US,202,126,154
939,dark salmon,US,253,146,108
778,seafoam green,US,156,248,201
1041,fuscia,US,219,64,92
797,purple,GB,87,22,71
697,Forest green,US,45,81,26
969,yellow,US,255,228,80
765,Lavender,US,182,168,211
1069,purple,US,106,73,193
805,brown,NZ,151,76,38
853,Turquoise,US,71,157,201
918,orange,GB,196,92,57
862,rose,GB,195,128,166
870,Butter,US,219,204,86
1006,Orange,US,238,109,88
815,blue ,US,55,98,152
1023,Pink,US,230,108,145
867,Tangerine,US,248,193,104
888,lilac,GB,199,194,255
867,orange,US,248,193,104
1081,orange,GB,255,97,20
961,Violet,US,172,166,245
805,orange,US,151,76,38
1027,Lime green,US,179,217,3
662,Mint,GB,165,213,177
541,light grey,AU,202,202,201
934,Rose,US,191,88,121
1081,Orange ,US,255,97,20
1116,Purple,GB,244,76,218
1019,light purple,AU,197,121,200
834,yellow,US,183,143,44
827,orange,AU,211,124,120
783,Pink,GB,255,216,255
1056,Lime,US,52,202,56
850,Sky blue,AU,0,165,185
966,pink,US,236,147,196
553,Black brown,US,43,22,33
1036,Bright aubergine ,GB,103,38,147
643,Green,GB,105,160,138
702,nautical blue,GB,24,75,114
1022,pink,US,226,110,158
957,blue,US,54,187,244
593,hellrosa,GB,241,225,228
658,taupe,GB,223,199,149
1042,blood orange,US,220,65,74
704,navy,US,62,68,115
887,sky,US,117,213,255
828,peach ,US,212,125,110
662,Seafoam,US,165,213,177
968,pink,US,247,144,171
1136,yellow,AU,0,0,0
763,blue,US,149,177,216
839,sage green,US,132,159,50
971,Yellow,US,241,235,75
980,mint,US,23,255,222
888,Blue,US,199,194,255
572,Gret,US,130,119,131
1013,blue,US,0,156,234
540,Grey,AU,175,175,175
886,Sky Blue,GB,97,216,255
1073,dark magenta,US,167,36,151
781,turquoise,US,139,248,231
1024,Yellow,US,255,189,41
1091,cobalt blue,GB,51,48,186
601,evergreen,AU,34,54,26
1088,pink,US,248,87,163
768,pink,GB,212,160,187
989,reddish pink,GB,178,45,74
783,Pink,US,255,216,255
589,mint green,GB,203,236,233
544,plum,US,45,21,25
796,purple,GB,82,25,78
607,Blue,US,5,53,72
896,dark purple,US,40,7,78
635,Light brown,US,183,138,130
985,dark purple,US,83,9,103
1118,blue,GB,55,32,206
607,blue,US,5,53,72
553,black,GB,43,22,33
1093,purple,US,112,7,165
1002,magenta,US,173,47,99
708,Purple,US,107,54,88
538,Gray,US,122,122,122
821,rose,US,135,76,125
1071,purple,GB,144,55,175
790,royal blue,US,0,49,103
949,浅草绿,US,155,188,39
666,Blue,GB,153,212,218
671,Pink,US,218,194,217
545,brown,US,42,24,12
984,dark purple,US,75,18,108
1053,bright pink,GB,209,68,136
1080,red,US,255,88,64
561,grey,US,69,71,88
559,forest green,US,53,76,77
718,olive green,US,143,121,43
791,navy blue,GB,37,43,100
1071,purple,US,144,55,175
808,Brown,US,133,87,0
1000,magenta,US,161,55,126
618,brown-green,GB,116,94,51
613,Maroon,US,74,37,54
1109,blue,US,60,75,229
1063,royal blue,US,41,22,141
639,lichen,GB,159,150,96
875,LIGHT GREEN,US,146,220,136
1109,Blue,GB,60,75,229
798,Aubergine but a tiny but emo...,GB,90,19,65
674,Maroon,GB,62,2,32
647,Dusky teal,GB,114,155,172
828,Brik,GB,212,125,110
554,Brown,US,91,66,63
625,Dark Turquoise ,US,46,106,107
543,White,GB,255,255,255
1036,violet,US,103,38,147
620,Dull Green,GB,95,101,51
932,magenta,GB,179,93,146
817,Navy lilac,AU,99,88,148
991,Red,US,177,50,43
919,ochre,US,191,96,42
1125,blue,US,62,64,250
894,Peach,US,255,178,206
765,Violet,GB,182,168,211
675,I cannot tell of purple or brown ngl,US,63,1,27
784,maroon,US,95,16,53
729,Turquoize,US,33,134,150
1101,Lilac,GB,174,79,212
571,Grey,GB,119,122,136
955,aquamarine,GB,0,199,162
1072,Magenta ,US,157,45,164
845,turquoise,GB,15,168,139
1006,orange,GB,238,109,88
718,brown,US,143,121,43
668,blue,US,179,205,228
864,Pink,AU,205,125,145
839,Green,US,132,159,50
955,Teal,US,0,199,162
578,Green,GB,153,181,169
1119,Royal purple,GB,99,0,194
786,Maroon,US,98,13,37
1049,purple,US,162,93,193
825,pink,GB,208,125,137
1127,Light Purple,US,149,3,220
750,green,US,173,181,97
572,Rose,GB,130,119,131
665,Baby Blue,US,151,213,209
877,green,US,108,223,171
967,rosy pink,GB,243,145,181
961,Periwinkle,US,172,166,245
858,lilac,US,160,138,197
1044,red orange,US,214,76,18
539,grey,AU,148,149,148
551,Black,AU,26,27,43
1105,Pink,GB,229,28,142
774,Yellow,US,229,236,141
771,cream,GB,255,226,146
630,dusty purple,US,104,91,122
806,burnt orange,GB,146,80,27
935,salmon,GB,251,143,159
1073,purple,US,167,36,151
937,unknown,US,255,143,137
538,grey,GB,122,122,122
944,Yellow,US,217,168,35
601,dark forest green,US,34,54,26
829,salmon,US,211,126,98
844,jade,GB,36,168,131
1000,Magenta,AU,161,55,126
826,Salmon,US,210,124,128
773,Yellow,US,244,231,139
1006,Salmon,US,238,109,88
1026,黄色,GB,236,200,0
1076,rosa,GB,193,0,102
621, moss green,AU,79,104,64
765,lavendar,US,182,168,211
1077,hot pink,US,255,81,128
1060,pink,US,255,131,206
547, black,US,22,31,20
841,green,US,93,165,88
1064,violet,US,68,3,133
711,sienna,US,170,104,108
1064, violet ,US,68,3,133
644,Teal,US,100,160,147
942,Orange,US,235,159,65
579,Grey,GB,151,181,179
1112,Dark purple,US,155,27,193
1109,royal blue,GB,60,75,229
824,Plum purple ,GB,152,69,97
582,purple,GB,182,172,182
1066,red,US,199,0,45
802,brick,US,157,69,70
785,maroon,US,97,14,46
1030,pastel lime,US,55,230,134
719,green,US,136,123,41
612,Dark plum,US,70,39,60
827,Rose,US,211,124,120
1123,megenta,US,207,33,215
1041,Hot Pink,US,219,64,92
686,Burgundy,US,117,51,60
870,unsaturated yellow green,US,219,204,86
1004,Red,US,237,106,119
820,Purple,US,128,79,132
778,Mint,US,156,248,201
1066,red,US,199,0,45
663,Turquoise,AU,157,214,189
957,Azure,AU,54,187,244
729,Teal,US,33,134,150
1014,Cerulean,GB,72,152,235
1006,tangerine,US,238,109,88
736,mauve,GB,139,112,154
1055,orange gold,GB,255,147,0
1047,Lavender ,AU,125,106,212
920,orange,GB,183,102,25
1134,green,US,0,0,0
906,purple,AU,78,58,135
1082,lilac,US,149,129,255
726,teal,US,42,137,122
786,maroon,US,98,13,37
855,Blue,US,112,150,204
883,Turquoise,US,67,222,227
932,Purple,US,179,93,146
716,brown,US,162,112,62
702,Blue,US,24,75,114
692,Brown,US,95,67,0
562,Plum,GB,82,67,83
574,Siva,US,192,170,166
940,Orange,US,249,150,94
678,Navy ,US,0,28,66
857,lilac,US,148,142,200
570,grey blue,US,106,125,134
732,Blue,GB,85,126,163
912,Reddish purple,US,131,29,88
725,Green,US,53,137,110
916,salmon ,US,197,88,87
868,pretty :),US,239,197,97
758,Blue,GB,95,190,187
1036,purple,US,103,38,147
846,teal ,US,0,168,147
880,mint,US,86,223,197
1011,green,GB,90,168,0
891,Pink,US,238,184,237
895,blue,GB,24,14,84
549,black,US,10,31,33
873,green,US,187,213,100
944,Mustard,US,217,168,35
1105,magenta,US,229,28,142
830,green,GB,209,129,87
1122,purple,AU,186,58,231
849,Blue,AU,0,166,177
868,Pastel yellow,US,239,197,97
1135,blue,US,0,0,0
914,salmon,AU,194,88,110
1118,Royal Blue,GB,55,32,206
660,Yellows green,GB,201,206,147
659,yellow,US,212,203,145
968,pink,US,247,144,171
1001,pink,US,168,50,111
1043,Bright orange ,US,219,68,53
1014,Light Blue,US,72,152,235
1058,pink,GB,234,140,237
1012,GREEN,US,47,171,52
689,terracotta,GB,114,56,32
1026,yellow,US,236,200,0
697,Dark Green,US,45,81,26
802,Brown,NZ,157,69,70
1112,purple,AU,155,27,193
1091,Blue,US,51,48,186
995,purple,US,101,82,172
585,Oyster,GB,246,226,205
973,Lime green,GB,212,243,87
718,grey,AU,143,121,43
1098,blue,GB,77,109,247
597,Bitter Chocolate,GB,71,42,17
899,pink,GB,138,23,66
557,green,US,64,75,60
759,Aqua,US,98,188,201
1026,yellow,US,236,200,0
905,Blue ,US,54,65,139
731,Duck egg blue,GB,59,131,159
887,Light blue,US,117,213,255
1120,Bright purple,US,134,86,255
857,light purple,US,148,142,200
1078,coral,GB,255,81,111
1077,Pink,US,255,81,128
1053,pink,US,209,68,136
790,Mavi,GB,0,49,103
1084,Purple,US,194,115,233
795,Blackberry,GB,77,28,82
920,orange,US,183,102,25
847,Turquoise,AU,0,168,158
1128,pink,GB,246,53,254
617, brown,US,125,89,58
957,blue,US,54,187,244
907,PURPLE,US,93,52,129
1108,Blue,AU,47,0,160
1115,pink,GB,230,86,236
600,olive green,US,47,52,12
769,Puder roze ,US,217,159,178
641,Green,US,131,157,111
761,Light blue,US,114,185,211
840,green,US,112,163,70
552,black,US,37,23,40
667,S,US,163,209,225
583,off white,GB,188,171,174
1111,purple,GB,139,44,204
1129,fuchsia,US,255,30,232
995,purple,US,101,82,172
714,brown,US,169,107,78
897,Dark purple,US,50,0,73
657,nude beige,US,232,195,159
641,green,US,131,157,111
670,pink,GB,206,197,225
935,light peach,US,251,143,159
560,grey,GB,55,75,85
820,purple ,US,128,79,132
965,Pink,GB,227,149,208
539,grey,US,148,149,148
589,light blue,NZ,203,236,233
1055,Orange,US,255,147,0
1129,Pink,US,255,30,232
732,blue,US,85,126,163
676,brown,US,64,1,21
924,blue,US,29,128,191
1083,light purple ,US,178,120,244
636,Hank but Dirty this time,AU,182,139,119
689,brown,GB,114,56,32
845,Green,GB,15,168,139
969,yellow,AU,255,228,80
702,midnight blue,US,24,75,114
1075,Magenta,US,187,0,118
964,Light pink,US,218,153,218
1067,red,GB,197,0,22
908,Purple,US,103,48,123
771,Peach,US,255,226,146
659,light yellow,AU,212,203,145
549,black,GB,10,31,33
780,Turquoise,US,142,248,223
591,grey,US,226,229,239
586,Ivory,US,235,230,196
559,teal,US,53,76,77
863,Red,AU,202,126,154
1080,neon orange,US,255,88,64
952,green,US,68,198,122
782,Teal,GB,136,248,241
914, coral,US,194,88,110
973,acid green,US,212,243,87
1000,fushia,US,161,55,126
996,purple,US,120,76,164
801,pink,US,156,69,80
893,Pink,US,254,180,218
594,Maroon,US,76,37,46
624,teal,GB,49,106,97
1010,Orange,US,211,130,0
719,dirty green,GB,136,123,41
639,Yellow,GB,159,150,96
819,purple,US,119,82,138
930,grape,GB,162,100,165
957,blue ,US,54,187,244
834,Yellow,US,183,143,44
674,maroon,US,62,2,32
853,cyan,GB,71,157,201
769,Pink,US,217,159,178
644,see green ,GB,100,160,147
1026,yellow,US,236,200,0
1033,lapiz,GB,31,0,101
1006,coral,US,238,109,88
954,blue-green,US,0,199,152
1138,Pink,GB,0,0,0
553,dark purple,GB,43,22,33
962,lilac,GB,189,161,237
588,Mint,US,204,237,221
876,sea green,US,124,222,155
759,Teal,US,98,188,201
1026,Medium yellow,US,236,200,0
563,brownish gray,US,89,66,72
933,cherry pink,US,187,90,132
673,pale beige,GB,231,192,199
863,rose,AU,202,126,154
805,brown,US,151,76,38
557,dark green,GB,64,75,60
881,aqua,US,76,223,207
890,pink,GB,222,188,249
1074,Magent,US,178,21,136
868,saffron,GB,239,197,97
1006,Orangered,AU,238,109,88
853,Sky blue,GB,71,157,201
1059,Pink,US,247,136,222
695,green,US,68,77,0
900,rot,GB,140,22,55
838,chartreuse ,US,145,156,37
958,Light Blue,US,94,182,248
939,orange,US,253,146,108
1134,Lime,GB,0,0,0
663,Ligjt green,GB,157,214,189
807,orange,US,140,84,14
636,tan,US,182,139,119
930,Lavendar,US,162,100,165
607,grey,US,5,53,72
770,pink,US,220,158,172
724,kelly green ,US,59,137,104
1114,magenta,NZ,207,100,254
611,purple,US,64,40,67
1089,pink,US,255,83,147
1051,Magenta,US,189,80,170
837,olive,US,157,153,30
879,turquoise,US,93,223,189
843,green,AU,50,168,123
661,lime green,US,183,211,159
950,Lime green,US,129,193,70
732,Blue,US,85,126,163
667,blue,US,163,209,225
1064,purple ,GB,68,3,133
663,cyan,US,157,214,189
1089,Hot Pink,US,255,83,147
870,yellow,US,219,204,86
1041,Pale res,US,219,64,92
644,green,US,100,160,147
1107,pink,NZ,252,124,255
834,pollen yellow,US,183,143,44
756,Mint green,GB,100,191,172
594,Maroon,US,76,37,46
551,Black,US,26,27,43
947,Chartreuse,US,186,180,0
558,grey green,GB,57,76,69
691,BROWN,GB,105,62,17
739,purple,US,163,105,127
963,lilac,GB,201,158,230
978,Cyan,US,73,255,200
1082,lilac,GB,149,129,255
759,Aquamarine,US,98,188,201
784,bordo,GB,95,16,53
746,Sand,US,217,165,112
985,Purple,US,83,9,103
886,bright blue,AU,97,216,255
1113,Dark Magenta,US,171,0,180
782,light blue,NZ,136,248,241
942,Orange ,US,235,159,65
757,Turquoise,GB,97,191,180
1051,purple,US,189,80,170
1084,lilac,US,194,115,233
745,Beige,US,221,163,119
587,green,US,219,234,203
1030,green,US,55,230,134
843,green,GB,50,168,123
703,navy 2.0,GB,42,73,115
1086,Magenta,US,226,100,203
795,purple,US,77,28,82
979,teal,US,53,255,212
1107,pink,US,252,124,255
548,Green,US,16,31,26
703,Blue,US,42,73,115
791,navy,GB,37,43,100
605,green,US,0,56,59
1106,Magneta,GB,234,17,124
924,Blue,GB,29,128,191
774,light yellow,US,229,236,141
535,Charcoal,US,49,49,49
1133,red,NZ,0,0,0
593,Cream,US,241,225,228
554,Brown,US,91,66,63
618,ochre,GB,116,94,51
834,orange,US,183,143,44
678,navy blue,GB,0,28,66
542,Eggshell,US,229,229,229
705,Purple,US,84,62,109
1052,Fucsia,US,199,74,156
996,Purple,GB,120,76,164
741,peach,US,223,158,159
704,Jswywndo,GB,62,68,115
724,green,US,59,137,104
1042,soft red,GB,220,65,74
1138,magenta,GB,0,0,0
1116,hot pink,GB,244,76,218
614,brown,US,130,85,88
873,chartreuse,NZ,187,213,100
963,warm lilac,GB,201,158,230
737,Violet,NZ,147,110,149
783,pink,GB,255,216,255
1090,green,GB,49,233,55
558,swamp water green,US,57,76,69
1003,Coral,US,234,107,132
802,Maroon,US,157,69,70
654,fleischfarben,GB,235,191,191
660,Pistachio green,US,201,206,147
852,blue,US,47,160,198
631,mauve,GB,114,88,116
711,salmon,US,170,104,108
794,purple,AU,72,31,86
1029,lime,US,110,227,99
820,light purple,US,128,79,132
603,Green,GB,13,56,44
567,green,GB,114,126,106
1051,light plum,US,189,80,170
727,green,US,35,136,130
581,Grey,AU,172,174,186
1099,blue,US,128,98,235
1016,Lilac,GB,148,137,228
591,blue grey,US,226,229,239
550,Black ,GB,12,30,40
884,Turquoise ,US,70,220,237
718,土黄,US,143,121,43
933,hot pink,US,187,90,132
1025,yellow,US,250,194,14
709,dark plum,US,111,52,81
865,pale orange,GB,255,185,122
997,purple,GB,131,71,156
1066,red,US,199,0,45
796,Purple ,US,82,25,78
1131,Purple,US,199,9,250
585,cream,US,246,226,205
869,Buttermilk yellow,AU,228,201,89
674,dark eggplant,US,62,2,32
885,blue,US,81,218,249
878,cyan,GB,100,223,180
995,violet ,US,101,82,172
1026,yellow,GB,236,200,0
1023,Coral,US,230,108,145
650,pale lavendar,US,154,144,172
1120,Periwinkle,US,134,86,255
1132,Total purple,US,127,0,255
642,Army green,US,114,159,127
1136,Bright yellow ,GB,0,0,0
640,Pea green,US,147,153,99
1061,Yellow Green,US,161,254,46
880,teal,US,86,223,197
541,white,AU,202,202,201
875,light green,US,146,220,136
661,light green,GB,183,211,159
819,DUSKY PURPLE,US,119,82,138
748,yellow,AU,196,174,94
1027,Lime green,US,179,217,3
937,pink,US,255,143,137
793,blue,AU,66,34,91
858,lilac,US,160,138,197
546,Charcoal ,US,33,28,8
717,Murky Brown-Green,NZ,150,118,48
922,verde,GB,74,138,11
592,White,US,235,226,234
678,Navy,US,0,28,66
898,purple,US,55,0,69
796,Maroon,GB,82,25,78
648,gray blue,US,127,151,174
603,forrest green ,US,13,56,44
775,yellow,US,219,238,145
759,disaturated light blue ,GB,98,188,201
602,dark green,US,21,56,38
922,Green,AU,74,138,11
810,green,AU,57,109,20
891,pink,US,238,184,237
628,Dirty Blue,US,74,99,124
1115,pink,US,230,86,236
657,beige,US,232,195,159
863,Lil pink,IR,202,126,154
1073,Maroon,GB,167,36,151
671,grey,GB,218,194,217
1052,pink,US,199,74,156
836,Diarrhea yellow,GB,166,150,30
606,deep teal,GB,0,55,66
1030,bright green ,US,55,230,134
854,blue,NZ,94,154,203
999,Magenta,US,152,60,138
633,Aubergine,NZ,127,85,96
936,ligjt coral,US,253,143,148
611,Purple,US,64,40,67
923,green grass,US,42,141,47
644,Green,US,100,160,147
634,Mauve ,US,181,138,139
535,black,GB,49,49,49
1032,pink,US,255,172,255
1069,Purple,US,106,73,193
1038,Purple ,US,124,16,133
805,Dark ginger,US,151,76,38
1081,orange,GB,255,97,20
675,Maroon,US,63,1,27
906,purple,US,78,58,135
565,brown,GB,138,119,104
769,Pink,US,217,159,178
623,Verdant green,AU,56,106,89
784,merlot,US,95,16,53
708,plum,US,107,54,88
955,aqua,US,0,199,162
737,mid mauve,GB,147,110,149
1132,purple,US,127,0,255
948,lime,US,171,184,14
686,maroon,US,117,51,60
876,Healthy smoothie,GB,124,222,155
585,beige,US,246,226,205
1054,pink,US,213,65,122
760,sky blue,US,104,187,207
1025,yellow,US,250,194,14
938,Salmon orange,GB,255,144,124
962,lilac,US,189,161,237
934,pink,GB,191,88,121
961,Periwinkle,GB,172,166,245
758,teal,US,95,190,187
883,Light teal,US,67,222,227
791,Dark Blue,US,37,43,100
725,dark green,US,53,137,110
888,pale grey blue,GB,199,194,255
920,Orange,US,183,102,25
971,Lime yellow,US,241,235,75
828,deep apricot,GB,212,125,110
710,maroon,US,114,51,74
1038,Purple,US,124,16,133
887,blue,US,117,213,255
704,dusty blue,US,62,68,115
763,Periwinkle,US,149,177,216
753,green,US,122,190,143
749,Mustard,US,189,177,93
896,Violet,US,40,7,78
1108,blue,US,47,0,160
719,henna green,GB,136,123,41
981,blue,GB,0,255,235
652,Putty Pink,US,172,139,156
979,cyan,AU,53,255,212
789,red-brown,GB,96,23,0
813,Blue,GB,0,104,149
652,mauve,US,172,139,156
787,dark red,US,98,16,28
930,magenta,US,162,100,165
781,green,US,139,248,231
820,dulled purple,US,128,79,132
1136,yellow-green,AU,0,0,0
609,Ultramarine blue,AU,44,47,76
955,Turquoise ,US,0,199,162
781,Cyan,US,139,248,231
731,Blue,US,59,131,159
1060,Bubblegum ,US,255,131,206
865,yellow,US,255,185,122
919,orange,US,191,96,42
1136,yellow,US,0,0,0
550,dark blue,US,12,30,40
984,purple,US,75,18,108
822,purple,US,142,73,117
823,pink,US,148,70,106
954,turquiose,US,0,199,152
865,Peach,GB,255,185,122
558,Forest green,GB,57,76,69
639,Bile green,US,159,150,96
883,Teal,US,67,222,227
730,blue,AU,45,133,155
1013,blue,GB,0,156,234
871,orange,GB,212,206,86
878,hot mint green,AU,100,223,180
844,green,GB,36,168,131
566,Gray,US,128,123,98
987,Rich Purple,GB,95,0,91
561,storm gray,US,69,71,88
676,Bugandy,US,64,1,21
597,briwn,GB,71,42,17
954,zelena,US,0,199,152
951,green,US,104,196,96
587,white,US,219,234,203
723,tamno zeleno,US,69,136,95
597,Brown,GB,71,42,17
579,slate,US,151,181,179
734,dusky blue,GB,111,120,164
898,Purple,GB,55,0,69
1134,neon green,GB,0,0,0
723,Dark Green,US,69,136,95
944,mustard,US,217,168,35
795,Purple,AU,77,28,82
626,green,AU,48,105,116
984,purple,US,75,18,108
750,green,GB,173,181,97
645,teal,US,98,159,158
835,Golden brown,US,174,147,35
788,Red brown ,US,98,18,18
1072,purple ,US,157,45,164
582,Periwinkle,US,182,172,182
702,blue,GB,24,75,114
1126,Purple,US,119,43,234
1091,Blue,US,51,48,186
626,ocean blue,US,48,105,116
1123,dark pink,GB,207,33,215
1020,Salmon pink,US,208,117,189
846,Teal,GB,0,168,147
1042,red,US,220,65,74
946,Yellow,GB,195,177,1
638,Brown ,GB,169,146,100
637,clay,NZ,178,142,109
1037,purple,US,114,29,140
900,maroon,US,140,22,55
1017,Blue,US,168,131,220
909,Purple,US,111,43,117
739,Kahverengimsi pembe,US,163,105,127
1122,mid purple,GB,186,58,231
600,dark olive,GB,47,52,12
753,Mint green,US,122,190,143
764,Light navy blue,GB,163,173,216
741,pink,US,223,158,159
732,blau,GB,85,126,163
1011,Green,US,90,168,0
1024,Gold,GB,255,189,41
913,magenta,US,135,26,77
1089,Pink,US,255,83,147
1100,purple,US,157,88,222
984,Purple,US,75,18,108
807,red,AU,140,84,14
953,toquoise,US,28,199,142
707,plum,US,97,57,100
989,Pinkish-red,US,178,45,74
827,Salmon pink ,GB,211,124,120
690,Brown,US,109,59,24
603,green,US,13,56,44
579,Rosemary green,US,151,181,179
752,Lime green,GB,149,187,116
1020,pink,US,208,117,189
641,jungle green,US,131,157,111
846,turquoise,US,0,168,147
602,green,US,21,56,38
887,Blue,US,117,213,255
909,Purple,AU,111,43,117
1001,Pink,US,168,50,111
699,teal,GB,0,84,57
866,orange,US,255,188,113
850,Technically turquoise ,GB,0,165,185
682,eggplant,US,48,12,53
1057,white ,GB,214,148,253
620,army green,US,95,101,51
888,Lilac,US,199,194,255
670,pale lilac,GB,206,197,225
706,Purple,US,91,60,104
764,Periwinkle,US,163,173,216
1025,yellow,US,250,194,14
896,Ben,GB,40,7,78
1025,Yellow,US,250,194,14
821,Eflatun,GB,135,76,125
764,light purple,US,163,173,216
628,Blue,US,74,99,124
915,Salmon,US,196,87,99
1010,Hot orange,GB,211,130,0
714,light brown,AU,169,107,78
824,Pink,GB,152,69,97
578,mint,US,153,181,169
830,peach,GB,209,129,87
676,burgundy,GB,64,1,21
887,pastel blue,NZ,117,213,255
829,Yellow-orange,US,211,126,98
1097,Red,GB,239,31,29
619,Fatigue Green,US,106,97,47
547,Kara,GB,22,31,20
727,Teal,GB,35,136,130
1080,Vermillion,GB,255,88,64
911,PURPLE,GB,125,33,99
988,cerise ,GB,176,45,86
976,erin,US,119,255,166
639,Tan,US,159,150,96
868,yellow,GB,239,197,97
832,orange,GB,199,135,65
886,sky Blue,US,97,216,255
752,green,US,149,187,116
994,blue,US,72,90,177
597,brown,US,71,42,17
824,mauve ,NZ,152,69,97
816,blue,AU,82,93,151
832,Amber,GB,199,135,65
674,Maroon,US,62,2,32
837,greenish yellow,US,157,153,30
649,GREY,GB,142,147,175
936,Peach,US,253,143,148
1016,Blue,US,148,137,228
933,pink,US,187,90,132
550,Black,GB,12,30,40
691,Brown ,GB,105,62,17
716,Poo,GB,162,112,62
782,Cyan,US,136,248,241
1028,Lime green,US,146,223,64
837,olive,US,157,153,30
543,白,GB,255,255,255
945,mustard,AU,205,173,17
685,Black,NZ,58,5,41
793,Dark purple ,NZ,66,34,91
1111,purple,US,139,44,204
928,purple,US,139,108,181
580,Baby blue,GB,159,178,185
869,Yellow,US,228,201,89
547,brown,GB,22,31,20
614,Brown,US,130,85,88
1086,magenta,US,226,100,203
634,pink,US,181,138,139
1066,red,US,199,0,45
841,Green,GB,93,165,88
586,Beige,AU,235,230,196
1047,purple,US,125,106,212
943,gold,US,226,164,51
684,purplenice,GB,56,7,45
935,Rose,US,251,143,159
1094,pink,US,239,2,105
1136,neon yellow,US,0,0,0
623,Sea foam green,US,56,106,89
703,blue,US,42,73,115
867,Orange,GB,248,193,104
1041,Warm pink,US,219,64,92
533,black,US,0,0,0
1107,pink,US,252,124,255
546,black,AU,33,28,8
740,Pink,GB,166,105,121
929,lilac,US,150,104,174
1033,Blue,GB,31,0,101
593,light pink,US,241,225,228
651,Lilac,US,165,141,165
1038,purple ,US,124,16,133
682,Summer dreams,US,48,12,53
820,purple,GB,128,79,132
782,Aqua,NZ,136,248,241
803,crimson,US,157,70,61
826,Salmon,US,210,124,128
1115,magenta,GB,230,86,236
710,Light Burgundy,US,114,51,74
1029,green,US,110,227,99
928,light purple,GB,139,108,181
760,pale blue,GB,104,187,207
1133,κοκινο,GB,0,0,0
851,sky blue,AU,0,163,193
729,dark teal,GB,33,134,150
1070,purple,US,129,63,183
1009,orange,US,221,124,21
637,tan,US,178,142,109
1029,green,US,110,227,99
1017,light blue purple,US,168,131,220
967,Pink,US,243,145,181
834,yellow,US,183,143,44
1040,Pink Red,US,217,64,107
565,Tan,US,138,119,104
536,gray,US,72,72,72
663,Teal,GB,157,214,189
771,pale orange,US,255,226,146
981,亮青色,GB,0,255,235
1034,深紫,AU,49,58,163
744,peach,US,225,160,128
661,Dusky Green,GB,183,211,159
784,Purple,AU,95,16,53
729,blue,US,33,134,150
715,Brown,US,166,110,70
782,Teal,US,136,248,241
1010,yellow orange,US,211,130,0
1108,Blau,GB,47,0,160
1010,orange,GB,211,130,0
919,orange,AU,191,96,42
833,mustard,US,191,139,54
1045,Blue,US,0,125,220
743,peach,US,226,158,146
1000,magenta,US,161,55,126
956,Cyan,US,0,190,240
766,lavender,US,190,166,207
1003,pink,US,234,107,132
676,Maroon,GB,64,1,21
760,Light Blue,US,104,187,207
1102,purple,US,192,68,198
1096,Red,US,243,7,60
799,magenta,US,93,18,59
895,dark blue,GB,24,14,84
907,Violet,AU,93,52,129
558,forest green,GB,57,76,69
537,Gray,US,97,97,97
867,Skin,US,248,193,104
1021,pink,AU,217,113,175
859,Mauve ,US,170,135,191
1114,purple,GB,207,100,254
1102,bright magenta,US,192,68,198
961,Lavender,US,172,166,245
1045,blue,NZ,0,125,220
945, mustard,AU,205,173,17
543,White,GB,255,255,255
1124,hot pink,US,222,0,197
606,blue,US,0,55,66
1067,red,US,197,0,22
1083,Lilac,AU,178,120,244
847,Blue ,US,0,168,158
612,grape,US,70,39,60
655,light orange red,US,238,191,181
573,Mauve,GB,137,118,122
676,Oxblood,US,64,1,21
1071,Bright Violet,US,144,55,175
972,yellow,US,227,239,79
767,Açık pembe,GB,200,163,200
533,black,GB,0,0,0
1056,Neon green,GB,52,202,56
569,grey,US,101,128,127
647,denim,US,114,155,172
896,Purple,AU,40,7,78
560,grey,US,55,75,85
668,blue,US,179,205,228
920,burnt umber,US,183,102,25
753,teal,US,122,190,143
656,Tan,US,238,192,169
644,Seafoam green,US,100,160,147
642,green,US,114,159,127
1041,Coral,GB,219,64,92
655,pale green,GB,238,191,181
599,brown,US,57,49,2
1103,pink,US,205,57,183
607,teal,US,5,53,72
548,Black,US,16,31,26
714,brown,US,169,107,78
986,purple,US,90,0,97
1062,neon green,US,112,255,99
716,Brown,US,162,112,62
661,lime,US,183,211,159
1113,purple,US,171,0,180
740,pink,US,166,105,121
852,sky,GB,47,160,198
1075,magenta,US,187,0,118
940,Orange,US,249,150,94
811,emerald green ,GB,34,111,41
641,Green,GB,131,157,111
1022,Pink,US,226,110,158
657,Tan,US,232,195,159
942,sun,AU,235,159,65
649,Lilac,US,142,147,175
786,Maroon,GB,98,13,37
1073,Magenta,GB,167,36,151
671,turqouise,GB,218,194,217
680,deep purple ,US,41,16,58
1103,hot pink,GB,205,57,183
1013,blue,US,0,156,234
682,purple,US,48,12,53
827,salmon,US,211,124,120
1041,Dark Coral,US,219,64,92
774,light lime ,GB,229,236,141
798,бордовый,US,90,19,65
1054,Deep Pink,US,213,65,122
577,green,US,165,180,154
785,red,GB,97,14,46
809,army green,US,79,106,0
570,gray,US,106,125,134
553,brwon,US,43,22,33
1020,Magenta,GB,208,117,189
684,Plum,US,56,7,45
603,Emerald,US,13,56,44
608,indigo,GB,25,51,75
719,mustard,US,136,123,41
542,white,US,229,229,229
810,Green,GB,57,109,20
746,orange,US,217,165,112
829,Pwach,US,211,126,98
1024,Hayli,AU,255,189,41
1101,purple,GB,174,79,212
862,açık pembe,GB,195,128,166
654,pastel red,US,235,191,191
836,Olive,US,166,150,30
807,brown,US,140,84,14
734,Purple,GB,111,120,164
1028,acid green,GB,146,223,64
994,blue,US,72,90,177
1046,Blue,GB,90,115,218
839,Shrek,AU,132,159,50
797,Fuchsia ,US,87,22,71
749,cream,US,189,177,93
611,Purple,AU,64,40,67
1003,Pink,GB,234,107,132
810,green,US,57,109,20
989,red,US,178,45,74
717,Olive,AU,150,118,48
752,green,US,149,187,116
692,Brown,US,95,67,0
536,Grey,GB,72,72,72
917,Eclipse Red,US,197,89,74
725,green,US,53,137,110
846,Turquoise emerald ,GB,0,168,147
1026,yellow,IR,236,200,0
634,Mauve,US,181,138,139
762,Blue,US,138,179,215
727,blue green,US,35,136,130
654,peach,US,235,191,191
920,Orange,US,183,102,25
892,pink,US,246,182,228
1131,bright purple,US,199,9,250
775,Limoncello,US,219,238,145
1134,green,GB,0,0,0
1066,Red,US,199,0,45
1100,lavender,US,157,88,222
621,green,US,79,104,64
812,green,US,0,113,63
729,greenish blue,US,33,134,150
752,Pea,US,149,187,116
1025,yellow,GB,250,194,14
708,burgundy ,US,107,54,88
549,black,US,10,31,33
893,Light pink,US,254,180,218
814,Blue,US,29,101,151
737,lavender,US,147,110,149
906,Indigo,AU,78,58,135
871,Yellow,AU,212,206,86
646,豆蓝色,GB,103,157,166
589,Plavičasto bela,GB,203,236,233
970,Yellow,US,250,232,76
650,Grey ,US,154,144,172
722,Green,US,96,133,69
852,Cyan,US,47,160,198
1088,pink,GB,248,87,163
704,Blue,US,62,68,115
926,purple,AU,102,118,190
659,beige,AU,212,203,145
953,green,GB,28,199,142
810, green,US,57,109,20
859,Lavender ,US,170,135,191
1010,Orange,US,211,130,0
1029,Green,US,110,227,99
536,dark grey,GB,72,72,72
744,peach,NZ,225,160,128
1034,Royal blue,GB,49,58,163
686,rust ,GB,117,51,60
824,Mürdüm,US,152,69,97
741,pink,US,223,158,159
932,rose,GB,179,93,146
926,purple,US,102,118,190
1024,gold,US,255,189,41
710,purple,US,114,51,74
628,gray,US,74,99,124
761,Light blue,US,114,185,211
654,pink,US,235,191,191
760,Turquoise,US,104,187,207
831,Burnt umber ,US,204,132,75
905,blue,US,54,65,139
564,Coffee blush,US,140,117,114
697,dark olive green,GB,45,81,26
856,Lilac,AU,133,146,203
1137,bright blue,US,0,0,0
694,brown,GB,83,72,0
1061,lime green,GB,161,254,46
893,pink,US,254,180,218
908,purplr,US,103,48,123
645,Seagrass,GB,98,159,158
623,green,GB,56,106,89
1025,sun yellow,US,250,194,14
1002,magenta,US,173,47,99
561,cool steel,US,69,71,88
981,Turquoise ,US,0,255,235
965,lavender,US,227,149,208
915,light red,GB,196,87,99
791,navy blue,US,37,43,100
1023,weird huey grey,US,230,108,145
924,blue,AU,29,128,191
743,peach,GB,226,158,146
1027,Lime green,GB,179,217,3
710,wine,US,114,51,74
739,salmon-grey,GB,163,105,127
586,beige,GB,235,230,196
1012,Green,GB,47,171,52
934,magenta,US,191,88,121
550,Blue,US,12,30,40
610,purple,GB,57,43,72
579,Grey green,US,151,181,179
1054,Hot pink,GB,213,65,122
784,Burgundy,US,95,16,53
598,brown,AU,65,46,7
875,Lime,US,146,220,136
1066,Red,US,199,0,45
943,brownish yellow,IR,226,164,51
912,rosa,GB,131,29,88
913,Rose,GB,135,26,77
552,Black,GB,37,23,40
583,Light grey,US,188,171,174
902,red,US,139,29,30
597,Brown,US,71,42,17
868,Yellow,GB,239,197,97
567,Camo Green,US,114,126,106
588,pale mint,GB,204,237,221
765,blue,US,182,168,211
623,green,GB,56,106,89
554,brown,GB,91,66,63
569,cyan,GB,101,128,127
1022,pink,NZ,226,110,158
559,Green Gray,US,53,76,77
728,turquoise ,AU,28,136,136
534,black,GB,28,28,28
658,Yellow beige,US,223,199,149
658,yellow,GB,223,199,149
803,Dark blush pink ,US,157,70,61
1088,Bright pink,AU,248,87,163
583,beige,GB,188,171,174
990,Pink red,US,178,47,57
636,Light brown,AU,182,139,119
1079,light red,US,255,84,91
813,cyan,US,0,104,149
845,green,US,15,168,139
616,brown,GB,130,86,69
673,Burgundy ,AU,231,192,199
578,Sage,US,153,181,169
1097,Red,US,239,31,29
720,moss green,US,120,128,48
1070,purple ,GB,129,63,183
1069,lavender,US,106,73,193
895,navy,US,24,14,84
632,mauve,GB,121,86,107
867,Orange,AU,248,193,104
980,turqoise,US,23,255,222
1136,Highligher yellow ,AU,0,0,0
1083,lilac,US,178,120,244
1111,magenta,US,139,44,204
885,Sky blue,GB,81,218,249
964,lilac,US,218,153,218
870,yellow ,AU,219,204,86
1042,red,US,220,65,74
584,white,US,244,225,221
761,blue,GB,114,185,211
1117,Magenta,US,255,63,196
936,salmon,US,253,143,148
815,blue,US,55,98,152
965,pink,US,227,149,208
830,orange,GB,209,129,87
536,grey,US,72,72,72
1076,pink,US,193,0,102
1032,Light pinkish purple,US,255,172,255
654,pink,US,235,191,191
599,green,US,57,49,2
561,深灰色,GB,69,71,88
718,Dark yellow ,AU,143,121,43
1019,Lavender,GB,197,121,200
1103,pink,US,205,57,183
855,light blue,US,112,150,204
1051,pink,GB,189,80,170
605,green,GB,0,56,59
812,Green,US,0,113,63
808,Orange,GB,133,87,0
623,forest green,GB,56,106,89
641,Green,US,131,157,111
574,Pink,US,192,170,166
631,lilac-gray,US,114,88,116
670,pink,US,206,197,225
1121,Purple,US,167,71,244
1033,navy,US,31,0,101
550,black,US,12,30,40
753,Green,US,122,190,143
639,Tan,US,159,150,96
654,pink,US,235,191,191
883,light blue,US,67,222,227
1114,purple,US,207,100,254
675,Wine purple,US,63,1,27
1110,Purple,US,112,60,216
623,Lagoon,US,56,106,89
965,Pink,GB,227,149,208
1085,pink,US,213,107,217
591,gray,US,226,229,239
722,Olive,US,96,133,69
944,yellow,US,217,168,35
859,purple,GB,170,135,191
545,black,GB,42,24,12
621,Soft green,GB,79,104,64
898,violeta,AU,55,0,69
589,Hayli,AU,203,236,233
923,green,US,42,141,47
831,Tangerine ,GB,204,132,75
655,Peach,GB,238,191,181
594,brown,GB,76,37,46
773,yellow,US,244,231,139
870,yellow gray ,US,219,204,86
544,Chocolate,US,45,21,25
844,Yellowish teal,US,36,168,131
1036,Purple,GB,103,38,147
780,turquoise,US,142,248,223
1002,magenta,US,173,47,99
1060,pink,GB,255,131,206
1122,Pink,US,186,58,231
671,pale mued purple,US,218,194,217
541,Chalk White,US,202,202,201
725,dark teal,US,53,137,110
896,Navy,GB,40,7,78
1123,lila,US,207,33,215
1119,Purple,GB,99,0,194
632,plum,US,121,86,107
1038,Concord,US,124,16,133
1123,bright pink,GB,207,33,215
1094,Pink,US,239,2,105
785,Burgundy,GB,97,14,46
1059,Pink,US,247,136,222
626,greenish blue,US,48,105,116
578,ash green,AU,153,181,169
1043,red,AU,219,68,53
1091,wedgewood,US,51,48,186
675,magenta,US,63,1,27
927,Purple,GB,124,112,186
551,Deep Dark Green,AU,26,27,43
997,purple ,GB,131,71,156
733,gris ,US,97,124,164
893,pink,GB,254,180,218
1082,Purple,GB,149,129,255
1006,Orange ,US,238,109,88
947,mustard,GB,186,180,0
673,Baby pink,GB,231,192,199
715,dark orange,US,166,110,70
765,lilac,GB,182,168,211
653,Magenta,US,178,138,147
657,buff,US,232,195,159
1022,pink,GB,226,110,158
551,black,GB,26,27,43
853,blue,GB,71,157,201
551,navy,US,26,27,43
1004,Salmon,US,237,106,119
1114,Purple,GB,207,100,254
843,Green,US,50,168,123
560,dark blue,US,55,75,85
925,Blue,US,67,124,192
789,Burgundy,AU,96,23,0
951,Green,US,104,196,96
743,orange,US,226,158,146
1043,red,GB,219,68,53
947,yellow,GB,186,180,0
759,Turquoise,US,98,188,201
552,Eggplant,US,37,23,40
576,Brown,GB,181,176,147
562,Deep purple,US,82,67,83
1015,powder blue,GB,121,143,233
1025,Yellow,GB,250,194,14
803,Clay red,US,157,70,61
730,Teal,US,45,133,155
660,khaki,GB,201,206,147
1001,Hot pink,US,168,50,111
533,Black,AU,0,0,0
707,purple,GB,97,57,100
996,purple,US,120,76,164
809,Avocado Green,AU,79,106,0
792,dark blue,US,55,38,96
586,Eggshell ,US,235,230,196
1020,Pink,US,208,117,189
711,dark muddied rose,GB,170,104,108
639,Green,US,159,150,96
781,neon blue,US,139,248,231
974,Chartreuse,US,181,249,111
900,Red,US,140,22,55
648,silver,US,127,151,174
1012,Green,GB,47,171,52
687,brown,GB,117,51,53
549,black,GB,10,31,33
770,Pink,US,220,158,172
914,桃粉,GB,194,88,110
936,orange pink,AU,253,143,148
843,green,US,50,168,123
787,red,US,98,16,28
563,Taupe,US,89,66,72
1129,Fuchsia,GB,255,30,232
697,olive,US,45,81,26
862,rose,US,195,128,166
1096,Apple red,US,243,7,60
644,teal,US,100,160,147
910,Mor,US,118,39,110
832,tangerine,AU,199,135,65
568,Grey,US,104,128,118
1052,fuchsia,US,199,74,156
1092,royal purple,GB,91,32,175
939,salmon,US,253,146,108
687,Dull red,US,117,51,53
916,Red,AU,197,88,87
1089,fuscia,US,255,83,147
1009,orange,US,221,124,21
664,Mint,US,152,214,198
971,Yellow,GB,241,235,75
668,light blue ,GB,179,205,228
759,Sky blue,US,98,188,201
582,slate lilac,GB,182,172,182
653,Pink,US,178,138,147
640,dull lime,AU,147,153,99
591,Grey,US,226,229,239
967,Pink,GB,243,145,181
654,dusty rose,US,235,191,191
672,Pink,GB,225,193,208
1095,Neon red,US,242,0,86
957,blue,US,54,187,244
1065,black,AU,197,0,85
682,eggplant,US,48,12,53
807,Brown,US,140,84,14
546,brown,US,33,28,8
1029,light green,AU,110,227,99
588,bela,US,204,237,221
932,Pink,US,179,93,146
536,black,US,72,72,72
1122,purple,US,186,58,231
538,grey,US,122,122,122
1059,hele roosa,GB,247,136,222
1104,Magenta,US,217,44,165
965,pink,US,227,149,208
604,green,US,3,56,51
823,Cozy,IR,148,70,106
839,Bright Green,GB,132,159,50
948,Lime green ,GB,171,184,14
930,purple,US,162,100,165
668,Cloudy blue,NZ,179,205,228
645,turquoise,US,98,159,158
877,Mint,US,108,223,171
834,mustarf,GB,183,143,44
718,yellow,US,143,121,43
1062,neon green,US,112,255,99
700,Hunter green,US,0,84,63
608,blue,NZ,25,51,75
979,blue,US,53,255,212
562,Purple,US,82,67,83
828,Salmon,US,212,125,110
710,red wine,GB,114,51,74
755,teal,US,108,191,160
724,Jade,US,59,137,104
654,pale pink,GB,235,191,191
1105,Violet,US,229,28,142
920,Red but it looks orange because it is,AU,183,102,25
548,Black,US,16,31,26
939,orange,AU,253,146,108
756,blue,US,100,191,172
655,Peach,AU,238,191,181
1094,Red,US,239,2,105
670,grey,NZ,206,197,225
540,Black,GB,175,175,175
577,Sage,US,165,180,154
1114,purpuriu,GB,207,100,254
1042,lipstick red,GB,220,65,74
826,salmon pink,GB,210,124,128
787,red,AU,98,16,28
1041,橘红,GB,219,64,92
845,seafoam green,US,15,168,139
744,Pink,AU,225,160,128
745,Peach,GB,221,163,119
1135,blue,US,0,0,0
1129,Magenta,US,255,30,232
689,Brown,US,114,56,32
613,Maroon,AU,74,37,54
590,Sky,GB,213,232,239
1115,fuschia,AU,230,86,236
641,green,US,131,157,111
1057,Purple,GB,214,148,253
1011,Green,GB,90,168,0
1108,Purple,GB,47,0,160
816,blue,US,82,93,151
533,Ebony,US,0,0,0
925,blue,US,67,124,192
913,Eggplant,GB,135,26,77
987,Purple,GB,95,0,91
1060,pink,US,255,131,206
766,lilac,GB,190,166,207
948,Yellow,GB,171,184,14
725,Green,GB,53,137,110
994,Blue,US,72,90,177
673,bilmem,GB,231,192,199
808,Brown,AU,133,87,0
846,turquoise,GB,0,168,147
970,medium yellow with another color,US,250,232,76
635,Peach,US,183,138,130
1002,red,GB,173,47,99
610,plum,US,57,43,72
1014,Blue,NZ,72,152,235
739,Pink,AU,163,105,127
787,Sienna,AU,98,16,28
990,Red ,GB,178,47,57
822,Purple,US,142,73,117
1070,Purple,GB,129,63,183
556,green,US,77,72,52
701,Blue,US,0,79,110
1065,Magenta,AU,197,0,85
695,Olive,US,68,77,0
936,Light Salmon,US,253,143,148
609,grey,GB,44,47,76
912,magenta,US,131,29,88
724,Blue-Green,US,59,137,104
959,Cloudless sky,US,120,178,249
690,medium brown,US,109,59,24
888,purple,US,199,194,255
835,dark yellow ,US,174,147,35
907,purple,US,93,52,129
997,Grapde,US,131,71,156
902,unsaturated orange red,US,139,29,30
862,Mauve,US,195,128,166
572,beige,AU,130,119,131
935,Baby pink,GB,251,143,159
987,Magenta purple,GB,95,0,91
844,Teal,AU,36,168,131
909,Purple,GB,111,43,117
938,Orange,GB,255,144,124
953,green,US,28,199,142
1133,scarlet,US,0,0,0
890,light purple,US,222,188,249
693,Zelena,US,89,70,0
961,lilac,AU,172,166,245
1056,Lime,AU,52,202,56
683,wine red,US,53,9,48
801,Rosewood,US,156,69,80
609,μπλε,GB,44,47,76
1017,pastel purple,US,168,131,220
907,Purple,US,93,52,129
710,Maroon,US,114,51,74
962,Lavender,US,189,161,237
751,green,US,164,184,104
953,green,GB,28,199,142
858, lavender,US,160,138,197
1076, fuschia,GB,193,0,102
651,lavender,US,165,141,165
1027,λαχανί,GB,179,217,3
1025,Macaroni and cheese,US,250,194,14
631,Lavender,GB,114,88,116
1132,purple,GB,127,0,255
558,Forest,GB,57,76,69
990,Red,US,178,47,57
890,Lila,US,222,188,249
600,Khaki,GB,47,52,12
927,Indigo,US,124,112,186
686,Maroon,US,117,51,60
903,Red,US,137,33,16
1063,blue,US,41,22,141
683,aubergine,GB,53,9,48
751,sage,US,164,184,104
738,pink,GB,158,107,136
835,Khaki,NZ,174,147,35
914,pink,US,194,88,110
983,Grape,US,61,27,115
1117,pink,US,255,63,196
706,royal purple,US,91,60,104
775,greeny yellow,GB,219,238,145
603,Green,AU,13,56,44
696,Dark Green ,GB,59,79,11
940,Light Tangerine ,US,249,150,94
667,Pale blue,US,163,209,225
564,brown,GB,140,117,114
816,blue,US,82,93,151
955,teal,GB,0,199,162
628,navy blue,US,74,99,124
979,cyan,NZ,53,255,212
965,candy pink,US,227,149,208
785,maroon,US,97,14,46
757,moss,GB,97,191,180
906,Indigo,AU,78,58,135
854,Blue,US,94,154,203
810,hunter green,US,57,109,20
1018,Purple,US,181,126,212
1006,coral,US,238,109,88
702,cerulean ,US,24,75,114
659,pale lemon,GB,212,203,145
1065,Hot Pink,US,197,0,85
727,Teal,US,35,136,130
1133,red,GB,0,0,0
966,pink,US,236,147,196
997,Purple,GB,131,71,156
1017,Light Purple,US,168,131,220
755,jade,GB,108,191,160
954,green,US,0,199,152
821,dark lilac,US,135,76,125
643,grayish green,US,105,160,138
753,leaf green,US,122,190,143
935,salmon,AU,251,143,159
740,mauve,US,166,105,121
1038,Purple,US,124,16,133
915,pink,US,196,87,99
1082,Soft liliac,AU,149,129,255
873,rezedo,US,187,213,100
961,Lavender,US,172,166,245
831,orange,GB,204,132,75
956,Blue,US,0,190,240
654,blush,US,235,191,191
916,orange,US,197,88,87
1057,pink,GB,214,148,253
1086,Pink,GB,226,100,203
770,light pink,US,220,158,172
701,greenish blue ,US,0,79,110
1131,fuchsia ,US,199,9,250
875,green,US,146,220,136
818,Purple,US,111,85,143
1016,mauve,GB,148,137,228
718,Mustard,US,143,121,43
1048,Periwinkle ,US,148,99,202
1010,Clementine ,US,211,130,0
809,greenery tellow mellow greenow,GB,79,106,0
684,Purple,GB,56,7,45
783,Pink,GB,255,216,255
822,Pink,GB,142,73,117
732,Blue,GB,85,126,163
770,Peach,US,220,158,172
542,White,US,229,229,229
917,burnt orange,US,197,89,74
734,blue,US,111,120,164
773,Gold,US,244,231,139
777,mint green,GB,167,247,188
711,Salmon,US,170,104,108
1016,lavender,GB,148,137,228
975,green,US,152,253,137
572,Purple,AU,130,119,131
597,Brown,US,71,42,17
1134,neon green,US,0,0,0
641,Green,US,131,157,111
945,Yellow,AU,205,173,17
623,ocean green,US,56,106,89
647,blue gray,US,114,155,172
815,Blue,US,55,98,152
728,Teal,US,28,136,136
568,pale green,US,104,128,118
805,Brown,GB,151,76,38
1022,pink,US,226,110,158
1008,orange,US,229,118,46
993,blue,US,0,98,178
1016,periwinkle ,US,148,137,228
710,Maroon,US,114,51,74
929,Amethyst ,US,150,104,174
903,dark red,US,137,33,16
647,dusty blue,US,114,155,172
714,Brown,NZ,169,107,78
721,dark green,GB,110,131,56
751,lime yellow,US,164,184,104
650,violet-gray,US,154,144,172
1047,purple,GB,125,106,212
928,Lavendar,US,139,108,181
719,green,US,136,123,41
703,Blue,US,42,73,115
767,lilac,US,200,163,200
610,Plum,US,57,43,72
1138,bright pink,US,0,0,0
701,blue,US,0,79,110
1055,Orange ,US,255,147,0
578,grayed light blue,US,153,181,169
652,lavender ,US,172,139,156
1021,pink,NZ,217,113,175
966,bubblegum pink,US,236,147,196
814,Deep Aqua,US,29,101,151
960,periwinkle ,US,151,171,249
1078,Red,US,255,81,111
1035,Purple,AU,83,48,156
642,green,US,114,159,127
999,Magenta,US,152,60,138
877,seafoam green,US,108,223,171
1040,Pink,AU,217,64,107
953,Turquoise,GB,28,199,142
949,Green,US,155,188,39
543,white,US,255,255,255
840,lime,US,112,163,70
1114,Purple,US,207,100,254
724,green,US,59,137,104
1058,Bright pink,GB,234,140,237
674,Aubergine,AU,62,2,32
889,Lavender,AU,212,191,255
863,Pink,US,202,126,154
884,light cyan,AU,70,220,237
1068,indigo,US,64,84,202
756,blue,US,100,191,172
626,cyan,US,48,105,116
686,maroon,GB,117,51,60
1064,violet,GB,68,3,133
887,Blue ,US,117,213,255
891,soft purple,US,238,184,237
844,Green,AU,36,168,131
1021,Pink,US,217,113,175
718,Green tellow,US,143,121,43
937,coral,GB,255,143,137
1043,Red,US,219,68,53
970,Yellow,AU,250,232,76
669,Austin,AU,193,201,228
890,Pale Pink,US,222,188,249
725,Emerald,GB,53,137,110
747,Orange,US,205,171,99
610,royal purple,GB,57,43,72
856,Purple ,US,133,146,203
1134,neon green,US,0,0,0
621,olive,US,79,104,64
699,forest green,US,0,84,57
921,Mustard orange,GB,176,107,1
776,light puke green,US,200,242,158
621,green,US,79,104,64
689,maroon,US,114,56,32
1012,Green,GB,47,171,52
758,TEAL,US,95,190,187
850,Turquoise,US,0,165,185
1105,Bubblegum Pink,US,229,28,142
542,white,GB,229,229,229
1023,blush,GB,230,108,145
985,Violet,US,83,9,103
564,Apricot brown,GB,140,117,114
956,Light blue,US,0,190,240
732,blue,US,85,126,163
819,blue,AU,119,82,138
691,brown,US,105,62,17
948,Pumpkin Yellow,US,171,184,14
618,khaki,GB,116,94,51
1052,dusty pink,US,199,74,156
566,Brown,US,128,123,98
742,salmon,US,225,158,153
754,Green,US,113,191,153
686,red,GB,117,51,60
630,Pale purple,US,104,91,122
827,Pink,GB,211,124,120
876,green,US,124,222,155
777,garden dress,AU,167,247,188
663,aqua,US,157,214,189
1061,lime,US,161,254,46
594,brown,US,76,37,46
959,blue,US,120,178,249
917,Brick,US,197,89,74
1120,Electric purple,GB,134,86,255
1063,Dark Blue,US,41,22,141
729,Blue,AU,33,134,150
915,Pink,AU,196,87,99
874,Pistachio,GB,166,217,117
926,blue,US,102,118,190
914,pink,US,194,88,110
887,light blue,US,117,213,255
1128,magenta,US,246,53,254
1052,Bright pinky,GB,199,74,156
551,Navy blue,US,26,27,43
542,pale grey,GB,229,229,229
964,pink,US,218,153,218
840,Green,US,112,163,70
1084,fuchsia ,GB,194,115,233
651,dull purple-pink,AU,165,141,165
877,pea green,US,108,223,171
1031,Aqua ,AU,0,231,160
817,purple,US,99,88,148
855,blue,US,112,150,204
696,Olive,US,59,79,11
836,ochre,GB,166,150,30
1071,violet,GB,144,55,175
563,graphite,GB,89,66,72
775,Yellow,GB,219,238,145
651,Lilac,US,165,141,165
1063,Blue,US,41,22,141
766,Lavender,GB,190,166,207
1022,lila,US,226,110,158
568,green,GB,104,128,118
663,blue,US,157,214,189
718,brown,GB,143,121,43
879,Light white green,GB,93,223,189
917,Burnt umber ,US,197,89,74
733,dusty blue,US,97,124,164
735,Purple ,US,131,115,159
1016,Lavender,GB,148,137,228
556,forest green,US,77,72,52
971,yellow,US,241,235,75
972,Yellow,US,227,239,79
870,yellow,US,219,204,86
677,chestnut,GB,64,4,3
1128,florescent magenta,US,246,53,254
726,green,GB,42,137,122
1087,hot pink,US,238,93,185
830,tan,US,209,129,87
799,maroon,GB,93,18,59
1116,Hot Pink,US,244,76,218
671,pink,US,218,194,217
603,Forest green,AU,13,56,44
781,blue,GB,139,248,231
1037,purple,US,114,29,140
1016,pastel purple,US,148,137,228
992,copper,GB,174,56,17
873,svetlo zelena,US,187,213,100
569,blue-green,US,101,128,127
850,Sky blue,US,0,165,185
979,Mint green,GB,53,255,212
648,Blue,US,127,151,174
988,dark pink,GB,176,45,86
609,Sea Blue,GB,44,47,76
643,Green,US,105,160,138
636,Brown,GB,182,139,119
680,dark purple,US,41,16,58
690,Brown,US,109,59,24
641,sage green,GB,131,157,111
813,dark blue,US,0,104,149
800,maroon,NZ,154,69,88
1096,red,US,243,7,60
624,Teal,GB,49,106,97
697,Forest green,US,45,81,26
685,deep purple,US,58,5,41
960,periwinkle,GB,151,171,249
811,green,US,34,111,41
886,baby blue,US,97,216,255
653,beige,GB,178,138,147
1022,pink,GB,226,110,158
550,Night,US,12,30,40
1105,pink,US,229,28,142
782,blue,US,136,248,241
926,cobalt,US,102,118,190
1060,Pink,US,255,131,206
562,purplish gray-brown,US,82,67,83
761,Sky blue,US,114,185,211
997,Purple,GB,131,71,156
1083,bleu,GB,178,120,244
1002,cerise,GB,173,47,99
618,bronze,US,116,94,51
562,sooty purple,US,82,67,83
890,lilac,US,222,188,249
543,white,US,255,255,255
1063,ultramarine blue,GB,41,22,141
936,peach,GB,253,143,148
604, Green,AU,3,56,51
1118,Azure,US,55,32,206
927,eflatun,GB,124,112,186
851,blue,US,0,163,193
745,Light Peach,US,221,163,119
845,green,US,15,168,139
1092,Purple ,GB,91,32,175
1115,bright violet,US,230,86,236
1116,neon pink,GB,244,76,218
1006,Peach,US,238,109,88
624,dark cyan,NZ,49,106,97
1030,celadon,US,55,230,134
805,Sienna ,US,151,76,38
742,Peach,US,225,158,153
1088,pink,US,248,87,163
948,green,US,171,184,14
823,Prom Plum,GB,148,70,106
1002,Deep pink,US,173,47,99
817,purple,AU,99,88,148
568,Teal,US,104,128,118
763,Blue,AU,149,177,216
1057,light purple,US,214,148,253
881,teal,US,76,223,207
643,Sage,US,105,160,138
1043,Red,US,219,68,53
1111,purple,US,139,44,204
574,beige,US,192,170,166
773,light yellow,US,244,231,139
1036,purple,AU,103,38,147
692,brown,US,95,67,0
711,terracotta from minecraft,AU,170,104,108
631,Morado,US,114,88,116
815,Dark blue,GB,55,98,152
775,green,US,219,238,145
550,dark midnight ,GB,12,30,40
798,plum,GB,90,19,65
568,dark blue-green,NZ,104,128,118
1060,Pink,US,255,131,206
989,red,GB,178,45,74
931,Purple,NZ,171,96,156
708,Burgundy,US,107,54,88
1009,orange,US,221,124,21
634,Pink,US,181,138,139
1088,pink,US,248,87,163
761,sky blue,US,114,185,211
752,Green,US,149,187,116
546,olive green,AU,33,28,8
670,lilac,GB,206,197,225
936,Salmon,US,253,143,148
1119,Bright purple,US,99,0,194
1033,Dark indigo,US,31,0,101
623,Jade,US,56,106,89
955,Sea green,GB,0,199,162
1051,rose-pink,US,189,80,170
857,lavender,US,148,142,200
760,Blue,US,104,187,207
623,Seafoam Green,US,56,106,89
765,lilac,GB,182,168,211
945,orange,GB,205,173,17
704,blue,US,62,68,115
917,Salmon,GB,197,89,74
721,olive green,GB,110,131,56
608,navy blue,US,25,51,75
742,blush,US,225,158,153
1021,pink,US,217,113,175
731,Blue,US,59,131,159
673,purple,US,231,192,199
754,Green,US,113,191,153
845,Turquoise,NZ,15,168,139
983,Royal purple,US,61,27,115
813,Plava,US,0,104,149
795,Purple,US,77,28,82
693,light brown,US,89,70,0
670,pale purple,US,206,197,225
911,dark pinkish purple,US,125,33,99
607,Blue,US,5,53,72
658,Light yellow,US,223,199,149
804,Burnt sienna,US,155,72,50
557,grey black,GB,64,75,60
813,Blue,US,0,104,149
843,green,US,50,168,123
940,Peach,GB,249,150,94
745,Peach,US,221,163,119
756,light green,GB,100,191,172
598,dark grey,GB,65,46,7
1004,sherbet pink,GB,237,106,119
981,turquoise,US,0,255,235
870,Yellow,GB,219,204,86
1031,Green,GB,0,231,160
1015,blue,US,121,143,233
771,Mostaza,US,255,226,146
803,red,AU,157,70,61
1062,light green,GB,112,255,99
734,blue purple,US,111,120,164
886,sky blue,NZ,97,216,255
1089,dark rose,US,255,83,147
807,brown,GB,140,84,14
988,pink,GB,176,45,86
562,Grey purple ,US,82,67,83
935,Coral,US,251,143,159
1018,Lilac,US,181,126,212
605,Forest green,GB,0,56,59
1075,purple ,US,187,0,118
923,green,US,42,141,47
632,mauve,US,121,86,107
568,зеленый,US,104,128,118
998,purple,US,142,66,148
639,green,US,159,150,96
602,Dark brown,GB,21,56,38
1003,pink,US,234,107,132
917,rose,US,197,89,74
1021,Rose,GB,217,113,175
564,mauve,US,140,117,114
908,Purple,GB,103,48,123
1041,pink,US,219,64,92
718,olive ,GB,143,121,43
565,brown,US,138,119,104
869,yellow,US,228,201,89
590,cloud blue,US,213,232,239
1015,blue,US,121,143,233
915,Pink,GB,196,87,99
795,Purple,US,77,28,82
839,olive,US,132,159,50
1022,carnation pink,US,226,110,158
583,gray,US,188,171,174
744,Peach,US,225,160,128
1131,purple,US,199,9,250
956,Aqua,US,0,190,240
657,tan,US,232,195,159
911,Purple,GB,125,33,99
696,Olive ,AU,59,79,11
1096,Red,GB,243,7,60
801,Rose,US,156,69,80
861,Loght purple,US,189,130,175
851,cyan,GB,0,163,193
559,Gray,US,53,76,77
990,Red,US,178,47,57
993,blue,US,0,98,178
1046,blue,US,90,115,218
666,blue,US,153,212,218
959,Periwinkle ,US,120,178,249
1123,magenta,US,207,33,215
624,Teal,US,49,106,97
766,pig nose pink,US,190,166,207
1071,purple,US,144,55,175
1005,Coral,US,238,107,105
931,lavendar,US,171,96,156
942,orange,US,235,159,65
970,Yellow,AU,250,232,76
887,cyan,US,117,213,255
940,sunburnt,GB,249,150,94
628,slate,US,74,99,124
899,maroon ,US,138,23,66
924,turquoise,GB,29,128,191
783,Very Light pink,GB,255,216,255
658,yellow,US,223,199,149
1029,Green ,US,110,227,99
608,Oxford Blue,US,25,51,75
1130,blue,US,61,0,225
813,Phthalo blue with a tint of white,US,0,104,149
797,Primrose,US,87,22,71
585,nude,US,246,226,205
767,purple,US,200,163,200
1017,lilac,NZ,168,131,220
809,Avacado ,US,79,106,0
985,Purple,NZ,83,9,103
665,Cyan,US,151,213,209
669,pastel blue,GB,193,201,228
851,Aquamarine ,US,0,163,193
911,purple,US,125,33,99
945,baked sunflower yellow,GB,205,173,17
1105,cerise,US,229,28,142
1005,Lite orange ,GB,238,107,105
1076,Hot pink,AU,193,0,102
872,Banana,US,200,210,92
1100,purple,US,157,88,222
1003,pink,GB,234,107,132
1028,Lime,US,146,223,64
1050,dark purple ,US,177,86,182
1127,Purple,US,149,3,220
725,Green,AU,53,137,110
684,Maroon,GB,56,7,45
819,purple,GB,119,82,138
854,blue,US,94,154,203
1040,cerise,GB,217,64,107
1075,magenta,US,187,0,118
713,Salmon,US,171,105,95
783,light pink,US,255,216,255
689,brown,AU,114,56,32
912,purple,GB,131,29,88
948,dandelion,US,171,184,14
940,Salmon,US,249,150,94
822,purple,US,142,73,117
987,Indigo ,US,95,0,91
698,emerald,AU,7,83,50
789,焦糖,US,96,23,0
938,peach ,GB,255,144,124
712,Dirty rose,US,171,104,101
928,purple,US,139,108,181
659,Eggshell,US,212,203,145
803,Burnt sienna,US,157,70,61
545,brown,US,42,24,12
648,blue,US,127,151,174
601,dark green,US,34,54,26
981,light blue,US,0,255,235
969,light yellow,GB,255,228,80
555,Brown,US,87,68,55
912,Magenta,GB,131,29,88
549,dark teal,US,10,31,33
803,brick red,US,157,70,61
1098,blue,US,77,109,247
758,Cyan,GB,95,190,187
587,cream,US,219,234,203
630,purple,US,104,91,122
793,purple,GB,66,34,91
538,earl grey,GB,122,122,122
801,Red,US,156,69,80
603,Green,GB,13,56,44
660,yellow,GB,201,206,147
669,grey,US,193,201,228
812,green,US,0,113,63
1049,purple,US,162,93,193
552,Black,GB,37,23,40
832,orange,GB,199,135,65
893,Rose,US,254,180,218
1008,orange,US,229,118,46
545,black,NZ,42,24,12
853,bright blue,US,71,157,201
540,slate,GB,175,175,175
650,Periwinkle,US,154,144,172
737,Purple,GB,147,110,149
995,blurple,US,101,82,172
970,黃,GB,250,232,76
847,teal,US,0,168,158
627,Teal,GB,59,102,121
1059,pink,US,247,136,222
981,Cyan,US,0,255,235
726,Emerald,US,42,137,122
613,brown,GB,74,37,54
1037,five nights at Freddy's ,AU,114,29,140
980,robins egg blue,US,23,255,222
569,gray,US,101,128,127
1076,Pink,GB,193,0,102
763,blue,GB,149,177,216
907,Purple ,US,93,52,129
561,gray,US,69,71,88
853,light blue,GB,71,157,201
861,pink,US,189,130,175
787,wine,US,98,16,28
988,Fuchsia ,GB,176,45,86
1008,orange,US,229,118,46
636,tan,AU,182,139,119
704,cobalt,US,62,68,115
1051,Fuchsia,GB,189,80,170
883,Teal,US,67,222,227
1023,pink,US,230,108,145
1087,Pink,GB,238,93,185
1128,hot pink,US,246,53,254
802,Maho,US,157,69,70
1058,Light fuchsia,US,234,140,237
1087,pink,US,238,93,185
794,aubergine,AU,72,31,86
787,Maroon,US,98,16,28
683,Purple,US,53,9,48
596,brown,US,77,38,28
584,Off white,US,244,225,221
894,bebi roze,US,255,178,206
566,gray,US,128,123,98
1000,Dark Pink,GB,161,55,126
713,brick,US,171,105,95
962,Light Purple,US,189,161,237
877,turquoise,GB,108,223,171
853,bkue,AU,71,157,201
697,Green ,US,45,81,26
898,Purple,US,55,0,69
804,Brown,US,155,72,50
1021,pink,US,217,113,175
1133,Bright red,GB,0,0,0
748,Muted Yellow,US,196,174,94
908,purple,GB,103,48,123
996,Purple,US,120,76,164
1135,Electric Blue,US,0,0,0
824,Magenta,US,152,69,97
944,gold,NZ,217,168,35
646,dusty blue,US,103,157,166
755,light green,US,108,191,160
749,Mustard yellow,US,189,177,93
760,湖蓝,GB,104,187,207
1002,Magenta,US,173,47,99
554,dark brown,US,91,66,63
771,light yellow,US,255,226,146
768,rose,US,212,160,187
735,purple,US,131,115,159
1088,pinl,US,248,87,163
983,purple,US,61,27,115
618,brown,GB,116,94,51
616,Brown,US,130,86,69
548,Dark emerald green ,US,16,31,26
547,black,US,22,31,20
727,teal,US,35,136,130
638,beige,GB,169,146,100
988,Red,US,176,45,86
648,dusty blue,GB,127,151,174
627,turquoise,US,59,102,121
927,purple,GB,124,112,186
985,Purple,US,83,9,103
553,black,US,43,22,33
547,black,GB,22,31,20
662,marine green,GB,165,213,177
849,Blue,AU,0,166,177
1090,green,US,49,233,55
658,Light tan,US,223,199,149
598,brown,US,65,46,7
1110,indigo,NZ,112,60,216
826,Red,US,210,124,128
859,Purple,US,170,135,191
699,Green,US,0,84,57
983,Blue,US,61,27,115
768,pink,US,212,160,187
1071,Magenta,US,144,55,175
754,Green,US,113,191,153
545,dark chocolate ,GB,42,24,12
797,plume,US,87,22,71
606,navy ,US,0,55,66
970,Yellow,GB,250,232,76
1131,purple,US,199,9,250
601,Dark Green,US,34,54,26
1086,pink,US,226,100,203
901,Pinkish red,US,140,24,42
993,Dark Blue,AU,0,98,178
738,pale pink,GB,158,107,136
1049,Purple,US,162,93,193
790,Navy blue,US,0,49,103
765,lilac,US,182,168,211
645,green,GB,98,159,158
663,Green,US,157,214,189
732,grey,AU,85,126,163
722,olive green,US,96,133,69
760,sky blue,US,104,187,207
1123,magenta,US,207,33,215
1083,purple,US,178,120,244
880,tirkizna,US,86,223,197
868,Sand,GB,239,197,97
570,Grey,GB,106,125,134
763,Baby blue,AU,149,177,216
578,blue ,GB,153,181,169
598,brown,US,65,46,7
923,Green,US,42,141,47
932,Dark Pink,US,179,93,146
655,good skin colour,GB,238,191,181
902,red,NZ,139,29,30
768,baby pink,US,212,160,187
1136,yellow,US,0,0,0
880,teal,US,86,223,197
989,Red,US,178,45,74
774,pastel yellow,US,229,236,141
781,light cyan,US,139,248,231
564,grey,US,140,117,114
858,purple,US,160,138,197
682,Purple,US,48,12,53
1127,purple,US,149,3,220
583,dusty rose,US,188,171,174
769,ροζ,GB,217,159,178
590,pearl,US,213,232,239
714,terracota,GB,169,107,78
1098,Royal blue,US,77,109,247
1109,Blue,US,60,75,229
743,orange,US,226,158,146
708,purple,US,107,54,88
949,lime green,US,155,188,39
836,Reseda,GB,166,150,30
1033,indigo,US,31,0,101
798,dark purple,US,90,19,65
912,Plum,US,131,29,88
632,mauve,US,121,86,107
764,lilac,US,163,173,216
1111,purple,NZ,139,44,204
539,stone grey,GB,148,149,148
772,canary ,US,250,229,141
1038,purple,GB,124,16,133
867,Honey dew,US,248,193,104
690,Brown,US,109,59,24
986,Purple,US,90,0,97
863,blush,US,202,126,154
577,Sage,US,165,180,154
1124,bright pink,US,222,0,197
1110,Purple,US,112,60,216
601,Dark pine green,GB,34,54,26
1132,Purple,GB,127,0,255
627,teal,NZ,59,102,121
690,brown,US,109,59,24
1083,Pastelllila,GB,178,120,244
1136,golden,US,0,0,0
1045,Blue ,US,0,125,220
906,berry purple,GB,78,58,135
1054,pink,US,213,65,122
585,Eggshell white,GB,246,226,205
944,Mahogany ,US,217,168,35
632,Muave,US,121,86,107
681,Purple,US,46,14,55
1023,grey,AU,230,108,145
596,dark reddish brown,US,77,38,28
624,Sea foam,US,49,106,97
770,pink,US,220,158,172
574,grey,US,192,170,166
1078,salmon,US,255,81,111
560,Blue,GB,55,75,85
790,dark blue,GB,0,49,103
1031,turquoise ,US,0,231,160
995,royal blue,US,101,82,172
971,yellow,US,241,235,75
571,Owl Gray,US,119,122,136
1114,hideous,US,207,100,254
567,Nasty green,US,114,126,106
567,green,US,114,126,106
936,salmon,GB,253,143,148
1051,Koyu pembe,US,189,80,170
598,brown,US,65,46,7
896,dark blue,GB,40,7,78
656,helebeezh,US,238,192,169
731,Blue ,US,59,131,159
870,yellow,US,219,204,86
588,Seafoam,US,204,237,221
1006,peach,GB,238,109,88
1040,fuscia,US,217,64,107
757,Cyan,GB,97,191,180
1021,pink,US,217,113,175
813,Dark blue,US,0,104,149
813,Blue,US,0,104,149
857,Light purple,US,148,142,200
741,Salmon,US,223,158,159
1112,Purple,US,155,27,193
870, yellow,US,219,204,86
1129,Pink,US,255,30,232
739,Pink,US,163,105,127
1093,Violet,US,112,7,165
869,yellow,US,228,201,89
717,Gold,US,150,118,48
708,Deep purple,GB,107,54,88
725,Green,GB,53,137,110
1031,seafoam,US,0,231,160
1020,pink,IR,208,117,189
1049,Purple,US,162,93,193
1135,blue ,US,0,0,0
947,Dark yellow,US,186,180,0
738,blush,GB,158,107,136
1035,violet,US,83,48,156
932,Pink,GB,179,93,146
772,Pale yellow ,US,250,229,141
638,yellow,NZ,169,146,100
533,Black,US,0,0,0
715,brown,GB,166,110,70
777,teal,GB,167,247,188
578,Light Green,US,153,181,169
768,Pink,US,212,160,187
684,dark pruple,US,56,7,45
1112,purple,US,155,27,193
954,blue green,US,0,199,152
1021,Pink,AU,217,113,175
757,Turquoise,US,97,191,180
831,orange,GB,204,132,75
559,dark green,US,53,76,77
934,pink,US,191,88,121
711,Grayish-red,US,170,104,108
1080,橙色,US,255,88,64
1049,purple,US,162,93,193
822,burgundy,US,142,73,117
1062,neon green,GB,112,255,99
980, mint ,US,23,255,222
635,nude,GB,183,138,130
1126,purple,US,119,43,234
845,light green,GB,15,168,139
575,light brown,GB,191,172,154
770,Baby pink,US,220,158,172
703,Blue,NZ,42,73,115
709,burgendy ,AU,111,52,81
890,Pastel purple ,GB,222,188,249
888,lilac,US,199,194,255
945,Mustard,GB,205,173,17
683,plum,US,53,9,48
1011,green/lime green,US,90,168,0
1046,Royal blue,GB,90,115,218
704,dark blue,US,62,68,115
944,Yellow,US,217,168,35
709,Purple,US,111,52,81
639,Green,US,159,150,96
656,baby pink,GB,238,192,169
600,green,GB,47,52,12
1115,magenta,AU,230,86,236
803,burnt orange,US,157,70,61
597,Brown,US,71,42,17
639,olive,US,159,150,96
940,orange,GB,249,150,94
907,purple,IR,93,52,129
1034,blue,US,49,58,163
945,Yellow green ,US,205,173,17
596,Brown,US,77,38,28
616,brown,US,130,86,69
592,pink,US,235,226,234
1081,Orange,US,255,97,20
621,sage green,GB,79,104,64
708,Purple,US,107,54,88
807,burnt sienna,GB,140,84,14
752,pale green,GB,149,187,116
1137,bright blue,US,0,0,0
872,lime green,US,200,210,92
639,olive green,US,159,150,96
745,Tan,US,221,163,119
1082,Purple,US,149,129,255
1014,baby blue,GB,72,152,235
587,yellow,GB,219,234,203
565,beige,AU,138,119,104
819,purple,US,119,82,138
820,purple,US,128,79,132
576,Tan,US,181,176,147
1018,pink,US,181,126,212
1104,Bright pink,US,217,44,165
774,lemon yellow,US,229,236,141
713,Muted Red,US,171,105,95
730,blue green,US,45,133,155
1063,Royal blue,AU,41,22,141
884,aqua,US,70,220,237
989,red,GB,178,45,74
852,Blue,GB,47,160,198
999,Light magenta,US,152,60,138
976,lime ,GB,119,255,166
1038,egg plant,US,124,16,133
883,Blue,US,67,222,227
1127,Purple,US,149,3,220
798,purple,GB,90,19,65
1106,Pink,US,234,17,124
980,turquoise,GB,23,255,222
1116,Hot pink,US,244,76,218
571,grey,US,119,122,136
670,Lavender,US,206,197,225
715,Tan,US,166,110,70
760,turquoise,US,104,187,207
885,Light blue,GB,81,218,249
898,Purple,US,55,0,69
761,pale denim,GB,114,185,211
738,mauve,US,158,107,136
712,Mauve,US,171,104,101
720,Muddy Green,US,120,128,48
982,royal blue,GB,36,36,122
827,Pink,GB,211,124,120
951,karen,GB,104,196,96
690,Brown,GB,109,59,24
853,sky blue,US,71,157,201
707,purple,NZ,97,57,100
892,Light Pink,US,246,182,228
719,Army green,US,136,123,41
561,midnight blue,US,69,71,88
665,blue,NZ,151,213,209
1018,Purple,GB,181,126,212
1036,lilla,US,103,38,147
910,Mauve ,US,118,39,110
614,mauve,US,130,85,88
803,Rust orange,GB,157,70,61
587,grey,US,219,234,203
752,pear green,US,149,187,116
1075,magenta,US,187,0,118
710,Mauve ,US,114,51,74
650,Lilac,US,154,144,172
833,yellow,AU,191,139,54
788,Reddish brown,GB,98,18,18
934,magenta,US,191,88,121
700,sacramento,AU,0,84,63
1117,Hot pink,US,255,63,196
913,magenta,AU,135,26,77
917,rust,US,197,89,74
773,light yellow,US,244,231,139
910,Magenta,US,118,39,110
805,brown,US,151,76,38
1025,Schoolbus Orange,US,250,194,14
1025,yellow,US,250,194,14
649,blue,GB,142,147,175
988,raspberry,US,176,45,86
1035,Blue,GB,83,48,156
656,peach,US,238,192,169
1134,neon green,GB,0,0,0
939,orange,US,253,146,108
766,dusty lavender,US,190,166,207
767,lavender,US,200,163,200
955,Blue,US,0,199,162
831,terracotta,US,204,132,75
691,brown,AU,105,62,17
902,rust,US,139,29,30
769,pink,US,217,159,178
1014,light blue,US,72,152,235
587,hint of mint,GB,219,234,203
953,Green,US,28,199,142
766,lilac,GB,190,166,207
549,gark green,US,10,31,33
797,Red Violet,US,87,22,71
1048,purple,US,148,99,202
954,açık yeşil,GB,0,199,152
633,heather,GB,127,85,96
918,orange,GB,196,92,57
1036,LIGHT PURPLE,US,103,38,147
629,Blue,US,91,95,125
1138,fuchsia,US,0,0,0
699,green,US,0,84,57
789,dark red,US,96,23,0
535,charcoal grey,US,49,49,49
913,vermellion ,US,135,26,77
880,aqua,US,86,223,197
1100,purple,US,157,88,222
606,Navy,US,0,55,66
747,Yellow,GB,205,171,99
821,Plum,GB,135,76,125
597,Brown,US,71,42,17
832,orange,US,199,135,65
1014,Azure,US,72,152,235
593,pink,GB,241,225,228
1068,Blue,AU,64,84,202
767,Lilac,US,200,163,200
1086,pink,US,226,100,203
583,Tan grey,US,188,171,174
617,Brown,US,125,89,58
614,pink,US,130,85,88
1009,Orange ,US,221,124,21
1062,lime,GB,112,255,99
899,red,GB,138,23,66
612,eggplant,US,70,39,60
645,cyan,US,98,159,158
990,Burgundy,US,178,47,57
775,light yellow,GB,219,238,145
690,brown,US,109,59,24
938,Salmón ,US,255,144,124
995,purple,US,101,82,172
778,white,AU,156,248,201
794,purple,US,72,31,86
669,ice blue,US,193,201,228
536,grey,US,72,72,72
1036,Purple ,US,103,38,147
931,purple,AU,171,96,156
627,turquoise,GB,59,102,121
906,purple,US,78,58,135
908,purple,US,103,48,123
597,choclate ,GB,71,42,17
822,Purple,US,142,73,117
1011,lime green,US,90,168,0
541,Gray,US,202,202,201
974,Light green,US,181,249,111
579,sage ,US,151,181,179
862,Lilac,US,195,128,166
708,Magenta,US,107,54,88
599,forest green,US,57,49,2
847,Teal,US,0,168,158
1079,Coral,US,255,84,91
634,muave,US,181,138,139
924,Blue,US,29,128,191
835,Orange,US,174,147,35
841,moss green,US,93,165,88
698,Green,GB,7,83,50
575,Tan,US,191,172,154
927,lavender ,US,124,112,186
855,blue,US,112,150,204
846,aquamarine,US,0,168,147
666,blue,US,153,212,218
1046,Bluebell,GB,90,115,218
592,white,GB,235,226,234
877,mint,US,108,223,171
1091,royal blue,US,51,48,186
682,Purple,US,48,12,53
826,Raspberry,US,210,124,128
717,Yellow,US,150,118,48
826,peach,US,210,124,128
732,blue gray,US,85,126,163
864,rose,US,205,125,145
1043,orange,US,219,68,53
536,Green,GB,72,72,72
585,White,US,246,226,205
1136,yellow,US,0,0,0
1136,Yellow,US,0,0,0
688,brick red,US,117,52,47
926,blue,US,102,118,190
708,maroon,US,107,54,88
947,lime,US,186,180,0
837,gold,US,157,153,30
569,Sea green,GB,101,128,127
995,purple,GB,101,82,172
987,purple,GB,95,0,91
967,candy pink,GB,243,145,181
563,Maybe,US,89,66,72
744,Apricot,US,225,160,128
1023,PINK,GB,230,108,145
682,Plum,US,48,12,53
553,black,GB,43,22,33
966,Roosa,GB,236,147,196
675,Red,GB,63,1,27
789,burgudy,US,96,23,0
564,Grey brown,US,140,117,114
969,yellow,US,255,228,80
919,Orange,GB,191,96,42
866,Orange,US,255,188,113
603,Green,US,13,56,44
1078,vermilion,US,255,81,111
539,grey,US,148,149,148
785,maroon,US,97,14,46
847,Lyca,GB,0,168,158
613,Eggplant,US,74,37,54
556,black,GB,77,72,52
791,blue,US,37,43,100
537,warmish gray,US,97,97,97
879,mint green,GB,93,223,189
972,yellow,GB,227,239,79
649,grey,GB,142,147,175
739,Idk,US,163,105,127
615,brown,US,131,85,79
751,Light green,AU,164,184,104
685,Maroon,US,58,5,41
565,grrey,GB,138,119,104
563,brown,GB,89,66,72
626,dark turquoise,GB,48,105,116
699,Undergrowth?,US,0,84,57
1042,Red,GB,220,65,74
735,pale purple,GB,131,115,159
1019,Muted pink,GB,197,121,200
710,maroon,US,114,51,74
661,green,GB,183,211,159
731,bedsheets ,AU,59,131,159
808,Brown,US,133,87,0
986,Eggplant,US,90,0,97
1091,Dark Blue,AU,51,48,186
1070,purple,GB,129,63,183
670,Purple,US,206,197,225
787,Scarlet,US,98,16,28
741,peach,US,223,158,159
584,white,US,244,225,221
849,Cyan,AU,0,166,177
931,dark lilac,GB,171,96,156
961,Pale Purple,US,172,166,245
921,Carrot orange,GB,176,107,1
556,Brown,US,77,72,52
1116,magenta,GB,244,76,218
963,lilac,US,201,158,230
889,lilac,US,212,191,255
771,Light yellow,US,255,226,146
1046,cornflower,GB,90,115,218
899,berry,US,138,23,66
861,dusty rose,US,189,130,175
637,brown,US,178,142,109
1050,pink,US,177,86,182
1081,neon orange,GB,255,97,20
737,dark purple,GB,147,110,149
911,玫紫,GB,125,33,99
544,maroon,US,45,21,25
577,green,US,165,180,154
631,Purple,US,114,88,116
1130,Blue,US,61,0,225
826,rose,US,210,124,128
584,white,GB,244,225,221
1004,pink,US,237,106,119
974,Lime,US,181,249,111
622,forest green,US,64,106,80
701,Cobalt,US,0,79,110
544,Black,US,45,21,25
549,Black,US,10,31,33
616,Brown,AU,130,86,69
763,periwinkle,US,149,177,216
924,blue,US,29,128,191
1044,orange,US,214,76,18
681,Violet,GB,46,14,55
1088,pink,US,248,87,163
1005,Salmon,US,238,107,105
744,Beige,GB,225,160,128
925,blue,US,67,124,192
603,green,US,13,56,44
773,Yellow,US,244,231,139
913,magenta,GB,135,26,77
987,purple,AU,95,0,91
935,rose,US,251,143,159
1071,Violet,GB,144,55,175
716,mango,US,162,112,62
663,teal,US,157,214,189
1062,tennis ball green,GB,112,255,99
581,acik gri,US,172,174,186
826,Pink,US,210,124,128
712,dusty rose,GB,171,104,101
984,purple ,US,75,18,108
689,brown,US,114,56,32
1113,magenta,GB,171,0,180
776,locust,GB,200,242,158
723,Pine,GB,69,136,95
566,khaki,US,128,123,98
747,yellow,GB,205,171,99
881,Turquoise ,GB,76,223,207
645,teal,US,98,159,158
728,teal,US,28,136,136
988,Pink,US,176,45,86
874,Green,GB,166,217,117
787,brick red,US,98,16,28
1119,deep purple,GB,99,0,194
609,midnight blue,US,44,47,76
1062,lime,GB,112,255,99
740,purple,US,166,105,121
1088,pink,US,248,87,163
924,blue,US,29,128,191
544,Dark maroon,US,45,21,25
734,periwinkle,US,111,120,164
787,maroon,US,98,16,28
560,dark gray,US,55,75,85
559,dark green,AU,53,76,77
1058,pink,US,234,140,237
658,Yellow,US,223,199,149
973,like,US,212,243,87
800,Maroon,US,154,69,88
642,sage,US,114,159,127
533,night sky,GB,0,0,0
598,Brown,US,65,46,7
910,Purple,US,118,39,110
821,purple,GB,135,76,125
1113,purple,US,171,0,180
857,periwinkle,US,148,142,200
790,Black,US,0,49,103
751,green,GB,164,184,104
581,Grey,US,172,174,186
748,golden YELLOW,US,196,174,94
726,light emerald green,GB,42,137,122
1042,Bright brick ,US,220,65,74
662,mint,US,165,213,177
602,green,US,21,56,38
1048,purple,US,148,99,202
566,sivo zelena ,US,128,123,98
533,black,US,0,0,0
788,red,AU,98,18,18
978,sea green,GB,73,255,200
626,teal,US,48,105,116
689,Brown,US,114,56,32
1018,Purple,US,181,126,212
992,red,US,174,56,17
599,Dark Green,GB,57,49,2
984,Purple,US,75,18,108
1107,bubblegum,US,252,124,255
1022,Dark dusty pink,AU,226,110,158
881,turquoise,US,76,223,207
648,Blue,GB,127,151,174
589,Light light blue,US,203,236,233
783,blue,US,255,216,255
883,亮蓝色,GB,67,222,227
1001,hot pink,US,168,50,111
652,Mauve,US,172,139,156
569,teal,US,101,128,127
962,light purple,US,189,161,237
935,pink,GB,251,143,159
1127,Purple,GB,149,3,220
729,Blue,GB,33,134,150
1092,Purple,US,91,32,175
806,Mid Brown,GB,146,80,27
1071,rgb violet,US,144,55,175
913,wine,NZ,135,26,77
536,Gray,US,72,72,72
783,Pink,GB,255,216,255
756,emerald green,GB,100,191,172
937,peavh,AU,255,143,137
1134,Green,US,0,0,0
1075,Purple,NZ,187,0,118
914,Pink,US,194,88,110
1062,green,GB,112,255,99
788,RED,GB,98,18,18
916,pink red,GB,197,88,87
728,turcoise,US,28,136,136
598,Brown,GB,65,46,7
864,salmon,GB,205,125,145
723,washed out emerald,GB,69,136,95
586,sand yellow,GB,235,230,196
969,Yellow,GB,255,228,80
569,mat yeşil,GB,101,128,127
1050,purple,GB,177,86,182
864,Pink,US,205,125,145
1001,magenta,US,168,50,111
1044,orange,GB,214,76,18
796, eggplant,US,82,25,78
1066,red,GB,199,0,45
714,peach,US,169,107,78
687,酒红色,US,117,51,53
946,gold,US,195,177,1
811,green,US,34,111,41
1017,lavender,US,168,131,220
539,mid grey,GB,148,149,148
935,pink,US,251,143,159
872,yellow-green,US,200,210,92
1047,Periwinkle ,US,125,106,212
590,light blue,GB,213,232,239
575,tan,US,191,172,154
1015,azure,US,121,143,233
549,Black,GB,10,31,33
827,Salmon pink,AU,211,124,120
1079,Crvena,US,255,84,91
716,brown,AU,162,112,62
659,Yellow,US,212,203,145
829,salmon,US,211,126,98
979,mint,US,53,255,212
759,cerulean,US,98,188,201
739,pink,NZ,163,105,127
1061,green,US,161,254,46
592,light pink,US,235,226,234
688,Maroon,GB,117,52,47
876,Mint green,US,124,222,155
908,mid purple,GB,103,48,123
1137,Cyan,US,0,0,0
1078,pink,US,255,81,111
1021,Pink,US,217,113,175
767,lavender,US,200,163,200
994,blue,US,72,90,177
598,Brown,GB,65,46,7
987,purple,US,95,0,91
951,Green,US,104,196,96
1000,magenta,US,161,55,126
782,sky blue,US,136,248,241
918,Sienna ,US,196,92,57
808,Yellow brown ,GB,133,87,0
1062,Green,US,112,255,99
664,Mint green,US,152,214,198
1052,Pink,US,199,74,156
781,sky blue,US,139,248,231
658,pale yellow,US,223,199,149
633,Purple,GB,127,85,96
708,Plum,US,107,54,88
690,Dark brown,US,109,59,24
581,gray,US,172,174,186
541,White,US,202,202,201
1001,pink,US,168,50,111
674,Maroon,US,62,2,32
1030,green,AU,55,230,134
890,Light pink,AU,222,188,249
832,orange,US,199,135,65
1069,purple,US,106,73,193
726,Blue,US,42,137,122
947,jaune,GB,186,180,0
631,purple,US,114,88,116
733,blue,US,97,124,164
814,blue,GB,29,101,151
1065,red,US,197,0,85
967,flesh pink,GB,243,145,181
1114,light purple,US,207,100,254
1018,lila,GB,181,126,212
1016,lavender,US,148,137,228
983,purple,US,61,27,115
938,Orange,US,255,144,124
686,burgundy,US,117,51,60
986, violet,US,90,0,97
884,blue sky,GB,70,220,237
989,Dark Pink,GB,178,45,74
585,peach,GB,246,226,205
974,green,US,181,249,111
1127,bright purple,GB,149,3,220
1024,Yellow,GB,255,189,41
694,green,US,83,72,0
809,Green,US,79,106,0
1014,blue,GB,72,152,235
1119,purple,US,99,0,194
947,pea green,US,186,180,0
543,White,US,255,255,255
1029,green,US,110,227,99
886,turquoise,US,97,216,255
761,dusky llight blue,US,114,185,211
1025,Dandelion ,US,250,194,14
678,blue,US,0,28,66
975,Lime green,US,152,253,137
945,mustard yellow,US,205,173,17
768,Light pink purple,US,212,160,187
660,Creamy yellow,US,201,206,147
1136,yellow,GB,0,0,0
946,Yellow,US,195,177,1
918,Orange,US,196,92,57
802,red,US,157,69,70
925,blue,US,67,124,192
1078,hot flamingo,GB,255,81,111
1080,Orange,US,255,88,64
1132,purple,US,127,0,255
675,dark red,US,63,1,27
1032,Pink,GB,255,172,255
864,dusty rose,US,205,125,145
654,pink,US,235,191,191
844,green,GB,36,168,131
926,μπλε,GB,102,118,190
651,mauve,US,165,141,165
779,lime green,AU,150,248,209
935,pink,US,251,143,159
1112,Purple,GB,155,27,193
911,dral grey,US,125,33,99
1028,green,US,146,223,64
1051,magenta,GB,189,80,170
950,Cocktail hour,US,129,193,70
1068,Royal blue,GB,64,84,202
921,Orange,AU,176,107,1
1007,Orange,GB,235,112,66
758,cyan,US,95,190,187
871,Yellow,AU,212,206,86
678,midnight blue,US,0,28,66
764,chartreuse,US,163,173,216
1003,Salmon pink,GB,234,107,132
750,moss green,US,173,181,97
808,brown ,US,133,87,0
868,yellow,US,239,197,97
949,green,US,155,188,39
1100,Lilac,GB,157,88,222
994,Blue,AU,72,90,177
553,dark brown purple,US,43,22,33
609,slate blue,US,44,47,76
993,深蓝,GB,0,98,178
882,Cyan,AU,70,223,218
983,Purple,AU,61,27,115
661,dusty mint,US,183,211,159
991,rust red,GB,177,50,43
557,dark green,GB,64,75,60
764,blue,US,163,173,216
835,mustard,GB,174,147,35
1019,Lilac,US,197,121,200
971,yellow,US,241,235,75
564,mauve,US,140,117,114
604,Forest green,US,3,56,51
536,Slate grey ,GB,72,72,72
675,purple,US,63,1,27
771,off-white,US,255,226,146
740,Dark red,GB,166,105,121
1113,purple,US,171,0,180
944,Yellow Orange,US,217,168,35
742,Salmon,GB,225,158,153
1006,apricot,NZ,238,109,88
940,orange,US,249,150,94
1085,magenta,US,213,107,217
683,purple,US,53,9,48
668,Ice blue,AU,179,205,228
893,Baby pink,US,254,180,218
948,Hipi zelena,GB,171,184,14
1119,Purple,AU,99,0,194
1119,purple,US,99,0,194
564,Aubergine,NZ,140,117,114
1119,Royal purple ,US,99,0,194
1136,Yellow,US,0,0,0
823,plum,US,148,70,106
1016,Lavender,US,148,137,228
543,white,US,255,255,255
1058,pink,US,234,140,237
958,cornflower,GB,94,182,248
907,violet,GB,93,52,129
796,plum,US,82,25,78
1020,purple,US,208,117,189
749,mustard,US,189,177,93
1037,Plum,GB,114,29,140
972,Yellow,US,227,239,79
775,yellow,US,219,238,145
732,sky,US,85,126,163
984,purple,US,75,18,108
681,purple,US,46,14,55
992,blood orange,GB,174,56,17
598,Brown,US,65,46,7
605,Groggy lake,GB,0,56,59
990,Red,US,178,47,57
567,taupe,GB,114,126,106
1137,Cyan,US,0,0,0
707,lilla,US,97,57,100
1088,pink,IR,248,87,163
976,Lime Green,US,119,255,166
936,pink,AU,253,143,148
802,dark blush,GB,157,69,70
681,aubergine,GB,46,14,55
804,Darker orange,US,155,72,50
692,brown,US,95,67,0
742,Rose,US,225,158,153
744,orange,US,225,160,128
846,teal,US,0,168,147
848,light blue,GB,0,167,167
566,green-brown,GB,128,123,98
568,green,AU,104,128,118
545,navy,US,42,24,12
569,Grayish green,US,101,128,127
1032,lavender,GB,255,172,255
1120,neon purple,US,134,86,255
1030,green,US,55,230,134
1084,purple,AU,194,115,233
948,lime green,GB,171,184,14
1020,Purple,US,208,117,189
730,blue,US,45,133,155
929,svetlo ljubicasto,US,150,104,174
1012,bright green,AU,47,171,52
695,green,US,68,77,0
885,Cyan,US,81,218,249
1033,dark blue,AU,31,0,101
620,green,AU,95,101,51
643,Spearmint,AU,105,160,138
1033,violet,US,31,0,101
998,purple,GB,142,66,148
642,green,US,114,159,127
576,brown,US,181,176,147
630,purple,GB,104,91,122
598,brown,AU,65,46,7
545,Brown,US,42,24,12
970,Yellow,GB,250,232,76
757,aqua,US,97,191,180
581,Grey,US,172,174,186
977,Green,GB,90,255,189
612,dark purplr,GB,70,39,60
777,acik yesil,GB,167,247,188
749,Orange,US,189,177,93
769,pink,GB,217,159,178
1072,purple,GB,157,45,164
669,Periwinkle,US,193,201,228
1093,Indigo,US,112,7,165
930,Mauve,GB,162,100,165
1029,Neon geeen,US,110,227,99
642,army green,GB,114,159,127
676,brown ,GB,64,1,21
744,peach,US,225,160,128
1061,Lime green,US,161,254,46
753,green,AU,122,190,143
843,Clover,GB,50,168,123
664,White,US,152,214,198
982,Royal blue,US,36,36,122
973,Green,US,212,243,87
1085,bubblegum pink,GB,213,107,217
863,pink,US,202,126,154
1009,orange,US,221,124,21
660,Pea green,US,201,206,147
1028,Lime,US,146,223,64
547,Black,US,22,31,20
1088,pink,US,248,87,163
640,Green,US,147,153,99
1018,lilac ,GB,181,126,212
679,navy blue,US,22,23,65
1027,Chartreuse,GB,179,217,3
785,Maroon,US,97,14,46
897,purple,GB,50,0,73
1015,plava,US,121,143,233
638,Brown,GB,169,146,100
903,red,US,137,33,16
931,purple,US,171,96,156
707,dark purple,US,97,57,100
764,lilac ,GB,163,173,216
739,Mauve,US,163,105,127
793,deep purple,GB,66,34,91
847,Dark teal,GB,0,168,158
1137,ocean teal,US,0,0,0
565,brown,US,138,119,104
882,cyan,AU,70,223,218
828,salmon,US,212,125,110
1085,Purple ,US,213,107,217
563,Dark reddish grey,NZ,89,66,72
1017,lilac,GB,168,131,220
958,Blue,US,94,182,248
669,Lilac,GB,193,201,228
926,Periwinkle,US,102,118,190
756,teal,US,100,191,172
714,reddish brown,US,169,107,78
889,Lilac,US,212,191,255
781,Sky Blue,US,139,248,231
988,red,AU,176,45,86
1135,black,AU,0,0,0
1068,blue,US,64,84,202
599,brown,US,57,49,2
956,sky blue,US,0,190,240
999,purple,GB,152,60,138
549,green black ,GB,10,31,33
558,Grey,GB,57,76,69
858,Lavendar,US,160,138,197
1029,lime,GB,110,227,99
970,yellow,US,250,232,76
890,Light Pink,US,222,188,249
833,Mustard yellow,GB,191,139,54
904,Sinine,GB,0,73,141
1027,neon green,US,179,217,3
996,Violet,GB,120,76,164
1022,purplish,GB,226,110,158
683,dark purple,US,53,9,48
1110,Purple,AU,112,60,216
919,sienna,NZ,191,96,42
658,tan,US,223,199,149
810,草绿,US,57,109,20
969,lemon,GB,255,228,80
563,Brown,AU,89,66,72
578,Sage green,GB,153,181,169
577,sage,US,165,180,154
787,Maroon,GB,98,16,28
715,tan,GB,166,110,70
916,red,US,197,88,87
788,maroon,US,98,18,18
935,CORAL AGAIN,US,251,143,159
534,black,US,28,28,28
901,Dark red,US,140,24,42
681,purple,US,46,14,55
1053,rose,GB,209,68,136
568,mint green,US,104,128,118
819,violet,GB,119,82,138
1007,orange,US,235,112,66
856,purple blue,US,133,146,203
569,Swamp,US,101,128,127
1004,coral,GB,237,106,119
843,green,US,50,168,123
861,light pink,US,189,130,175
602,green,US,21,56,38
628,Indigo,US,74,99,124
970,yellow,US,250,232,76
644,green,GB,100,160,147
688,rostrot,GB,117,52,47
1047,Purple,US,125,106,212
1057,Purple,US,214,148,253
790,deep blue,US,0,49,103
920,orange,US,183,102,25
576,beige,US,181,176,147
1044,Orange,US,214,76,18
551,black,NZ,26,27,43
829,red,US,211,126,98
750,Yellow Green,US,173,181,97
1061,Chartreuse,US,161,254,46
820,Purple,US,128,79,132
929,purple,US,150,104,174
1085,Pink,US,213,107,217
864,pink,US,205,125,145
755,aquamarine,US,108,191,160
887,light blue,IR,117,213,255
994,blue,US,72,90,177
536,gray,US,72,72,72
654,pink,US,235,191,191
921,Dark ginger,US,176,107,1
578,light sea green,AU,153,181,169
988,mid deep pink,GB,176,45,86
1121,purple,US,167,71,244
659,yellow,US,212,203,145
888,lilac,GB,199,194,255
1022,pink,GB,226,110,158
1104,Hot pink,US,217,44,165
677,maroon,NZ,64,4,3
968,pink,US,247,144,171
1032,Pink,US,255,172,255
999,Pink,US,152,60,138
1132,purple,GB,127,0,255
838,chartreuse ,US,145,156,37
1114,Purple,US,207,100,254
946,MUSTARD,US,195,177,1
663,aquamarine,NZ,157,214,189
912,Magenta,US,131,29,88
707,purple,US,97,57,100
1044,orange,US,214,76,18
963,lilac,US,201,158,230
806,Kahverengi,US,146,80,27
964,baby pink,US,218,153,218
1106,Hot pink ,US,234,17,124
702,Blue ,US,24,75,114
906,purple,GB,78,58,135
928,Purple,US,139,108,181
854,light blue,US,94,154,203
1124,cerise,GB,222,0,197
934,pink,US,191,88,121
1063,blue,US,41,22,141
726,blue green,US,42,137,122
594,Purple,GB,76,37,46
563,dull chestnut,GB,89,66,72
731,light petrol,GB,59,131,159
1024,ORANGE,US,255,189,41
661,moss,GB,183,211,159
1055,Orange,US,255,147,0
589,Duck egg blue,GB,203,236,233
575,beige ,US,191,172,154
747,sari,US,205,171,99
633,blueish brown,US,127,85,96
828,peach,AU,212,125,110
605,emerald,US,0,56,59
792,purpoe,GB,55,38,96
1135,Blue,US,0,0,0
1085,Lipstick,US,213,107,217
1062,neon green,GB,112,255,99
556,Brown,GB,77,72,52
846,teal,US,0,168,147
847,turquoise,GB,0,168,158
1042,red,US,220,65,74
834,orange,US,183,143,44
620,green,US,95,101,51
628,Denim,US,74,99,124
856,lavender,GB,133,146,203
1116,Cirtlak pembe,GB,244,76,218
725,Turquoise,US,53,137,110
804,burnt orange,US,155,72,50
597,Brown ,GB,71,42,17
1076,fuchsia,AU,193,0,102
538,gray,US,122,122,122
1058,Lilac,US,234,140,237
770,peach,GB,220,158,172
605,Emerald,US,0,56,59
534,black,US,28,28,28
708,rose,US,107,54,88
926,mavi,GB,102,118,190
1011,Verde oscuro,US,90,168,0
641,olive green,US,131,157,111
808,fresh cowpat,GB,133,87,0
620,swamp green,US,95,101,51
1074,Murple,GB,178,21,136
1093,deep purple,GB,112,7,165
662,Light Green,US,165,213,177
774,Yellow green,NZ,229,236,141
915,pink,US,196,87,99
774,yellow,GB,229,236,141
669,Light Gray,US,193,201,228
1076,rose pink,GB,193,0,102
945,Yellow,AU,205,173,17
535,Grey,AU,49,49,49
1069,Purple,US,106,73,193
787,maroon,US,98,16,28
1036,Purple ,US,103,38,147
999,magenta,GB,152,60,138
604,Dark turquoise,AU,3,56,51
967,Pink,GB,243,145,181
610,aubergine,GB,57,43,72
610,purple,US,57,43,72
624,teal ,AU,49,106,97
1067,red,AU,197,0,22
808,Tan,GB,133,87,0
773,yellow,US,244,231,139
727,Teal,US,35,136,130
991,red,US,177,50,43
939,Peach ,US,253,146,108
815,Dark blue ,AU,55,98,152
900,red,US,140,22,55
616,Brown ,GB,130,86,69
1105,Bright,US,229,28,142
736,Purple,US,139,112,154
891,pink,US,238,184,237
708,purple,US,107,54,88
748,Yellow,US,196,174,94
632,Purple,US,121,86,107
1074,hot pink,US,178,21,136
778,turquoise ,US,156,248,201
1134,green,US,0,0,0
779,light green,US,150,248,209
1006,Salmon,GB,238,109,88
705,Purple,US,84,62,109
875,PALE GREEN,US,146,220,136
551,midnight blue,US,26,27,43
706,purple,GB,91,60,104
999,purple,US,152,60,138
631,dark purple,GB,114,88,116
991,Red,US,177,50,43
756,Turquoise ,AU,100,191,172
973,Lime,US,212,243,87
705,purple,US,84,62,109
842,Green,GB,69,167,109
826,Salmon,NZ,210,124,128
860,pink,GB,181,132,183
930,purple ,GB,162,100,165
569,Grey green,GB,101,128,127
950,Green ,US,129,193,70
765,grey,US,182,168,211
873,Lime,US,187,213,100
731,Dull blue,GB,59,131,159
594,Plum,US,76,37,46
556,Baby Poop Green,US,77,72,52
1067,red,GB,197,0,22
1079,Pinkish red,US,255,84,91
633,mauve,GB,127,85,96
1058,Lilac,AU,234,140,237
838,pistachio,GB,145,156,37
685,Maroon,US,58,5,41
1089,Hot pink,US,255,83,147
826,reddish brown,US,210,124,128
864,浅紫红,GB,205,125,145
959,periwinkle,US,120,178,249
649,雾霾灰,GB,142,147,175
1035,purple ,US,83,48,156
948,Gross yellow green,US,171,184,14
939,PEACH,US,253,146,108
630,purple,US,104,91,122
1013,Blue,AU,0,156,234
688,Red,US,117,52,47
915,peachy pink,US,196,87,99
759,turquoise,GB,98,188,201
869,yellow,US,228,201,89
754,Green,GB,113,191,153
1111,parlak mor,GB,139,44,204
692,dirt brown,US,95,67,0
975,mint,US,152,253,137
734, lilac,GB,111,120,164
865,Tangerine,AU,255,185,122
666,light bue,GB,153,212,218
834,Zuta ,US,183,143,44
1138,cerise,GB,0,0,0
937,Salmon,US,255,143,137
1061,green,US,161,254,46
861,pink,GB,189,130,175
794,Purple,AU,72,31,86
1096,orange-pink,GB,243,7,60
788,maroon,US,98,18,18
683,dark purple ,US,53,9,48
1062,Lime green,US,112,255,99
869,dusty yellow,US,228,201,89
1107,Pink,US,252,124,255
666,turquoise ,US,153,212,218
617,brown ,US,125,89,58
645,turquoise,AU,98,159,158
1035,periwinkle,GB,83,48,156
1053,pink,US,209,68,136
802,Red,AU,157,69,70
885,Baby blue,AU,81,218,249
685,berry,US,58,5,41
1105,Pink,US,229,28,142
1058,Fosforlu pembe,GB,234,140,237
1061,neon green,US,161,254,46
946,Mustard yellow,AU,195,177,1
700,Green,GB,0,84,63
711,dusky rose,GB,170,104,108
597,brown,US,71,42,17
753,Light Green,US,122,190,143
939,Orange,GB,253,146,108
573,pink,US,137,118,122
965,Pink,US,227,149,208
930,purple,US,162,100,165
735,urple,US,131,115,159
725,green,GB,53,137,110
923,Apple green,AU,42,141,47
1133,red,NZ,0,0,0
876,lime green,US,124,222,155
1076,Pink,GB,193,0,102
1137,cyan,US,0,0,0
639,Desert stone yellow,US,159,150,96
635,Peach,US,183,138,130
988,Magenta,US,176,45,86
658,beige,US,223,199,149
692,army green,US,95,67,0
896,purple,US,40,7,78
680,Dark blue,GB,41,16,58
963,lilac,US,201,158,230
754,blue ,GB,113,191,153
695,brown,US,68,77,0
1131,Purple ,US,199,9,250
1006,orange coral,US,238,109,88
771, Bugg,US,255,226,146
551,black,US,26,27,43
721,Freen,AU,110,131,56
852,Cerulean ,US,47,160,198
750,Green,GB,173,181,97
548,Black,US,16,31,26
936,Pink,GB,253,143,148
1023,Salmon,AU,230,108,145
618,Greenish brown,GB,116,94,51
551,Black,US,26,27,43
893,pink,US,254,180,218
1056,yellow green,US,52,202,56
726,Teal,US,42,137,122
825,rose,US,208,125,137
1087,pink,US,238,93,185
695,Green,AU,68,77,0
686,Burgundy,GB,117,51,60
702,blue,US,24,75,114
996, violet,US,120,76,164
630,Purple,US,104,91,122
1086,Magenta,AU,226,100,203
800,Peter Peter Paul,AU,154,69,88
630,lavender,US,104,91,122
594,brown ,GB,76,37,46
1094,Pink,GB,239,2,105
619,green,US,106,97,47
852,blue,US,47,160,198
613,burgundy,GB,74,37,54
886,Cobalt,US,97,216,255
949,Sick green,GB,155,188,39
749,yellow,GB,189,177,93
756,πρασινο,GB,100,191,172
692,brown,US,95,67,0
674,red,US,62,2,32
667,sky blue,US,163,209,225
950,Green,GB,129,193,70
698,Green,US,7,83,50
1039,magenta,GB,133,0,124
617,Espresso martini ,GB,125,89,58
1075,pink,GB,187,0,118
918,Burnt orange,GB,196,92,57
872,Green,US,200,210,92
1025,yellow,US,250,194,14
1031,Mint,GB,0,231,160
859,purple,US,170,135,191
825,Soft salmon,GB,208,125,137
534,Black,GB,28,28,28
598,Dark Brown,US,65,46,7
1010,Orange,GB,211,130,0
937,peach,GB,255,143,137
731,Cerulean,US,59,131,159
1013,sky blue,GB,0,156,234
686,red brown,GB,117,51,60
534,Black,US,28,28,28
967,Pink,US,243,145,181
597,brown,US,71,42,17
1052,magenta ,US,199,74,156
1083,Lavender,US,178,120,244
896,violet blue,GB,40,7,78
707,Dark purple,US,97,57,100
774,acid yellow,GB,229,236,141
686,Raisin,US,117,51,60
645,Cerulean ,US,98,159,158
1112,Purple ,AU,155,27,193
839,Lime,US,132,159,50
718,ochre,US,143,121,43
844,turquoise,US,36,168,131
1038,purple,US,124,16,133
619,masliniu,GB,106,97,47
536,Grey,US,72,72,72
842,Green,GB,69,167,109
568,pastel jade ,GB,104,128,118
535,grey,US,49,49,49
800,rouge,GB,154,69,88
635,tan,US,183,138,130
1130,blue,AU,61,0,225
905,Indigo,AU,54,65,139
619,light brown,AU,106,97,47
542,white,US,229,229,229
1014,LIGHT BLUE,US,72,152,235
1039,magenta,GB,133,0,124
572,light purple ,US,130,119,131
1025,Mustard,AU,250,194,14
712,taupe,US,171,104,101
653,puce,US,178,138,147
858,lavender,US,160,138,197
695,Olive green,GB,68,77,0
865,Tangerine,US,255,185,122
978,teal,US,73,255,200
1127,bright purple,GB,149,3,220
1094,pink,GB,239,2,105
999,Purple,AU,152,60,138
938,salmon,US,255,144,124
688,brown,GB,117,52,47
906, violet,US,78,58,135
730,blue,US,45,133,155
578,GRAY GREEN,US,153,181,169
548,Dark green,US,16,31,26
1084,Fuschia,US,194,115,233
832,orange,GB,199,135,65
575,tan,US,191,172,154
1038,Purple,US,124,16,133
836,mushy pea,GB,166,150,30
1064,purple,GB,68,3,133
1058,musk pink,AU,234,140,237
1073,dark magenta,GB,167,36,151
573,Grey,US,137,118,122
958,Cerulean,US,94,182,248
615,Taupe,GB,131,85,79
712,Dusty rose,US,171,104,101
1024,Sunflower yellow,GB,255,189,41
895,royal blue,US,24,14,84
533,black,NZ,0,0,0
840,green,US,112,163,70
675,brown red],GB,63,1,27
789,Maroon,US,96,23,0
794,purple,US,72,31,86
866,Wheat,US,255,188,113
1056,green,US,52,202,56
869,Yellow,US,228,201,89
932,Purple,US,179,93,146
711,wine stain,AU,170,104,108
817,Deep lavender,GB,99,88,148
668,pale blue,US,179,205,228
564,Rose,GB,140,117,114
616, Brown,AU,130,86,69
737,chalky purple,GB,147,110,149
829,Apricot,GB,211,126,98
1119,violet,US,99,0,194
970,yellow,US,250,232,76
960,periwinkle,US,151,171,249
1016,Light blue,AU,148,137,228
1019,lilac ,US,197,121,200
899,Crimson,US,138,23,66
574,The coulor of a thing,AU,192,170,166
963,lilac,GB,201,158,230
1033,Dark blue,GB,31,0,101
877,Mint,US,108,223,171
722,green,US,96,133,69
913,magenta,GB,135,26,77
1054,dark pink,GB,213,65,122
800,Brick red,GB,154,69,88
1026,yellow,US,236,200,0
897,purple,US,50,0,73
813,blue,AU,0,104,149
659,Old Gold,US,212,203,145
746,grey,AU,217,165,112
761,light cyan,US,114,185,211
1072,purple,US,157,45,164
609,Navy Blue,US,44,47,76
981,turqouise,US,0,255,235
705,Purple,GB,84,62,109
769,blush,GB,217,159,178
993,Blue,US,0,98,178
958,cyan,US,94,182,248
544,Dark Brown,US,45,21,25
875,Mint,US,146,220,136
839,leaf green,US,132,159,50
647,muted blue,US,114,155,172
1047,Lilac,GB,125,106,212
643,green,US,105,160,138
906,Blurple,AU,78,58,135
1071,purple,US,144,55,175
770,Salmon,GB,220,158,172
1043,Orange,US,219,68,53
1036,Purple,GB,103,38,147
997,pastel purple,GB,131,71,156
943,yellow,GB,226,164,51
783,light purple,US,255,216,255
1061,lime,IR,161,254,46
715,dark orange,US,166,110,70
717,olive,US,150,118,48
734,blue,AU,111,120,164
906,purple,US,78,58,135
1049,violet,GB,162,93,193
704,blue,US,62,68,115
936,salmon,US,253,143,148
568, olive,US,104,128,118
1088,hot pink,US,248,87,163
856,Periwinkle ,US,133,146,203
807,brown,US,140,84,14
974,lime,US,181,249,111
781,mint,GB,139,248,231
859,lavender,US,170,135,191
891,Pink,US,238,184,237
945,Yellow,US,205,173,17
880,aqua,US,86,223,197
746,Creamsicle ,US,217,165,112
552,dark purple,US,37,23,40
980,Blue,US,23,255,222
917,Dark coral,GB,197,89,74
1118,blue,US,55,32,206
537,grey,US,97,97,97
860,Purple,US,181,132,183
1066,red ,GB,199,0,45
1059,Pink,US,247,136,222
785,wine red,AU,97,14,46
634,Blush,GB,181,138,139
745,peach,US,221,163,119
1094,Pink,US,239,2,105
793,dark purple,US,66,34,91
944,gold,US,217,168,35
954,teal,US,0,199,152
629,grey blue,US,91,95,125
852,blue,NZ,47,160,198
708,Purple,GB,107,54,88
775,Green,US,219,238,145
579,robin egg,US,151,181,179
927,lilac-gray,US,124,112,186
951,lime,US,104,196,96
786,Red,US,98,13,37
585,tan,US,246,226,205
547,Black,US,22,31,20
916,Red,US,197,88,87
1101,Purple,AU,174,79,212
1082,purple,US,149,129,255
1029,neon green,GB,110,227,99
702,Dark Blue,AU,24,75,114
1004,Barbie pink ,US,237,106,119
752,green ,GB,149,187,116
773,Yellow,US,244,231,139
748,light olive green,US,196,174,94
540,Gray,US,175,175,175
845,Turquoise,US,15,168,139
784,Magenta,US,95,16,53
939,orange,US,253,146,108
804,light red,US,155,72,50
615,brown,GB,131,85,79
660,Ochre,US,201,206,147
1107,bright pink,GB,252,124,255
794,dark purple,US,72,31,86
937,Pink,US,255,143,137
987,purple,US,95,0,91
839,green,US,132,159,50
678,紺,GB,0,28,66
729,turquoise ,US,33,134,150
818,purple,US,111,85,143
541,White,US,202,202,201
742,peach,US,225,158,153
926,royal blue,US,102,118,190
1052,Shocking pink,GB,199,74,156
901,barn red,US,140,24,42
1030,Green,US,55,230,134
701,Blue,US,0,79,110
701,boring teal,US,0,79,110
738,pink,US,158,107,136
823,red-viloet,US,148,70,106
560,Blue-green,US,55,75,85
1076,magenta ,GB,193,0,102
1050,pink,US,177,86,182
1114,Fuchsia,GB,207,100,254
818,Purple,US,111,85,143
837,Poop,US,157,153,30
549,Green,AU,10,31,33
537,grey,US,97,97,97
841,vivid green,NZ,93,165,88
1073,VIOLET,US,167,36,151
858,mauve,GB,160,138,197
995,Purple,AU,101,82,172
688,Red,GB,117,52,47
551,midnight,NZ,26,27,43
1096,red,US,243,7,60
874,Green,US,166,217,117
890,lavender,AU,222,188,249
862,pink,US,195,128,166
771,yellow,US,255,226,146
971,canary yellow,US,241,235,75
1028,Green,US,146,223,64
683,dark purple,US,53,9,48
1138,Fuchsia,US,0,0,0
607,Navy ,US,5,53,72
662,mint,US,165,213,177
590,Lightblue,GB,213,232,239
744,nude,US,225,160,128
957,sky blue,US,54,187,244
966,pink,US,236,147,196
1005,coral pink,US,238,107,105
762,light blue,US,138,179,215
674,now THIS is wine,US,62,2,32
877,mint,GB,108,223,171
645,turquoise ,GB,98,159,158
667,blue,US,163,209,225
773,yellow,US,244,231,139
779,green,US,150,248,209
1081,orange,US,255,97,20
994,indigo,GB,72,90,177
654,Pink,US,235,191,191
684,Violet,US,56,7,45
548,Black,GB,16,31,26
956,blue,AU,0,190,240
982,indigo,US,36,36,122
906,purple,US,78,58,135
925,blue,US,67,124,192
941,orange,US,242,154,79
535,Soot black? Brown..?,US,49,49,49
1078,Hot Pink,US,255,81,111
1101,purple,US,174,79,212
758,aqua,US,95,190,187
637,Beige,US,178,142,109
837,Olive,US,157,153,30
567,green,US,114,126,106
915,red,US,196,87,99
805,burnt orange,US,151,76,38
793,purpke,US,66,34,91
913,sangria,US,135,26,77
793,purple,US,66,34,91
1055,orange,US,255,147,0
958,periwinkle,AU,94,182,248
630,Purple,US,104,91,122
711,blush,US,170,104,108
547,Dark green,GB,22,31,20
604,Dark Green,GB,3,56,51
840,Lime,US,112,163,70
709,mauve,US,111,52,81
876,green,GB,124,222,155
548,Green,US,16,31,26
926,Purple,GB,102,118,190
894,pink,US,255,178,206
733,Parisian Blue,US,97,124,164
930,Purple,GB,162,100,165
826,Pink,US,210,124,128
733,blue,US,97,124,164
665,Blue,US,151,213,209
544,maroon,US,45,21,25
684,Purple,GB,56,7,45
909,Purple,US,111,43,117
1064,purple,US,68,3,133
832,orange,US,199,135,65
957,surf,GB,54,187,244
1054,magenta,US,213,65,122
597,Brown,GB,71,42,17
827,red,US,211,124,120
658,Toasted meringue,US,223,199,149
550,midnight,US,12,30,40
686,Dill maroon ,US,117,51,60
914,rose,US,194,88,110
911,magenta,US,125,33,99
588,Mint green ,GB,204,237,221
653,Blush,US,178,138,147
983,blue purple,US,61,27,115
857,lilac,US,148,142,200
710,magenta,US,114,51,74
898,Purple,GB,55,0,69
1025,Gold,US,250,194,14
612,猪肝色,US,70,39,60
908,purple,US,103,48,123
789,brown,GB,96,23,0
823,Rusty Rose,US,148,70,106
956,light blue,US,0,190,240
796,purple,US,82,25,78
961,Lavender,US,172,166,245
866,orange,US,255,188,113
1099,Aqua,US,128,98,235
1023,salmon,US,230,108,145
717,yellow,US,150,118,48
995,purple,AU,101,82,172
712,Pale red,US,171,104,101
949,Салатовтй,GB,155,188,39
1136,yellow,US,0,0,0
944,Sand brown,US,217,168,35
758,dark aqua,US,95,190,187
980,teal,US,23,255,222
687,brick red,GB,117,51,53
695,Dark green,US,68,77,0
726,tral,US,42,137,122
1118,Blue,US,55,32,206
782,Cyan,US,136,248,241
925,Blue,GB,67,124,192
757,cyan,US,97,191,180
822,pinkish mauve,GB,142,73,117
556,olive,US,77,72,52
813,Blue,US,0,104,149
835,Mustard,US,174,147,35
696,green,US,59,79,11
791,Navy,GB,37,43,100
647,light grey,US,114,155,172
932,Fuzzy pink,US,179,93,146
939,Peach,US,253,146,108
650,Grayish purple,US,154,144,172
548,koyu yesil,GB,16,31,26
699,Tiber,US,0,84,57
915,coral,US,196,87,99
985,purple,US,83,9,103
1129,Bright pink,GB,255,30,232
600,dark grey,US,47,52,12
791,blue,AU,37,43,100
751,green,US,164,184,104
1020,Pink,US,208,117,189
983,Royal purple,US,61,27,115
604,dark green,NZ,3,56,51
688,red brown ,NZ,117,52,47
1130,Blue ,US,61,0,225
666,pale aqua,US,153,212,218
639,Brown,GB,159,150,96
536,Black,GB,72,72,72
896,dark purple,GB,40,7,78
979,Seafoam Green,AU,53,255,212
1011,Green,GB,90,168,0
759,light blue,US,98,188,201
870,yellow,US,219,204,86
546,black,US,33,28,8
764,azul,GB,163,173,216
878,Aquamarine,US,100,223,180
661,peridot,US,183,211,159
839,Lime green ,US,132,159,50
864,Pink,US,205,125,145
692,poop,US,95,67,0
706,purple,US,91,60,104
754,Mint,US,113,191,153
850,blue,GB,0,165,185
565,grey,US,138,119,104
1103,Fucsia ,US,205,57,183
654,peach,US,235,191,191
603,Dark forest green,AU,13,56,44
834,yellow,US,183,143,44
705,blueish purple,US,84,62,109
896,dark blue ,GB,40,7,78
637,Old oak,GB,178,142,109
733,Añil,US,97,124,164
1109,Blue,US,60,75,229
1113,fuchsia,GB,171,0,180
963,lilac,US,201,158,230
884,light blie,US,70,220,237
592,Off white,GB,235,226,234
954,Dark Aqua,AU,0,199,152
768,pink,US,212,160,187
702,Denim,GB,24,75,114
664,light teal,US,152,214,198
1085,magenta,US,213,107,217
813,Blue Jean,US,0,104,149
1042,Brick red ,US,220,65,74
730,dark sky blue,US,45,133,155
1016,mauve,NZ,148,137,228
929,purple,US,150,104,174
1129,pinkk,US,255,30,232
598,brown,US,65,46,7
836,Olive,US,166,150,30
963,Purple,GB,201,158,230
986,Grape,US,90,0,97
723,sage,US,69,136,95
990,red,US,178,47,57
1134,green,US,0,0,0
547,Dark green,GB,22,31,20
954,mint green,GB,0,199,152
782,Teal,US,136,248,241
989,Pink ,US,178,45,74
727,Blue Green,US,35,136,130
630,lavender,GB,104,91,122
666,Blue,GB,153,212,218
651,Purple,US,165,141,165
1008,Orange,GB,229,118,46
1019,Purple ,AU,197,121,200
735,Lilac,US,131,115,159
562,Grey-purple,GB,82,67,83
917,red,GB,197,89,74
646,baby blue,GB,103,157,166
1053,Pink,US,209,68,136
655,Orange,US,238,191,181
665,teal,US,151,213,209
891,pink,GB,238,184,237
586,Cream,GB,235,230,196
774,vomit green,US,229,236,141
1115,pink,GB,230,86,236
665,baby blue,US,151,213,209
1129,Fuchsia,US,255,30,232
910,Purple,US,118,39,110
1130,blue,US,61,0,225
999,plum,US,152,60,138
643,Green,US,105,160,138
670,Dust,GB,206,197,225
715,orange,US,166,110,70
876,Zelena ,US,124,222,155
697,dark green,GB,45,81,26
569,Light green blue,US,101,128,127
745,tan,US,221,163,119
980,Cyan,US,23,255,222
1013,blue,US,0,156,234
976,light pale green,US,119,255,166
730,blue,GB,45,133,155
758,Cyan,GB,95,190,187
695,olive,US,68,77,0
1095,berry,US,242,0,86
678,Navy Blue,GB,0,28,66
881,blue,US,76,223,207
839,Chartreuse,AU,132,159,50
702,blue,US,24,75,114
640,sage green,US,147,153,99
786,Blood Red,US,98,13,37
773,yellow,US,244,231,139
692,brown,GB,95,67,0
864,pink,US,205,125,145
1029,neon green,US,110,227,99
856,Sky blue,AU,133,146,203
998,Violet,US,142,66,148
768,Rosado,US,212,160,187
913,purple,GB,135,26,77
939,Orange ,US,253,146,108
995,purple,US,101,82,172
557,forest green,US,64,75,60
1105,magenta,US,229,28,142
624,green blue,US,49,106,97
749,yellow,GB,189,177,93
1099,periwinkle,GB,128,98,235
1094,Hot pink,US,239,2,105
556, Green,AU,77,72,52
1041,REd,US,219,64,92
1097,Red,US,239,31,29
758,teal,US,95,190,187
816,Mauve,US,82,93,151
679,indigo,US,22,23,65
784,Grape ,US,95,16,53
745,sunblush orange,GB,221,163,119
1058,Pink,US,234,140,237
1042,red,US,220,65,74
1105,pink,US,229,28,142
901,black,AU,140,24,42
1062,neon green,US,112,255,99
677,maroon,US,64,4,3
708,cranberry,US,107,54,88
732,blue,AU,85,126,163
591,white,GB,226,229,239
654,pink,US,235,191,191
650,Dusky blue,GB,154,144,172
682,dark purple,US,48,12,53
1023,Pink ,US,230,108,145
965,Lilac ,US,227,149,208
909,purple,US,111,43,117
897,typical purple blue ,US,50,0,73
724,green ,US,59,137,104
714,Orange,AU,169,107,78
877,aqua,US,108,223,171
983,Purple,GB,61,27,115
713,orange,US,171,105,95
844,Turquoise emerald ,GB,36,168,131
788,red brown,GB,98,18,18
533,black,US,0,0,0
691,Brown,US,105,62,17
1098,blue,US,77,109,247
836,Green,US,166,150,30
784,mauve,GB,95,16,53
620,Dark chartreuse ,US,95,101,51
705,royal purple,US,84,62,109
637,tan,US,178,142,109
662,Beige,GB,165,213,177
1073,Magenta ,US,167,36,151
701,Dark aqua,GB,0,79,110
591,White,NZ,226,229,239
1038,blue,US,124,16,133
979,turquoise,GB,53,255,212
1067,Red,US,197,0,22
985,purple,US,83,9,103
919,Orange,US,191,96,42
565,brown,US,138,119,104
898,dark purple,GB,55,0,69
959,blue ,GB,120,178,249
877,pastel green,US,108,223,171
568,Olive,GB,104,128,118
613,purple,US,74,37,54
733,blue,US,97,124,164
853,svetlo plavo,US,71,157,201
1100,violet,US,157,88,222
722,green,GB,96,133,69
1014,blue,AU,72,152,235
634,blush,US,181,138,139
1062,Lime green,US,112,255,99
915,salmon,US,196,87,99
1060,pink,GB,255,131,206
720,green,US,120,128,48
843,light green,US,50,168,123
861,Eflatun,US,189,130,175
1093,Purple,US,112,7,165
683,Deep violet ,US,53,9,48
703,dark blue,US,42,73,115
999,Purple,US,152,60,138
1053,Hot pink,NZ,209,68,136
621,dark muted green,US,79,104,64
895,Navy,US,24,14,84
977,turquoise,US,90,255,189
740,dusk rose,AU,166,105,121
766,pale purple,NZ,190,166,207
861,Pink,US,189,130,175
998,purple,US,142,66,148
564,grey,US,140,117,114
1088,Pink,US,248,87,163
656,Brown,US,238,192,169
825,pink,GB,208,125,137
833,umber,GB,191,139,54
666,Hayli,AU,153,212,218
1042,red,US,220,65,74
944,gold,US,217,168,35
542,white,US,229,229,229
1138,Fuchsia,US,0,0,0
666,Sky blue,GB,153,212,218
666,blue,GB,153,212,218
1010,deep orange,AU,211,130,0
604,pine,US,3,56,51
921,slightly darker orange,US,176,107,1
798,dark magenta,US,90,19,65
581,metalic gret,US,172,174,186
972,Chartreuse ,GB,227,239,79
541,beige ,US,202,202,201
916,pink,US,197,88,87
1024,yellow,AU,255,189,41
666,light blue,US,153,212,218
1038,Purple,US,124,16,133
807,orange,US,140,84,14
703,深灰蓝,GB,42,73,115
554,brown,NZ,91,66,63
1114,Pink,US,207,100,254
591,Pale lilac grey,GB,226,229,239
969,yellow,US,255,228,80
698,Forest Green,US,7,83,50
841,Green,GB,93,165,88
552,Dark Purple,GB,37,23,40
958,blue,US,94,182,248
881,seafoam,US,76,223,207
655,Nude,GB,238,191,181
961,Lilac,US,172,166,245
586,beige,US,235,230,196
855,light blue ,US,112,150,204
903,Brown,US,137,33,16
1022,Hot pink,US,226,110,158
1125,perriwinkle,US,62,64,250
1076,Fuscia,GB,193,0,102
1081,orange,US,255,97,20
1089,Pink,GB,255,83,147
947,yellow,AU,186,180,0
814,Blue,GB,29,101,151
677,oxblood,GB,64,4,3
815,blue,NZ,55,98,152
847,flat turquoise,GB,0,168,158
976,mint,US,119,255,166
965,Rose pink,US,227,149,208
931,Purple,US,171,96,156
744,Orange,US,225,160,128
861,blush pink,US,189,130,175
1004,pink,US,237,106,119
1083,Purple,US,178,120,244
709,red,US,111,52,81
1065,red,US,197,0,85
951,grass green,GB,104,196,96
1060,pink,AU,255,131,206
759,light blue ,US,98,188,201
1085,magenta,GB,213,107,217
554,Brown,US,91,66,63
1073,Cerise,GB,167,36,151
603,Green,US,13,56,44
993,blue,US,0,98,178
704,Muted  dark blue ,AU,62,68,115
970,Yellow,US,250,232,76
803,brick,US,157,70,61
891,light pink,US,238,184,237
866,Orange,US,255,188,113
1041,red,US,219,64,92
1097,blood orange,US,239,31,29
621,evergreen,US,79,104,64
901,Sparkle,GB,140,24,42
961,Blue,GB,172,166,245
968,salmon,US,247,144,171
806,orangey brown,GB,146,80,27
1010,orange,GB,211,130,0
708,Purple,US,107,54,88
562,Purple ,GB,82,67,83
793,eggplant purple,US,66,34,91
1003,pink,US,234,107,132
817,light purple,US,99,88,148
1109,royal blue,GB,60,75,229
1075,raspberry,US,187,0,118
1039,purple,US,133,0,124
921,orange,US,176,107,1
589,robin's egg blue,US,203,236,233
791,Navy blue,US,37,43,100
882,aqua blue,US,70,223,218
558,Dull Green,US,57,76,69
1077,pink,US,255,81,128
884,cyan,US,70,220,237
573,Beige,US,137,118,122
847,teal green,US,0,168,158
902,dark red,GB,139,29,30
1053,Magenta,US,209,68,136
967,pink,US,243,145,181
955,teal,US,0,199,162
801,Faded red,US,156,69,80
1019,violet pink,GB,197,121,200
927,purple,US,124,112,186
988,pink,US,176,45,86
760,aqua,US,104,187,207
872,yellow green,US,200,210,92
904,cobalt,US,0,73,141
615,Wet plaster,GB,131,85,79
1004,Crimson,US,237,106,119
821,mauve,US,135,76,125
539,grey,GB,148,149,148
1022,pink,AU,226,110,158
909,Plum,GB,111,43,117
1047,cornflower,US,125,106,212
759,blue,AU,98,188,201
648,blue,US,127,151,174
1084,Lilac,US,194,115,233
983,navy,GB,61,27,115
669,Light Gray,US,193,201,228
558,grey green,US,57,76,69
802,red,AU,157,69,70
1116,Pink,US,244,76,218
1136,Neon yellow,US,0,0,0
824,maroon,US,152,69,97
1089,pink,US,255,83,147
561,深灰蓝,GB,69,71,88
1011,green,US,90,168,0
910,Purple,AU,118,39,110
676,brown,US,64,1,21
1101,purple,US,174,79,212
637,beige,GB,178,142,109
533,Black,AU,0,0,0
722,forest green,GB,96,133,69
1073,Dark violet,US,167,36,151
982,midnight blue,US,36,36,122
861,light berry,GB,189,130,175
892,pink,US,246,182,228
1133,Red,GB,0,0,0
997,lila,GB,131,71,156
806,brown,US,146,80,27
912,berry,GB,131,29,88
899,bordo,GB,138,23,66
943,Saffron,GB,226,164,51
631,Purple ,US,114,88,116
1065,razzmatazz,GB,197,0,85
640,Green,US,147,153,99
987,magenta,US,95,0,91
942,cantaloupe,US,235,159,65
966,dusty fushia,US,236,147,196
840,green,US,112,163,70
869,Sunflower ,US,228,201,89
763,Blue,GB,149,177,216
677,brown,US,64,4,3
921,Cinnabar,US,176,107,1
898,dark purple,GB,55,0,69
576,green,GB,181,176,147
824,berry,US,152,69,97
772,Pale yellow,US,250,229,141
726,Aquamarine,US,42,137,122
725,Blue,US,53,137,110
1055,orange,US,255,147,0
545,koyu kahverengi,GB,42,24,12
593,White,US,241,225,228
897,purple,US,50,0,73
738,mauve ,GB,158,107,136
1076,pink,AU,193,0,102
866,Mango,AU,255,188,113
644,Dusty sea foam,US,100,160,147
703,blue,US,42,73,115
1055,orange,US,255,147,0
852, blue,AU,47,160,198
743,salmon,US,226,158,146
596,Brown,GB,77,38,28
1003,salmon,AU,234,107,132
1009,orangw,US,221,124,21
570,SLATE BLUE,US,106,125,134
687,Maroon,GB,117,51,53
744,Orange,US,225,160,128
784,maroon,NZ,95,16,53
596,Brown,GB,77,38,28
1106,magenta,GB,234,17,124
1013,Blue,US,0,156,234
1137,Turquoise ,US,0,0,0
885,cyan,US,81,218,249
663,Teal,US,157,214,189
937,Pink,AU,255,143,137
690,brown,US,109,59,24
749,olive,US,189,177,93
982,LIGHT NAVY BLUE,US,36,36,122
1018,purple,US,181,126,212
730,blue,GB,45,133,155
961,lilac,GB,172,166,245
865,orange,US,255,185,122
1026,yellow,US,236,200,0
736,purple,US,139,112,154
815,沉稳蓝,GB,55,98,152
802,red,US,157,69,70
896,midnight blue,GB,40,7,78
963,lavender,US,201,158,230
539,Grey,GB,148,149,148
1129,pink,US,255,30,232
1083,peatun,US,178,120,244
1055,orange,US,255,147,0
1110,Purple,US,112,60,216
1096,Red,AU,243,7,60
680,Indigo,GB,41,16,58
992,papaya,GB,174,56,17
961,chalk blue,GB,172,166,245
873,chartreuse ,US,187,213,100
990,Red,US,178,47,57
1073,Magenta ,US,167,36,151
695,Moss green,GB,68,77,0
637,burnt butter,GB,178,142,109
1129,magenta,AU,255,30,232
847,teal,US,0,168,158
1110,Purple,US,112,60,216
611,violet,US,64,40,67
996,mid lilac,GB,120,76,164
734,blue,US,111,120,164
999,fuschia,US,152,60,138
1039,Purple,GB,133,0,124
859,lavender,US,170,135,191
852,Blue,US,47,160,198
566,camo gray (ugly),US,128,123,98
781,teal,US,139,248,231
867,light orange,US,248,193,104
1095,pink,GB,242,0,86
670,purple,AU,206,197,225
760,Sky blue,US,104,187,207
668,gray blue,US,179,205,228
559,green ,US,53,76,77
1033,bluw,GB,31,0,101
741,light pink,US,223,158,159
547,dark olive,US,22,31,20
896,Midnight purple,US,40,7,78
807,brown,US,140,84,14
1012,green,AU,47,171,52
764,pale blue,US,163,173,216
932,Pink,GB,179,93,146
710,brownish red,US,114,51,74
861,pink,US,189,130,175
597,chocolate ,GB,71,42,17
856,Not quite heliotrope,US,133,146,203
787,burgundy ,GB,98,16,28
719,olive green,GB,136,123,41
1134,green,US,0,0,0
635,tan,US,183,138,130
823,Antique pink,AU,148,70,106
737, Purple,AU,147,110,149
624,yeşil,GB,49,106,97
969,yellow,US,255,228,80
554,Burnt umber ,US,91,66,63
787,crimson,AU,98,16,28
1066,red,US,199,0,45
1070,Bright purple,US,129,63,183
845,deep Aqua green,GB,15,168,139
828,Bright salmon,US,212,125,110
829,uçuk turuncu,GB,211,126,98
998,purple,GB,142,66,148
764,Light blue,US,163,173,216
970,Yellow,US,250,232,76
634,pink,US,181,138,139
567,olive sage,US,114,126,106
945,yellow,US,205,173,17
1043,Red,US,219,68,53
755,teal,US,108,191,160
548,Green,US,16,31,26
1069,Purple,US,106,73,193
739,purple,GB,163,105,127
782,light cyan,US,136,248,241
926,blue,AU,102,118,190
743,flesh,US,226,158,146
670,grey,AU,206,197,225
925,Ocean blue,US,67,124,192
604,dark green,US,3,56,51
576,dun,GB,181,176,147
735,Purple,US,131,115,159
950,green,US,129,193,70
802,Dusty red,US,157,69,70
1038,purple,US,124,16,133
1126,Purple,US,119,43,234
708,wine,US,107,54,88
611,maroon,US,64,40,67
891,pink,US,238,184,237
538,Slate,US,122,122,122
823,Raspberry,US,148,70,106
549,black,US,10,31,33
542,white,US,229,229,229
1115,pink,US,230,86,236
849,teal aqua blue,GB,0,166,177
798,magenta,US,90,19,65
673,pink,US,231,192,199
600,green,US,47,52,12
680,purple,GB,41,16,58
847,aqua,GB,0,168,158
595,dark brown,US,78,37,38
1012,leaf green,GB,47,171,52
1091,BLUE,GB,51,48,186
601,Forest Green,US,34,54,26
806,burnt orange,US,146,80,27
1059,Pink ,GB,247,136,222
780,tiffany blue,US,142,248,223
533,black,GB,0,0,0
935,rose,GB,251,143,159
725,Green,US,53,137,110
829,Salmon,US,211,126,98
712,Salmon,US,171,104,101
884,blue,US,70,220,237
921,Burnt orange,GB,176,107,1
1024,Orange,US,255,189,41
849,Light blue,US,0,166,177
972,Yellow,US,227,239,79
726,dark teal,GB,42,137,122
846,turquoise ,GB,0,168,147
751,Olive,US,164,184,104
1027,neon green,US,179,217,3
666,blue,US,153,212,218
857,Purple,AU,148,142,200
709,merlot,GB,111,52,81
879,acid green,GB,93,223,189
943,Burnt orange,AU,226,164,51
1032,pink,US,255,172,255
758,aqua,US,95,190,187
1001,Magenta,US,168,50,111
630,Dull purple,US,104,91,122
766,Lavender,AU,190,166,207
1079,red,US,255,84,91
969,Yellow ,US,255,228,80
1076,pink,US,193,0,102
793,purple,US,66,34,91
762,Blue,US,138,179,215
655,Beige,US,238,191,181
624,forest green,GB,49,106,97
927,Pale purple,US,124,112,186
716,Burnt orange,US,162,112,62
762,sky blue,AU,138,179,215
994, blue,US,72,90,177
860,Lavender ,US,181,132,183
547,Black,AU,22,31,20
829,Adobe ,US,211,126,98
635, tan,US,183,138,130
615,dark mauve,US,131,85,79
615,MAUVE,US,131,85,79
710,mulberry,US,114,51,74
822,pink,US,142,73,117
820,purple,GB,128,79,132
1054,PINKISH RED,US,213,65,122
813,blue,GB,0,104,149
807,medium brown,US,140,84,14
747,Yellow,US,205,171,99
967,pink,US,243,145,181
1095,Pink,US,242,0,86
692,brown,US,95,67,0
843,green,GB,50,168,123
980,turquoise ,US,23,255,222
696,pine,GB,59,79,11
678,blue,GB,0,28,66
1135,Cobalt,US,0,0,0
766,lavendar,NZ,190,166,207
867,Pale Yellow,US,248,193,104
966,Pink,US,236,147,196
699,Forest Green,US,0,84,57
719,Gold,US,136,123,41
877,Ultramarine,US,108,223,171
827,peach,US,211,124,120
600,forest green,US,47,52,12
859,Lavender,US,170,135,191
834,yellow,US,183,143,44
554,brown,US,91,66,63
783,pink,GB,255,216,255
537,Grey,US,97,97,97
908,Purple ,US,103,48,123
1098,cornflower blue,US,77,109,247
929,purple ,US,150,104,174
650,Lilac,GB,154,144,172
870,neongelb,GB,219,204,86
798,Guinda,US,90,19,65
1006,red,US,238,109,88
937,peach,US,255,143,137
1132,purple,GB,127,0,255
949,olive,AU,155,188,39
642,sage green,US,114,159,127
669,Demin,US,193,201,228
699,Green,US,0,84,57
732,steel blue,US,85,126,163
982,Azul oscuro,AU,36,36,122
836,Green,US,166,150,30
979,Blue,US,53,255,212
1004,pink,AU,237,106,119
1005,Clay,US,238,107,105
982,blue,US,36,36,122
1119,electric purple,GB,99,0,194
692,Brown,GB,95,67,0
1137,荧光蓝,AU,0,0,0
700,Green,US,0,84,63
1129,pink,GB,255,30,232
541,grey,AU,202,202,201
876,Spring green,US,124,222,155
913,бордовый,US,135,26,77
595,Sangria,AU,78,37,38
711,Rose,US,170,104,108
845,緑,GB,15,168,139
878,sea green,US,100,223,180
1034,blue,GB,49,58,163
1021,rose,GB,217,113,175
641, Green,AU,131,157,111
605,Green,US,0,56,59
885,blue,US,81,218,249
986,purple,US,90,0,97
1005,Red,GB,238,107,105
1090,green,GB,49,233,55
631,Light Purple,GB,114,88,116
915,Salmon,US,196,87,99
965,mid-blush,GB,227,149,208
766,lilac,US,190,166,207
838,Light green,US,145,156,37
1016,Lavender,US,148,137,228
785,Burgundy ,GB,97,14,46
903,Burgundy,US,137,33,16
1059,candy pink,US,247,136,222
612,Navy,GB,70,39,60
555,Brown,US,87,68,55
1115,magenta,US,230,86,236
1134,Green,US,0,0,0
1075,Pink,AU,187,0,118
995,blue violet,US,101,82,172
536,black,GB,72,72,72
997,Raven,AU,131,71,156
695,green,GB,68,77,0
655,salmon,GB,238,191,181
723,green,GB,69,136,95
533,black,AU,0,0,0
593,Ivory,GB,241,225,228
1097,red,US,239,31,29
985,purple,US,83,9,103
1058,pink ,GB,234,140,237
787,Maroon,GB,98,16,28
612,charcoal grey,US,70,39,60
1132,Violet,US,127,0,255
731,Medium blue ,US,59,131,159
952,Lime green,AU,68,198,122
788,maroon ,US,98,18,18
1117,hot pink,GB,255,63,196
1074,dark hot pink,US,178,21,136
878,aquamarine,US,100,223,180
795,purple,US,77,28,82
1095,Neon Red,US,242,0,86
1111,violet,US,139,44,204
754,Sea foam green,US,113,191,153
800,maroon ,US,154,69,88
581,light grey,GB,172,174,186
939,Orange,AU,253,146,108
970,sunshine,GB,250,232,76
539,Grey,AU,148,149,148
887,blue,US,117,213,255
850,turquoise,US,0,165,185
601,Green,GB,34,54,26
1123,Purple,US,207,33,215
567,Pale Forest Green,US,114,126,106
695,green,US,68,77,0
543,white,GB,255,255,255
834,Yellow,GB,183,143,44
856,Purple,AU,133,146,203
738,Pink,US,158,107,136
942,Orange ,NZ,235,159,65
970,Yellow,US,250,232,76
1055,orange,NZ,255,147,0
1052,Dark Pink,US,199,74,156
652,dirty rose,GB,172,139,156
654,pastel pink,GB,235,191,191
848,Mint ,US,0,167,167
638,yellow,US,169,146,100
1118,blue,US,55,32,206
1110,Blueberry Purple,US,112,60,216
1004,pink coral,US,237,106,119
559,Evergreen,US,53,76,77
601,Green,US,34,54,26
672,Pale rose,GB,225,193,208
1057,lavender,US,214,148,253
766,gray-violet,US,190,166,207
1023,warm pink,US,230,108,145
1136,yellow,US,0,0,0
956,blue,US,0,190,240
826,Salmon,US,210,124,128
883,terquoise,GB,67,222,227
859,purple,US,170,135,191
671,light pink,NZ,218,194,217
647,duck egg blue,GB,114,155,172
1078,dark pink,US,255,81,111
700,racing green,GB,0,84,63
1137,bright blue sky,GB,0,0,0
903,Red,GB,137,33,16
924,Blue,GB,29,128,191
728,Turquoise ,GB,28,136,136
868,Yellow,US,239,197,97
611,Purple,US,64,40,67
1057,Lavender,GB,214,148,253
967,Pink,GB,243,145,181
1052,Magenta,US,199,74,156
541,grey,GB,202,202,201
895,Dark blue,US,24,14,84
685,dark,GB,58,5,41
572,purple,US,130,119,131
972,yellow,US,227,239,79
939,Orange,US,253,146,108
964,lilac,GB,218,153,218
939,Salmon,GB,253,146,108
1068,blue,US,64,84,202
934,tamno roze,US,191,88,121
1112,Royal Purple,US,155,27,193
646,Turquoise,US,103,157,166
713,Rust pink,GB,171,105,95
543,white,US,255,255,255
989,Hot pink,US,178,45,74
818,purple,US,111,85,143
783,icy pink,GB,255,216,255
747,yellow,GB,205,171,99
656,Sand,US,238,192,169
1102,purple,GB,192,68,198
1027,Cyan ,US,179,217,3
744,tan,US,225,160,128
707,Eggplant,US,97,57,100
1023,rose,GB,230,108,145
875,leaf green,GB,146,220,136
808,brown,US,133,87,0
780,light green,US,142,248,223
665,Blue,US,151,213,209
879,Aqua,US,93,223,189
1041,red,US,219,64,92
943,Pale Orange,US,226,164,51
564,Light brown ,US,140,117,114
881,cyan,US,76,223,207
628,Grey,GB,74,99,124
1115,barbie pink,GB,230,86,236
1073,magenta,US,167,36,151
967,Pink,US,243,145,181
633,greyish fuchsia,GB,127,85,96
695,green,AU,68,77,0
922,green,US,74,138,11
1057,Puurple,US,214,148,253
891,Orchid,US,238,184,237
1004,Pink,US,237,106,119
1006,Orange ,GB,238,109,88
782,aqua,AU,136,248,241
750,Green,US,173,181,97
918,Peach,US,196,92,57
1077,pink,US,255,81,128
806,burnt orange,US,146,80,27
995,cornflower,US,101,82,172
567,sage green,US,114,126,106
715,brown,GB,166,110,70
1006,Coral,US,238,109,88
762,Baby blue,US,138,179,215
949,Yellow Green ,US,155,188,39
562,gray purple ,US,82,67,83
1007,Orange,US,235,112,66
702,Blue,NZ,24,75,114
627,Dark teal,US,59,102,121
963,Purple,US,201,158,230
780,aqua,GB,142,248,223
815,Blue,US,55,98,152
769,Pink,US,217,159,178
613,Aubergine,NZ,74,37,54
694,Olive,AU,83,72,0
781,aqua,US,139,248,231
632,dark puple,US,121,86,107
548,Black,US,16,31,26
1041,hot pink,US,219,64,92
620,olive green,US,95,101,51
852,Cyan,US,47,160,198
893,Pink,US,254,180,218
1024,orange,AU,255,189,41
555,brown,AU,87,68,55
755,green,GB,108,191,160
895,navy blue,US,24,14,84
852,Blue,GB,47,160,198
1112,purple,US,155,27,193
1124,hot pink,US,222,0,197
806,light brown,GB,146,80,27
556,Brown,US,77,72,52
868,orange,US,239,197,97
755,seafoam green,US,108,191,160
876,light green,US,124,222,155
773,Peach,GB,244,231,139
797,rich purple,GB,87,22,71
714,Brown yellow,US,169,107,78
718,olive,US,143,121,43
716,Peach,US,162,112,62
918,Orange,GB,196,92,57
977,mint green,US,90,255,189
553,Maroon,US,43,22,33
635,flesh,GB,183,138,130
926,blue,US,102,118,190
1109,blue,GB,60,75,229
560,Bleu nuit,US,55,75,85
790,royal blue,US,0,49,103
1079,neon tomato,GB,255,84,91
991,red,GB,177,50,43
546,black,US,33,28,8
970,yellow ,US,250,232,76
869,yellow,AU,228,201,89
819,Lilac,GB,119,82,138
574,very light pink,US,192,170,166
563,Kahverengi ,GB,89,66,72
549,verde crud inchis,GB,10,31,33
1137,bright turqoise,GB,0,0,0
593,Pinkish grey,GB,241,225,228
904,Ocean,US,0,73,141
533,Black,US,0,0,0
911,Dark Pink,GB,125,33,99
804,orange-red,US,155,72,50
1004,peach,US,237,106,119
881,blue,US,76,223,207
868,yellow,US,239,197,97
915,coral,US,196,87,99
1082,Lilac,AU,149,129,255
716,orange,US,162,112,62
562,Mauve,US,82,67,83
1106,pink,GB,234,17,124
933,pale magenta,US,187,90,132
558,grey,AU,57,76,69
582,Pale pink,GB,182,172,182
599,green,US,57,49,2
748,Mustard,US,196,174,94
791,Blue,GB,37,43,100
957,sky blue,US,54,187,244
975,Lime,US,152,253,137
673,Pale pink,US,231,192,199
961,violet deschis,GB,172,166,245
717,Mustard,US,150,118,48
1136,Yeleen,IR,0,0,0
959,Blue,GB,120,178,249
1074,Magenta,GB,178,21,136
885,turquoise,US,81,218,249
795,Violet ,US,77,28,82
725,Blue-green,US,53,137,110
1138,bubblegum,US,0,0,0
780,Aqua,US,142,248,223
556,Brown,GB,77,72,52
771,yellow,US,255,226,146
1048,lilac,GB,148,99,202
674,Maroon,US,62,2,32
1047,purple,US,125,106,212
886,cyan,US,97,216,255
746,Peach,US,217,165,112
747,yellow,GB,205,171,99
1122,magenta,US,186,58,231
572,purple,GB,130,119,131
934,Pink,US,191,88,121
981,azul,GB,0,255,235
1048,Purple,US,148,99,202
859,λιλα,GB,170,135,191
767,pink ,US,200,163,200
808,Brown,US,133,87,0
744,Orange,US,225,160,128
1055,orange,US,255,147,0
615,brown,US,131,85,79
982,Ocean blue,US,36,36,122
933,red purple,US,187,90,132
998,Magenta,US,142,66,148
682,purple,US,48,12,53
724,green,US,59,137,104
779,Light vermillion,US,150,248,209
724,green,US,59,137,104
1084,lavendar,US,194,115,233
834,mustard,US,183,143,44
560,deep gray with slightest hints of green,US,55,75,85
851,turquoise ,US,0,163,193
803,orange,US,157,70,61
1022,pink,GB,226,110,158
1122,Magenta,US,186,58,231
1001,pink ,US,168,50,111
973,neon yellow,GB,212,243,87
770,Pink,NZ,220,158,172
624,Teal,AU,49,106,97
591,Periwinkle,US,226,229,239
1041,pale raspberry,GB,219,64,92
1120,vibrant purple ,US,134,86,255
782,sky,US,136,248,241
549,dark green,US,10,31,33
583,Pink,GB,188,171,174
810,Moss green,US,57,109,20
1008,Orange,GB,229,118,46
875,lime green,US,146,220,136
780,Blue,US,142,248,223
983,Purple,GB,61,27,115
569,green,US,101,128,127
1137,turqoise,US,0,0,0
746,orange,US,217,165,112
678,Dark blue,GB,0,28,66
1055,Orange,US,255,147,0
817,Blue,US,99,88,148
558,slate,GB,57,76,69
767,light pink,US,200,163,200
800,Maroon,US,154,69,88
727,sea green,US,35,136,130
601,green,US,34,54,26
619,brown-green,GB,106,97,47
808,Dark Mustard Yellow ,GB,133,87,0
1090,Zelena,US,49,233,55
886,turquoise,US,97,216,255
779,Turquoise ,AU,150,248,209
732,Turquoise,US,85,126,163
863,Pink,US,202,126,154
1120,purple,US,134,86,255
1060,bright pink,US,255,131,206
736,mauve,GB,139,112,154
608,blue,GB,25,51,75
917,Flesh,US,197,89,74
829,Terracotta,GB,211,126,98
556,army green,US,77,72,52
807,Brown,GB,140,84,14
891,Light pink,GB,238,184,237
693,mud-bear brown,AU,89,70,0
795,purple,US,77,28,82
999,purple,US,152,60,138
726,Teal,US,42,137,122
636,Light brown,US,182,139,119
704,Midnight,US,62,68,115
542,Grey,GB,229,229,229
659,beige,GB,212,203,145
899,mauve,GB,138,23,66
887,blue,US,117,213,255
533,black,US,0,0,0
773,Butter,US,244,231,139
746,tan,US,217,165,112
860,pink,US,181,132,183
807,mustard,US,140,84,14
780,Turquoise ,US,142,248,223
957,Sky Blue,US,54,187,244
1103,Shocking pink,GB,205,57,183
1074,pink,US,178,21,136
578,Verde gris pálido,US,153,181,169
1058,Lilac,US,234,140,237
898,深紫,GB,55,0,69
733,periwinkle,US,97,124,164
757,Teal,GB,97,191,180
684,Purple,US,56,7,45
951,lime,US,104,196,96
721,dark sap green,GB,110,131,56
846,Turquoise,GB,0,168,147
1132,purple,US,127,0,255
776,lime,GB,200,242,158
553,black,US,43,22,33
1024,yellow,US,255,189,41
1021,Magenta,US,217,113,175
633,Dark Grey,NZ,127,85,96
554,Brown,US,91,66,63
725,Blue,US,53,137,110
798,burgandy,GB,90,19,65
683,purple,US,53,9,48
565,beige,US,138,119,104
982,navy blue,US,36,36,122
880,turquoise,US,86,223,197
844,teal,NZ,36,168,131
963,bright light purple,US,201,158,230
560,blue,US,55,75,85
533,Ebony,AU,0,0,0
797,dark purple,US,87,22,71
1114,purple,US,207,100,254
1094,pink,US,239,2,105
695,Forest Green,US,68,77,0
872,Light green,GB,200,210,92
1018,pink,US,181,126,212
579,grey,US,151,181,179
813,teal,GB,0,104,149
806,light brown,US,146,80,27
555,raw umber,GB,87,68,55
704,navy blue,AU,62,68,115
542,white,GB,229,229,229
1097,Red,US,239,31,29
535,dark grey,GB,49,49,49
609,Navy Blue,US,44,47,76
698,Green,US,7,83,50
931,Light magenta,GB,171,96,156
995,indigo,US,101,82,172
792,purple,GB,55,38,96
812,Green,US,0,113,63
653,pink,NZ,178,138,147
1059,pink,US,247,136,222
653,Mauve,US,178,138,147
764,lilac,GB,163,173,216
918,narandzasto,US,196,92,57
862,Muted pink,US,195,128,166
636,Pastel brown,US,182,139,119
1042,Red-orange,US,220,65,74
854,Blue,GB,94,154,203
885,blue,US,81,218,249
754,Green,GB,113,191,153
1038,Purple,US,124,16,133
751,Soft green,GB,164,184,104
661,light green,US,183,211,159
594,maroon ,GB,76,37,46
557,Green,AU,64,75,60
627,blue,GB,59,102,121
728,Turquoise,US,28,136,136
667,Teal,US,163,209,225
635,Dusty Rose,US,183,138,130
905,Blue,US,54,65,139
1004,pink,GB,237,106,119
723,GREEN,US,69,136,95
1107,pink,US,252,124,255
770,greyish white,US,220,158,172
1078,sherbet,US,255,81,111
769,Pink,US,217,159,178
583,grey lavender,US,188,171,174
601,army green ,US,34,54,26
599,Brown,US,57,49,2
937,Salmon ,GB,255,143,137
1133,Red,GB,0,0,0
979,mint,US,53,255,212
577,gelbgrün,GB,165,180,154
934,Raspberry pink,GB,191,88,121
735,purple,US,131,115,159
822,indigo,GB,142,73,117
1077,fuschia,AU,255,81,128
651,lilac,US,165,141,165
789,Maroon,US,96,23,0
1129,Magenta,US,255,30,232
932,fuchsia,US,179,93,146
1061,lime,US,161,254,46
1015,Cornflower,US,121,143,233
850,turquoise blue,US,0,165,185
1095,Crimson,US,242,0,86
1033,Navy,US,31,0,101
957,light blue,US,54,187,244
834,Orange,US,183,143,44
866,orange,US,255,188,113
819,Lavender,GB,119,82,138
821,Purple,US,135,76,125
816,periwinkle,US,82,93,151
1090,Erkroheline,GB,49,233,55
869,Mustard,US,228,201,89
756,turquoise,GB,100,191,172
566,Brown,US,128,123,98
838,grene,US,145,156,37
729,blue,GB,33,134,150
795,Purple,GB,77,28,82
685,purple,US,58,5,41
629,Faded blue,US,91,95,125
1038,Ljubicasta ,US,124,16,133
662,light green,US,165,213,177
572,hall,US,130,119,131
830,oranzh,US,209,129,87
741,Pink,US,223,158,159
789,Burgundy,GB,96,23,0
662,mint green,GB,165,213,177
988,Dark pink,GB,176,45,86
850,turquoise,US,0,165,185
691,burnt sienna,AU,105,62,17
666,Light blue,US,153,212,218
916,salmon,AU,197,88,87
946,chartreuse,US,195,177,1
1096,red,GB,243,7,60
1138,hot pink,US,0,0,0
903,red,US,137,33,16
1066,red,US,199,0,45
943,golden yellow,US,226,164,51
592,White,US,235,226,234
949,Chartreuse,US,155,188,39
621,army green,US,79,104,64
767,pink,US,200,163,200
735,mauve,AU,131,115,159
534,black,US,28,28,28
721,moss,US,110,131,56
967,pink,US,243,145,181
714,Cinnamon,US,169,107,78
764,light blue,US,163,173,216
1106,Hot pink,US,234,17,124
696,Green,US,59,79,11
909,purple ,US,111,43,117
615,mahogany,AU,131,85,79
592,White,US,235,226,234
825,pink,US,208,125,137
1047,periwinkle,US,125,106,212
1054, magenta,US,213,65,122
1033,Dark Blue,US,31,0,101
960,baby blue,GB,151,171,249
921,Muddy orange,US,176,107,1
797,Purple,US,87,22,71
763,cerulean,US,149,177,216
1091,blue,NZ,51,48,186
1010,Orange,AU,211,130,0
940,light orange,GB,249,150,94
654,flesh pink,US,235,191,191
1007,tangerine,US,235,112,66
1136,Yellow,AU,0,0,0
997,purple,US,131,71,156
551,Khala,GB,26,27,43
1132,cobalt,US,127,0,255
1018,LILIAC,GB,181,126,212
537,grey,US,97,97,97
764,lilac,GB,163,173,216
576,Olive ,US,181,176,147
1037,purple,US,114,29,140
930,lola,AU,162,100,165
752,Green,US,149,187,116
878,sea green,US,100,223,180
1120,Bright Lilac,US,134,86,255
946,yellow-green,US,195,177,1
1019,pink,GB,197,121,200
1077,Hot Pink,US,255,81,128
622,forest green,GB,64,106,80
1138,Hot pink,US,0,0,0
1005,Coral,US,238,107,105
656,Skintone,AU,238,192,169
816,Polo Blue,US,82,93,151
1132,ultraviolega,US,127,0,255
756,turquoise,GB,100,191,172
745,Pale brown,GB,221,163,119
971,Lemon,US,241,235,75
1070,purple,GB,129,63,183
1030,blue-green,US,55,230,134
1119,Royal Purple,US,99,0,194
917,naramdzasta,US,197,89,74
834,dark mustard yellow,US,183,143,44
566,Tan,GB,128,123,98
564,Gray,US,140,117,114
704,blue,GB,62,68,115
1027,shr3k,AU,179,217,3
1105,Pink,US,229,28,142
906,indigo,NZ,78,58,135
1052,pink,US,199,74,156
1018,Purple,US,181,126,212
1099,purple,US,128,98,235
1001,mauve,US,168,50,111
761,sky blue,GB,114,185,211
813,Navy,US,0,104,149
622,greeny,GB,64,106,80
686,red,US,117,51,60
616,brown,GB,130,86,69
1059,Pink,GB,247,136,222
725,緑,GB,53,137,110
1057,purple,US,214,148,253
942,tangerine,US,235,159,65
1061,Chartreuse ,US,161,254,46
739,pink,US,163,105,127
551,Black,US,26,27,43
972,yellow,GB,227,239,79
718,olive yellow,GB,143,121,43
575,beige,AU,191,172,154
1117,Hot pink,US,255,63,196
927,purple,US,124,112,186
992,blood orange,US,174,56,17
892,pink,US,246,182,228
1033,navy,US,31,0,101
883,light blue,IR,67,222,227
971,yellow,US,241,235,75
743,Coral,US,226,158,146
852,Light Blue,US,47,160,198
819,dusty purple,US,119,82,138
857,Lavender,GB,148,142,200
912,Magenta,US,131,29,88
841,Leaf Green,GB,93,165,88
953,Cyan,US,28,199,142
978,GREEN,GB,73,255,200
1097,Orange,US,239,31,29
1013,blue,US,0,156,234
1116,pink,US,244,76,218
1007,Orange,US,235,112,66
726,blue-green,US,42,137,122
979,Mint green ,GB,53,255,212
1064,electric purple,GB,68,3,133
833,dirty orange,GB,191,139,54
988,hot pink,AU,176,45,86
914,pink,US,194,88,110
784,maroon,US,95,16,53
565,Dusty Brown,US,138,119,104
787,Maroon,US,98,16,28
783,Pink,AU,255,216,255
990,red,GB,178,47,57
761,sky,GB,114,185,211
649,Blue-gray,US,142,147,175
609,navy blue,US,44,47,76
1005,salmon,US,238,107,105
825,Salmon,US,208,125,137
678,blue,US,0,28,66
1054,Neon pink,US,213,65,122
807,brown,US,140,84,14
854,blue,US,94,154,203
1050,lilac,GB,177,86,182
576,Yellow grey ,GB,181,176,147
939,coral,US,253,146,108
1099,lavender,GB,128,98,235
595,dark brown,GB,78,37,38
688,brown,GB,117,52,47
683,Dark purple,NZ,53,9,48
582,off white,GB,182,172,182
708,Purple,NZ,107,54,88
975,light green,US,152,253,137
801,Maroon,US,156,69,80
631,purple,US,114,88,116
574,ecru,US,192,170,166
546,black,US,33,28,8
585,off white,US,246,226,205
1054,Magenta,GB,213,65,122
879,Cyan,US,93,223,189
656,Beige ,US,238,192,169
1128,pink,AU,246,53,254
819,Cool mauve ,GB,119,82,138
1052,Dark pink,GB,199,74,156
1026,yellow,AU,236,200,0
1120,Purple ,US,134,86,255
1044,orange,GB,214,76,18
664,baby blue,GB,152,214,198
879,turquoise ,US,93,223,189
1111,purple,US,139,44,204
737,pink,US,147,110,149
1054,Magenta,US,213,65,122
714,sienna,NZ,169,107,78
914,dark rose,AU,194,88,110
872,yellow,GB,200,210,92
643,green,US,105,160,138
837,Yellow ,US,157,153,30
684,dark violet,US,56,7,45
809,camo green,GB,79,106,0
913,light cranberry red,US,135,26,77
828,Coral,AU,212,125,110
725,Green,US,53,137,110
867,Yellow orange,US,248,193,104
991,brick red,US,177,50,43
851,cerulean,GB,0,163,193
774,sunshine yellow,US,229,236,141
723,green,US,69,136,95
1084,purple,GB,194,115,233
845,green,US,15,168,139
792,Purple,US,55,38,96
653,Blush,GB,178,138,147
793,purple,AU,66,34,91
679,blue,US,22,23,65
962,lilac,GB,189,161,237
660,Beige,US,201,206,147
1132,Purple,GB,127,0,255
910,purple,GB,118,39,110
975,Green,AU,152,253,137
731,blue,US,59,131,159
574,Beige,US,192,170,166
981,light turquoise,GB,0,255,235
840,green,US,112,163,70
880,Blue,US,86,223,197
1058,Pink,US,234,140,237
860,pink,GB,181,132,183
1093,Purple,US,112,7,165
561,Dark Purple/ Grey,GB,69,71,88
811,green,US,34,111,41
1077,Bright Pink,GB,255,81,128
928,purple,US,139,108,181
1003,Pink,GB,234,107,132
922,Green,US,74,138,11
989,red,US,178,45,74
1113,Fuchsia ,GB,171,0,180
709,Maroon,GB,111,52,81
1090,Green,US,49,233,55
862,mauve pink ,US,195,128,166
997,Purple,US,131,71,156
1111,Purple,AU,139,44,204
963,Lavender,US,201,158,230
627,blue,GB,59,102,121
955,Mint,AU,0,199,162
1055,orange,US,255,147,0
894,light pink,US,255,178,206
1006,Sienna Orange,US,238,109,88
951,Green,US,104,196,96
715,Orange,GB,166,110,70
812,green,GB,0,113,63
829,orange,US,211,126,98
714,beijey,GB,169,107,78
809,green,GB,79,106,0
825,pink,US,208,125,137
749,oat,US,189,177,93
898,aubergine,GB,55,0,69
819,Purple,US,119,82,138
903,Burnt red,US,137,33,16
1015,brushed blue,GB,121,143,233
952,Teal green,US,68,198,122
612,Purple ,US,70,39,60
802,rosy cheeks,US,157,69,70
584,Off white,US,244,225,221
965,bubblegum,US,227,149,208
566,Beige,AU,128,123,98
869,yellow,GB,228,201,89
660,olive green,AU,201,206,147
604,dark cyan,US,3,56,51
629,Purple/ Grey,GB,91,95,125
923,Green,AU,42,141,47
1064,purple,US,68,3,133
974,lime,US,181,249,111
875,Green,US,146,220,136
942,Orange,US,235,159,65
1063,royal blue,US,41,22,141
672,mauve,US,225,193,208
1108,Blue,US,47,0,160
908,eflatun,GB,103,48,123
548,Black,US,16,31,26
653,Rose,US,178,138,147
667,baby blue,GB,163,209,225
983,indigo,US,61,27,115
624,green,US,49,106,97
735,violet,GB,131,115,159
856,blue,GB,133,146,203
655,cream,GB,238,191,181
606,dark teal,AU,0,55,66
922,orange,AU,74,138,11
604,Forest Green,US,3,56,51
797,magenta ,GB,87,22,71
645,Light teal,US,98,159,158
556,Forest green,US,77,72,52
881,Light blue,AU,76,223,207
875,Sight,IR,146,220,136
766,lavender,US,190,166,207
975,Green,US,152,253,137
738,dark lilac ,US,158,107,136
949,Green,US,155,188,39
610,Dark purple,US,57,43,72
778,Mint,GB,156,248,201
560,Prussian,US,55,75,85
591,White,GB,226,229,239
1120,purple,US,134,86,255
726,teal,US,42,137,122
923,Green,AU,42,141,47
821,Purple,US,135,76,125
850,Blue,AU,0,165,185
846,green,AU,0,168,147
620,olive,US,95,101,51
668,Cyan,US,179,205,228
995,Purple blue,GB,101,82,172
799,Deep berry,US,93,18,59
1071,violet,GB,144,55,175
905,blue,US,54,65,139
1000,PURPLE,GB,161,55,126
823,Dark pink,GB,148,70,106
892,cherry blossom ,AU,246,182,228
909,Purple,US,111,43,117
605,blue,US,0,56,59
834,Rusty Orange ,US,183,143,44
597,brown ,US,71,42,17
756,green,GB,100,191,172
1020,Pembe,GB,208,117,189
608,navy,US,25,51,75
958,Sky blue,GB,94,182,248
1112,purple,US,155,27,193
763, periwinkle,US,149,177,216
939,Salmon,US,253,146,108
865,orange,AU,255,185,122
1061,green,GB,161,254,46
857,lavender,US,148,142,200
1116,pink,US,244,76,218
887,Sinine,GB,117,213,255
833,yellow-orange ,US,191,139,54
1118,blue,GB,55,32,206
1002,Pink,GB,173,47,99
592,Cool white,US,235,226,234
1019,fusca,US,197,121,200
778,mint,GB,156,248,201
957,blue,GB,54,187,244
610,purple,US,57,43,72
1105,Fuchsia,US,229,28,142
549,black,AU,10,31,33
875,lime,US,146,220,136
614,red,US,130,85,88
667,Sky blue,US,163,209,225
855,Blue,US,112,150,204
543,white,US,255,255,255
930,violet,US,162,100,165
723,green,US,69,136,95
696,green,US,59,79,11
965,Pink,US,227,149,208
670,pale vilolet,GB,206,197,225
689,Light Brown,US,114,56,32
986,purple ,US,90,0,97
722,green,GB,96,133,69
795,Purple,GB,77,28,82
980,turquoise,US,23,255,222
708,muave,US,107,54,88
796,purple,GB,82,25,78
903,Brick,US,137,33,16
708,indigo,NZ,107,54,88
759,sky blue,US,98,188,201
1054,pink,US,213,65,122
958,sky blue,US,94,182,248
1103,Magenta,US,205,57,183
680,purple,US,41,16,58
1101,Vibrant dreams ,US,174,79,212
859,lilac,US,170,135,191
1096,red,US,243,7,60
880,Green,US,86,223,197
847,Blue,US,0,168,158
876,mint green,GB,124,222,155
983,Purple,US,61,27,115
893,baby pink,AU,254,180,218
1101,violet,GB,174,79,212
577,grey green,US,165,180,154
583,gray,US,188,171,174
802,Dull red,US,157,69,70
817,Purple,US,99,88,148
924,Cyan,GB,29,128,191
603,forest green,US,13,56,44
830,narandzasto,US,209,129,87
637,brown,US,178,142,109
740,dark pink,US,166,105,121
603,dark green,US,13,56,44
892,light guava ,GB,246,182,228
615,Brown,US,131,85,79
926,Dark periwinkle,US,102,118,190
996,Purple ,US,120,76,164
682,blue,US,48,12,53
928,Purple,US,139,108,181
971,yellow,US,241,235,75
568,olive,US,104,128,118
928,Purple,US,139,108,181
667,blue,US,163,209,225
958,lighter than the last two blues,US,94,182,248
848,blue,US,0,167,167
1135,deep purple,US,0,0,0
821,mauve,US,135,76,125
830,Sunset Orange,GB,209,129,87
557,deep jungle green,US,64,75,60
1085,magenta,GB,213,107,217
943,orange ,US,226,164,51
1059,pink,US,247,136,222
796,Dark purple,US,82,25,78
667,pale blue ,GB,163,209,225
584,Cream,AU,244,225,221
752,green,US,149,187,116
669,Bluish white,US,193,201,228
1093,dark purple,GB,112,7,165
794,Purple,US,72,31,86
932,Dark pink,GB,179,93,146
712,peach,GB,171,104,101
883,Blue,US,67,222,227
648,blue gray,US,127,151,174
596,maro,GB,77,38,28
890,Purple,GB,222,188,249
589,baby blue,US,203,236,233
565,brown,GB,138,119,104
978,light green,US,73,255,200
967,розовый,US,243,145,181
1015,Bright lavinder,GB,121,143,233
641,green,US,131,157,111
662,pistaccio,NZ,165,213,177
540,Grey,US,175,175,175
577,Sage green,GB,165,180,154
849,Dark Blue,US,0,166,177
603,Dark green,US,13,56,44
719,anvi stain,GB,136,123,41
604,dark green,US,3,56,51
962,lilac,US,189,161,237
825,pink,US,208,125,137
762,Blue,US,138,179,215
1057,Lilac,US,214,148,253
570,slate,GB,106,125,134
1126,purple,US,119,43,234
993,blue,US,0,98,178
906,purple,GB,78,58,135
627,Bleue,US,59,102,121
996,purple,US,120,76,164
981,Turquoise,US,0,255,235
668,azul grisáceo ,US,179,205,228
627,Blue,GB,59,102,121
1021,candy pink,GB,217,113,175
595,burgundy,NZ,78,37,38
1101,Fuschia ,US,174,79,212
781,teal,US,139,248,231
882,Aqua,US,70,223,218
788,maroon,US,98,18,18
814,blue,GB,29,101,151
1124,neon pink,GB,222,0,197
1020,Pink,GB,208,117,189
1003,coral lipstick,US,234,107,132
586,cream,AU,235,230,196
830,orange,US,209,129,87
756,Teal,US,100,191,172
1052,Magenta,GB,199,74,156
608,teal,US,25,51,75
645,Sage,GB,98,159,158
754,Light green,US,113,191,153
1137,Sky Blue,US,0,0,0
542,White,US,229,229,229
595,Brown,US,78,37,38
616,Chocolate brown,US,130,86,69
946,Mustard,US,195,177,1
533,Black,US,0,0,0
1111,Purple,US,139,44,204
592,belo vino,US,235,226,234
792,purple,US,55,38,96
552,black,AU,37,23,40
689,brown,US,114,56,32
780,blue,GB,142,248,223
1115,Pink,US,230,86,236
786,chocolate brown,US,98,13,37
1065,hot pink,US,197,0,85
1052,hot pink,GB,199,74,156
941,Orange,GB,242,154,79
1105,hot pink,US,229,28,142
811,Emerald,US,34,111,41
758,mint,US,95,190,187
934,red,US,191,88,121
1105,pink,US,229,28,142
940,Orange,US,249,150,94
1050,dark pink,GB,177,86,182
1092,purple,US,91,32,175
1077,Red,NZ,255,81,128
1047,Purple,US,125,106,212
994,violet ,US,72,90,177
1045,Blue,US,0,125,220
1063,purple,US,41,22,141
785,dark magenta,US,97,14,46
1098,Perriwinkle,US,77,109,247
666,mint blue,AU,153,212,218
546,Green,NZ,33,28,8
921,Amber,US,176,107,1
991,Dark red,US,177,50,43
661,lime green,US,183,211,159
670,lilac,GB,206,197,225
792,purple,US,55,38,96
828,Pink,US,212,125,110
733,blue,US,97,124,164
560,gray,US,55,75,85
676,Dark brown,US,64,1,21
688,Brick red,US,117,52,47
1063,rich royal blue,GB,41,22,141
924,jean blue,GB,29,128,191
1050,purple,US,177,86,182
683,koyu mor,GB,53,9,48
782,blue,US,136,248,241
565,tan,US,138,119,104
725,Sea water,GB,53,137,110
1121,vivid violet,US,167,71,244
809,olive,US,79,106,0
997,Purple,US,131,71,156
802,brick red,US,157,69,70
883,blue,US,67,222,227
904,blue,US,0,73,141
1077,bluish red,US,255,81,128
589,fairy blue,US,203,236,233
996,violet,GB,120,76,164
933,rose,US,187,90,132
600,forest green,US,47,52,12
1124,Fuscia,US,222,0,197
1058,pink,US,234,140,237
769,pink,US,217,159,178
665,aqua,US,151,213,209
1109,blue,US,60,75,229
848,Teal,GB,0,167,167
922,Green,NZ,74,138,11
766,Lilak,GB,190,166,207
597,brown,US,71,42,17
923,Green,US,42,141,47
759,cyan,GB,98,188,201
854,sky blue,US,94,154,203
745,brown,US,221,163,119
1098,Blue,GB,77,109,247
957,blue,US,54,187,244
860,Magenta,US,181,132,183
1014,Blue,US,72,152,235
951,Grass,US,104,196,96
1098,blue,US,77,109,247
1110,Purple,US,112,60,216
732,Blue,US,85,126,163
568,bottle green,US,104,128,118
902,red,US,139,29,30
1019,Pink,US,197,121,200
728,Turquoise,GB,28,136,136
544,brown,US,45,21,25
926,blue,GB,102,118,190
534,Black,US,28,28,28
1016,Purple,GB,148,137,228
967,Roosa,GB,243,145,181
818,violet,US,111,85,143
958,blue,US,94,182,248
920,Rust,US,183,102,25
583,Taupe,US,188,171,174
871,yellow,US,212,206,86
1029,green,US,110,227,99
732,Blue,GB,85,126,163
857,light blue,GB,148,142,200
570,grey green,GB,106,125,134
914,Coral,GB,194,88,110
991,Red,US,177,50,43
561,Grey,NZ,69,71,88
627,dusty teal,US,59,102,121
786,red,US,98,13,37
633,carmine,GB,127,85,96
810,forest green ,US,57,109,20
830,Oran hr e,US,209,129,87
708,dusty purple,US,107,54,88
551,Navy,US,26,27,43
601,Dark green,US,34,54,26
644,green,US,100,160,147
1055,Orange,US,255,147,0
927,Lavender,US,124,112,186
1032,pink,US,255,172,255
775,yellow,GB,219,238,145
663,mint green,GB,157,214,189
997,Lavender ,GB,131,71,156
699,green,US,0,84,57
994,Cerulean,US,72,90,177
917,peach,NZ,197,89,74
718,khaki,GB,143,121,43
964,magenta,US,218,153,218
719,green,US,136,123,41
983,violet,US,61,27,115
564,Grey,GB,140,117,114
737,lavendar,US,147,110,149
988,pink,GB,176,45,86
737,Lavender,US,147,110,149
888,Lavender,AU,199,194,255
1003,pink,US,234,107,132
1057,lilic,GB,214,148,253
827,red,GB,211,124,120
777,mint,US,167,247,188
1027,Lime green,US,179,217,3
1029,light green,US,110,227,99
831,Orange,US,204,132,75
561,Grey blue ,GB,69,71,88
582,Taupe,US,182,172,182
1058,Pink,GB,234,140,237
938,pink,US,255,144,124
1037,purple,US,114,29,140
1029,acid green,GB,110,227,99
888,Açık eflatun,GB,199,194,255
972,lime,US,227,239,79
968,Pink,GB,247,144,171
730,teal,US,45,133,155
1099,Pale violet,GB,128,98,235
668,浅蓝,US,179,205,228
1138,pink,GB,0,0,0
955,teal,US,0,199,162
866,Light Orange,US,255,188,113
862,Pink,US,195,128,166
877,aqua,US,108,223,171
1020,magenta,US,208,117,189
785,Amber,GB,97,14,46
799,Mauve,US,93,18,59
1046,blue,US,90,115,218
631,purple,US,114,88,116
1091,blue,AU,51,48,186
750,green,US,173,181,97
889,lilac,US,212,191,255
554,Brown,AU,91,66,63
600,brown,US,47,52,12
570,karen steed,GB,106,125,134
788,Maroon,GB,98,18,18
826,pink,US,210,124,128
840,verde,AU,112,163,70
1012,green,US,47,171,52
1104,pink,US,217,44,165
728,Teal,US,28,136,136
884,cyan,US,70,220,237
912,magenta,US,131,29,88
740,ROSE,GB,166,105,121
934,Pink,AU,191,88,121
988,pink,US,176,45,86
719,olive,GB,136,123,41
906,Indigo,GB,78,58,135
836,yellow,GB,166,150,30
1112,Purple,GB,155,27,193
764,lavender,US,163,173,216
914,coral,GB,194,88,110
623,jade,US,56,106,89
1114,purple,US,207,100,254
779,Spearmint,AU,150,248,209
760,blue,US,104,187,207
569,Green grey,US,101,128,127
875,Pistachio ,GB,146,220,136
615,light brown,US,131,85,79
699,Turqoise Green,US,0,84,57
696,olive,US,59,79,11
679,dark blue,AU,22,23,65
709,Plum,US,111,52,81
909,purple,US,111,43,117
1064,blupie,US,68,3,133
874,green,US,166,217,117
1053,dark pink,US,209,68,136
807,brown,NZ,140,84,14
988,magenta,US,176,45,86
550,bladk,GB,12,30,40
1090,green,GB,49,233,55
977,pale green,GB,90,255,189
802,Red,GB,157,69,70
773,Yellow,GB,244,231,139
807,brown,US,140,84,14
798,deep purple,US,90,19,65
597,black,AU,71,42,17
874,acid,GB,166,217,117
681,purple,US,46,14,55
860,African violet,GB,181,132,183
757,Teal,US,97,191,180
655,skin color,US,238,191,181
705,Purple,US,84,62,109
776,mat acik sari,GB,200,242,158
554,brown,GB,91,66,63
959,Baby blue ,US,120,178,249
540,grey,US,175,175,175
809,Green,US,79,106,0
859,Lilac,GB,170,135,191
889,lilac,US,212,191,255
976,Lime,US,119,255,166
968,salmon,US,247,144,171
567,green,GB,114,126,106
996,Purple,NZ,120,76,164
631,soft purple,GB,114,88,116
1055,orange,US,255,147,0
1094,Pink,US,239,2,105
877,Mint,US,108,223,171
657,Peach,US,232,195,159
634,Clay,AU,181,138,139
1028,lime,US,146,223,64
913,Fuschia,AU,135,26,77
758,cyan,US,95,190,187
841, green,US,93,165,88
570,blue grey,US,106,125,134
1108,navy blue ,US,47,0,160
971,yellow,US,241,235,75
1001,mauve,US,168,50,111
747,Turmeric ,GB,205,171,99
585,skintone,GB,246,226,205
715,Orange,US,166,110,70
1106,Neon pink,US,234,17,124
842,grass green,GB,69,167,109
884,DNA era Yoongi hair,AU,70,220,237
1046,periwinkle,US,90,115,218
945,orange,GB,205,173,17
768,Pink ,US,212,160,187
547,Black,US,22,31,20
624,teal,US,49,106,97
703,Blue,US,42,73,115
907,violet,US,93,52,129
663,mint,US,157,214,189
853,hallikassinine,GB,71,157,201
1049,peony purple,US,162,93,193
589,pastel blue,GB,203,236,233
743,Peach,US,226,158,146
808,Burgundy ,US,133,87,0
953,Green,US,28,199,142
907,Purple,US,93,52,129
897,purple,US,50,0,73
691,brown,GB,105,62,17
798,plum,US,90,19,65
681,Dark purple,US,46,14,55
624,Yeşil,US,49,106,97
762,Eggshell blue,GB,138,179,215
587,eggshell white,US,219,234,203
762,Baby Blue,US,138,179,215
696,green ,US,59,79,11
911,Magenta,US,125,33,99
988,Pink,US,176,45,86
923,green,US,42,141,47
794,Mauve,US,72,31,86
1121,purple,GB,167,71,244
949,Lime,US,155,188,39
1028,Bright green,GB,146,223,64
1048,bright purple,US,148,99,202
671,turqouise,GB,218,194,217
906,purple,US,78,58,135
927,Denim,US,124,112,186
890,lilac,NZ,222,188,249
610,Purple,US,57,43,72
781,teal,US,139,248,231
572,Purple,US,130,119,131
1102,magenta,US,192,68,198
1053,Light Magenta,US,209,68,136
1115,magenta,GB,230,86,236
838,Dark chartreuse,US,145,156,37
695,Olive,US,68,77,0
894,Baby pink,US,255,178,206
853,Light sapphire ,US,71,157,201
784,Burgundy,US,95,16,53
685,maroon,US,58,5,41
582,Warm Gray,US,182,172,182
705,purple,AU,84,62,109
642,green,AU,114,159,127
1070,purple,GB,129,63,183
947,Yellow,US,186,180,0
645,Light green ,US,98,159,158
613,burgundy,US,74,37,54
784,plum,US,95,16,53
731,svetlo plava,US,59,131,159
606,dark charcoal grey,US,0,55,66
880,turquoise,GB,86,223,197
911,grape,US,125,33,99
931,purple,US,171,96,156
1124,Magenta,GB,222,0,197
601,Green,US,34,54,26
1030,Spring Green,US,55,230,134
683,eggplant,US,53,9,48
1073,purple,US,167,36,151
709, Mauve,AU,111,52,81
956,Aqua,US,0,190,240
1068,Navy blue,GB,64,84,202
544,leather,US,45,21,25
697,Dark Green,US,45,81,26
549,Charcoal,US,10,31,33
597,brown,US,71,42,17
752,leaf green,GB,149,187,116
966,pink,GB,236,147,196
779,teal,US,150,248,209
938,light orange,US,255,144,124
614,Brown,GB,130,85,88
551,black,GB,26,27,43
1044,oramge,US,214,76,18
590,pale blue,US,213,232,239
626,Blue,NZ,48,105,116
1088,pink,US,248,87,163
1125,purple,US,62,64,250
550,Navy blue ,US,12,30,40
1054,fuscia,US,213,65,122
1109,Blue,GB,60,75,229
567,green ,US,114,126,106
554,brown,US,91,66,63
617,brown,US,125,89,58
944,yellow,GB,217,168,35
727,Teal,GB,35,136,130
1024,golden yellow,US,255,189,41
1078,red,US,255,81,111
851,teal,GB,0,163,193
758,Teal,US,95,190,187
1036,purple ,US,103,38,147
736,mauve,GB,139,112,154
771,bej,GB,255,226,146
660,bej,GB,201,206,147
798,Magenta,US,90,19,65
968,pink,US,247,144,171
698,Green,US,7,83,50
940,orange,GB,249,150,94
850,Cerulean blue,GB,0,165,185
605,green,GB,0,56,59
604,Black,GB,3,56,51
1030,green,US,55,230,134
907,purple,AU,93,52,129
981,Cyan,GB,0,255,235
901,red,GB,140,24,42
565,Beige ,US,138,119,104
1008,orange,US,229,118,46
761,light blue,US,114,185,211
699,Forrest green,US,0,84,57
858,Lilac,GB,160,138,197
919,orange brown,US,191,96,42
909,purple,GB,111,43,117
1107,pink,US,252,124,255
765,Lavender ,US,182,168,211
898,purple,AU,55,0,69
806,Brown,GB,146,80,27
1004,warm blush,US,237,106,119
813,blue,US,0,104,149
596,brown,US,77,38,28
947,yellow,US,186,180,0
990,red,US,178,47,57
981,turquoise,US,0,255,235
911,purple,US,125,33,99
834,tume kollane,GB,183,143,44
605,blue,US,0,56,59
1088,pink,US,248,87,163
1128,Magenta,US,246,53,254
869,dark yellow,US,228,201,89
594,Mulberry,US,76,37,46
785,Maroon,US,97,14,46
898,violet,US,55,0,69
845,Emerald,US,15,168,139
601,dark olive green,GB,34,54,26
759,All blue,AU,98,188,201
984,purple,US,75,18,108
897,Purple,US,50,0,73
963,Lavender ,US,201,158,230
1020,pink,US,208,117,189
734,Blue grey,GB,111,120,164
1065,rose,US,197,0,85
1121,violet,GB,167,71,244
1078,Coral,US,255,81,111
592,Almost white but not quite ,US,235,226,234
599,Olive,US,57,49,2
1138,Neon Pink,US,0,0,0
1026,Yellow,US,236,200,0
552,Purple,GB,37,23,40
684,dark maroon,GB,56,7,45
604,forest green,US,3,56,51
761,cyan,US,114,185,211
594,Maroon,US,76,37,46
608,Navy Blue,US,25,51,75
835,yellow,US,174,147,35
694,Khaki green,AU,83,72,0
843,Green,NZ,50,168,123
833,Sun orange,GB,191,139,54
860,Purple,US,181,132,183
790,Blue,GB,0,49,103
948,lime,US,171,184,14
943,mustard,US,226,164,51
611,Purple,AU,64,40,67
1000,magenta,US,161,55,126
701,dark blue,US,0,79,110
562,dark lavendar,US,82,67,83
1028,spring green ,GB,146,223,64
638,Tan,GB,169,146,100
608,navy blue,GB,25,51,75
736,purple,US,139,112,154
897,Indigo,US,50,0,73
798,purple,US,90,19,65
620,olive sandstone,US,95,101,51
839,Dirty Light Green,US,132,159,50
1095,doygun pembe,GB,242,0,86
846,seafoam green,US,0,168,147
730,blue-green,GB,45,133,155
832,Yellowish brown,US,199,135,65
567,sage,US,114,126,106
907,purple,US,93,52,129
881,Teal,US,76,223,207
596,Brown,US,77,38,28
1002,petal pink,US,173,47,99
1084,Light purple,US,194,115,233
629,Violet ,GB,91,95,125
642,sea foam green,US,114,159,127
989,cherry ,GB,178,45,74
554,Brown red,US,91,66,63
708,dark mauve,US,107,54,88
1130,Blue ,US,61,0,225
1000,pink,GB,161,55,126
1100,Clematis purple,GB,157,88,222
950,Lime green,US,129,193,70
610,dark purple,US,57,43,72
746,orange,GB,217,165,112
1043,red,US,219,68,53
1003,rose pink ,US,234,107,132
857,purple,US,148,142,200
1110,Violet,US,112,60,216
884,Cyan,US,70,220,237
1112,purple ,US,155,27,193
985,purple,US,83,9,103
608,Dusky Blue,US,25,51,75
605,green,US,0,56,59
762,light blue,GB,138,179,215
883,cyan,US,67,222,227
1070,Purple,US,129,63,183
690,Brown,GB,109,59,24
754,Green,US,113,191,153
570,Green,US,106,125,134
726,cyam,GB,42,137,122
597,brown,GB,71,42,17
646,Blue,GB,103,157,166
568,seafoam,US,104,128,118
1127,Magenta,NZ,149,3,220
746,Pale oeach,GB,217,165,112
672,Skin pink,AU,225,193,208
942,school bus orange,US,235,159,65
578,light green,US,153,181,169
944,yellow,US,217,168,35
747,Yellow,US,205,171,99
542,gray,US,229,229,229
709,Mauve,US,111,52,81
670,Lilac,US,206,197,225
882,light blue,US,70,223,218
1047,lilac,US,125,106,212
1126,Purple,US,119,43,234
882,Turquoise ,GB,70,223,218
745,beige,US,221,163,119
575,taupe,US,191,172,154
708,Purple,GB,107,54,88
547,moss green,US,22,31,20
742,pink,US,225,158,153
749,yellow,GB,189,177,93
988,fuchsia,US,176,45,86
996,dark lilca,US,120,76,164
815,blue ,US,55,98,152
1053,Purple,US,209,68,136
588,baby blue,US,204,237,221
835,sunflower ,US,174,147,35
947,yellow,US,186,180,0
1012,green,US,47,171,52
971,acid yellow ,GB,241,235,75
937,peach,US,255,143,137
1034,Blue,AU,49,58,163
646,teal,US,103,157,166
1044,orange,US,214,76,18
889,Pinkish lavender,US,212,191,255
997,Purple,US,131,71,156
976,Bright aqua,US,119,255,166
655,nude,GB,238,191,181
640,Light avocado ,US,147,153,99
540,Grey,US,175,175,175
758,turquoise,US,95,190,187
1062,green,US,112,255,99
894,pink,AU,255,178,206
905,Blue,US,54,65,139
537,grey ,GB,97,97,97
1021,Pink,GB,217,113,175
1038,purple,US,124,16,133
551,Dark Slate,US,26,27,43
580,Gray Blue,US,159,178,185
790,Deep blue,US,0,49,103
736,purple,GB,139,112,154
542,White,US,229,229,229
684,plum,US,56,7,45
834,Mustard yellow,GB,183,143,44
746,Orange ,US,217,165,112
924,Sky blue,AU,29,128,191
976,brightgreen,US,119,255,166
1050,violet,US,177,86,182
1135,blue,GB,0,0,0
893,pink,US,254,180,218
715,Brown ,US,166,110,70
1012,Green,US,47,171,52
774,yellow dirty milky,AU,229,236,141
1010,orange,US,211,130,0
1018,Purple,US,181,126,212
956,Light Blue,GB,0,190,240
772,Banana yellow,US,250,229,141
884,Blue,US,70,220,237
993,BLUE,US,0,98,178
733,light slate blue,GB,97,124,164
843,green,US,50,168,123
661,baby green,US,183,211,159
924,Blue,US,29,128,191
673,super light pink,US,231,192,199
673,Dusty rose,US,231,192,199
978,Green,US,73,255,200
604,dark green,US,3,56,51
536,dark grey,US,72,72,72
554,brown,AU,91,66,63
877,teal,US,108,223,171
1107,pink,US,252,124,255
1041,pink but also orange-ish red,US,219,64,92
1011,Green,AU,90,168,0
606,turquoise,GB,0,55,66
560, blue grey,GB,55,75,85
893,pink,US,254,180,218
537,gray,GB,97,97,97
550,Black,US,12,30,40
757,teal,US,97,191,180
571,pink ,US,119,122,136
651,Light Purple,US,165,141,165
639,olive,GB,159,150,96
918,Orange,US,196,92,57
645,verde,AU,98,159,158
958,Blue,US,94,182,248
999,Purple,GB,152,60,138
784,burgundy,GB,95,16,53
1125, Navy Blue,GB,62,64,250
1070,violet,GB,129,63,183
774,豆绿,GB,229,236,141
601,Dark Green,AU,34,54,26
762,blue,US,138,179,215
1022,Pink,NZ,226,110,158
1109,Cobalt,AU,60,75,229
874,Green,AU,166,217,117
777,mint,US,167,247,188
961,Lilac,US,172,166,245
1112,bright purple,US,155,27,193
564,gray,US,140,117,114
549,dark teal,US,10,31,33
915,pink,US,196,87,99
608,Blue,AU,25,51,75
1059,bright pink,US,247,136,222
1029,Light green,US,110,227,99
595,Kahverengi,US,78,37,38
761,blue,US,114,185,211
955,green,AU,0,199,162
862,violet,GB,195,128,166
882,cyan,US,70,223,218
1133,Red,US,0,0,0
559,deep green,US,53,76,77
622,Green,US,64,106,80
993,blue,US,0,98,178
818,Purple,US,111,85,143
1054,pink,US,213,65,122
673,pink,US,231,192,199
797,burgundy,GB,87,22,71
875,lime,US,146,220,136
1045,parlak mavi,GB,0,125,220
1088,hot pink,US,248,87,163
838,Olive green,US,145,156,37
666,Light blue green,US,153,212,218
868,Maize,US,239,197,97
768,pale pink,US,212,160,187
1090,High Lime,US,49,233,55
1130,Neon Dark Purplr,GB,61,0,225
1125,Blue,US,62,64,250
627,Dark turquoise ,AU,59,102,121
1090,Neon Green,US,49,233,55
676,maroon,US,64,1,21
1106,neoonroosa,US,234,17,124
702,Ocean,US,24,75,114
613,maroon,US,74,37,54
913,pink,GB,135,26,77
800,rusty red,GB,154,69,88
1035,purple,GB,83,48,156
896,Dark Blue,US,40,7,78
688,terracotta,GB,117,52,47
911,Purple,US,125,33,99
853,Blue,US,71,157,201
677,brick red,US,64,4,3
799,maroon,US,93,18,59
922,green,US,74,138,11
994,Lapis Lazuli,US,72,90,177
869,yellow,US,228,201,89
594,dark brown,US,76,37,46
943,yellow,GB,226,164,51
1048,lavender,US,148,99,202
572,grey,GB,130,119,131
1053,фуксия,US,209,68,136
815,Darkish blue,NZ,55,98,152
908,purple,US,103,48,123
687,sienna,GB,117,51,53
961,lavender,US,172,166,245
1107,Fuschia,US,252,124,255
578,Açık nefti yeşil,GB,153,181,169
631,soft aubergine,AU,114,88,116
669,grey,US,193,201,228
646,green,US,103,157,166
562,Purple,US,82,67,83
1073,fuschia,US,167,36,151
955,Rohy,GB,0,199,162
1046,blue,US,90,115,218
931,Rose,US,171,96,156
880,sea foam green,US,86,223,197
1100,violet,GB,157,88,222
956,sky blue,AU,0,190,240
668,pale blue,US,179,205,228
1057,Light purple,GB,214,148,253
810,green,US,57,109,20
772,light yellow,US,250,229,141
554,dusty brown,US,91,66,63
622,green,US,64,106,80
670,light grey,GB,206,197,225
726,Dull green,US,42,137,122
622,green,US,64,106,80
613,burgundy,US,74,37,54
1068,blue,US,64,84,202
1036,purple,GB,103,38,147
643,Teal,US,105,160,138
559,dark grey,NZ,53,76,77
682,plum,US,48,12,53
634,Maroon,GB,181,138,139
1063,purple,US,41,22,141
939,Orange,US,253,146,108
784,Burgundy,US,95,16,53
900,Brown,GB,140,22,55
1003,Amber rose,GB,234,107,132
964,pink,GB,218,153,218
623,dark green,GB,56,106,89
921,Khaki,US,176,107,1
1123,bright pink,GB,207,33,215
825,Pink,US,208,125,137
735,Lilac,US,131,115,159
638,Light greenish brown,US,169,146,100
951,green,US,104,196,96
694,mossy green,US,83,72,0
1060,pastel pink,US,255,131,206
802,red,US,157,69,70
1123,magenta,GB,207,33,215
935,Pink,GB,251,143,159
536,grey,US,72,72,72
916,coral,US,197,88,87
1085,pink,US,213,107,217
780,mint,US,142,248,223
808,Pruunikasoranz,GB,133,87,0
1019,Light magenta,US,197,121,200
560,grey,US,55,75,85
863,pink,US,202,126,154
713,mauve ,US,171,105,95
849,turquoise,GB,0,166,177
1068,Blue,GB,64,84,202
667,Baby blue,AU,163,209,225
551,navy,US,26,27,43
1016,purple,GB,148,137,228
660,Yellow,US,201,206,147
570,grey,GB,106,125,134
582,Grey,AU,182,172,182
856,lavender ,GB,133,146,203
720,fern green,US,120,128,48
566,Grey,US,128,123,98
732,blue green,US,85,126,163
664,Green,US,152,214,198
872,light yellow,US,200,210,92
1072,Purple,GB,157,45,164
552,black,GB,37,23,40
874,Light green,GB,166,217,117
920,unsaturated orange,US,183,102,25
980,seafoam,US,23,255,222
791,indigo,US,37,43,100
946,Sunflower,US,195,177,1
909,Purple,US,111,43,117
942,Orange ,US,235,159,65
1032,pink,US,255,172,255
699,forest green,US,0,84,57
1059,bright pink,US,247,136,222
1043,Red,US,219,68,53
886,powder,GB,97,216,255
564,Yucky mauve,GB,140,117,114
629,blue,GB,91,95,125
650,Lilac,AU,154,144,172
888,Lavender ,US,199,194,255
812,Green,AU,0,113,63
1085,pink,US,213,107,217
899,cranberry,GB,138,23,66
703,blue,US,42,73,115
1064,purple,US,68,3,133
1066,red,US,199,0,45
602,emerald,US,21,56,38
1114,fuschia,US,207,100,254
1091,Dark blue ,US,51,48,186
632,Plum,US,121,86,107
752,Green,US,149,187,116
971,Yellow,US,241,235,75
845,turquoise,GB,15,168,139
769,pink,NZ,217,159,178
574,Mauve,AU,192,170,166
1032,pale pink,GB,255,172,255
908,purple,US,103,48,123
861,soft purple,US,189,130,175
663,Mint green,US,157,214,189
558,Forest Green,US,57,76,69
967,Pink,US,243,145,181
711,Very pale red,US,170,104,108
974,primrose,GB,181,249,111
600,dark green,GB,47,52,12
616,light brown,US,130,86,69
846,blue,US,0,168,147
836,yellow,US,166,150,30
708,purple,US,107,54,88
1047,violet,US,125,106,212
836,olive,US,166,150,30
725,green,US,53,137,110
732,blue,US,85,126,163
748,Mustard,US,196,174,94
1109,blue,US,60,75,229
837,green,US,157,153,30
937,peach,US,255,143,137
971,yellow,US,241,235,75
644,turqoise,US,100,160,147
815,blue,US,55,98,152
1107,Hot pink,GB,252,124,255
650,violet,US,154,144,172
747,Butterscotch yellow ,US,205,171,99
847,cerulean,US,0,168,158
910,purple,US,118,39,110
633,Periwinkle,US,127,85,96
931,purple,US,171,96,156
1038,purple,US,124,16,133
1005,coral,US,238,107,105
645,Blue,GB,98,159,158
1022,Flamingo pink,US,226,110,158
980,Cyan,GB,23,255,222
591,Cloud ,US,226,229,239
838,chartreuse ,US,145,156,37
820,Dark pink,NZ,128,79,132
680,purple,GB,41,16,58
971,yellow,US,241,235,75
947,yellow,GB,186,180,0
1051,mor,US,189,80,170
1108,Blue,GB,47,0,160
653,wait this is periwinkle. it's pretty,US,178,138,147
932,pink,US,179,93,146
632,purle,US,121,86,107
684,dark purple,US,56,7,45
667,sky blue,GB,163,209,225
618,crocodile brown,GB,116,94,51
667,Light blue,NZ,163,209,225
569,Heather,US,101,128,127
1052,Pink,US,199,74,156
711,mauve,US,170,104,108
590,light blue,US,213,232,239
721,olive,US,110,131,56
1016,light blue,US,148,137,228
592,Ballet slipper,US,235,226,234
737,Lilac,US,147,110,149
544,maroon,GB,45,21,25
1103,Magenta,US,205,57,183
701,blue,US,0,79,110
779,Mint,GB,150,248,209
815,cyan,US,55,98,152
1135,Blue,US,0,0,0
566,murky green,AU,128,123,98
1089,Hot pink,US,255,83,147
926,periwinkle,GB,102,118,190
897,Plum,US,50,0,73
685,Wine,US,58,5,41
639,Olive,US,159,150,96
620,Olive green,US,95,101,51
822,mid mauve,GB,142,73,117
962,lilac,US,189,161,237
803,salmon pink,GB,157,70,61
796,Purple,US,82,25,78
541,grey,GB,202,202,201
877,green teal,US,108,223,171
668,blue-grey,GB,179,205,228
657,ten rengi,GB,232,195,159
544,brown,US,45,21,25
912,Burgundy,GB,131,29,88
1067,primary red,GB,197,0,22
758,dusty turquoise,US,95,190,187
643,green,US,105,160,138
1023,pink,GB,230,108,145
731,cerulean ,US,59,131,159
989,Red,AU,178,45,74
875,grass green,US,146,220,136
670,lavender ,US,206,197,225
1077,Pink,US,255,81,128
888,Lilac,AU,199,194,255
1059,bright pink,US,247,136,222
980,Teal,US,23,255,222
898,purple,US,55,0,69
1018,pink,US,181,126,212
960,Periwinkle,US,151,171,249
556,olive,US,77,72,52
544,purple black,GB,45,21,25
559,forest green,US,53,76,77
861,pink,US,189,130,175
704,Blue ,GB,62,68,115
1013,blue,US,0,156,234
613,black,US,74,37,54
939,Orange,GB,253,146,108
540,light gray,US,175,175,175
559,γκρι,GB,53,76,77
802,muted red,GB,157,69,70
1014,cobalt,US,72,152,235
663,Ice Blue,NZ,157,214,189
970,mid yellow,US,250,232,76
584,white,US,244,225,221
645,blue,US,98,159,158
677,maroon ,US,64,4,3
928,Purple,US,139,108,181
1033,Night blue,GB,31,0,101
832,pale orange,GB,199,135,65
984,purple,GB,75,18,108
1100,purple,GB,157,88,222
857,blue violet,US,148,142,200
807,brown,US,140,84,14
616,brown,AU,130,86,69
558,slate,US,57,76,69
874,chartreuse,GB,166,217,117
1134,lime green,US,0,0,0
838,olive,US,145,156,37
600,Green,US,47,52,12
1101,Purple,US,174,79,212
932,purplr,US,179,93,146
571,greay,US,119,122,136
690,Brunette,GB,109,59,24
587,Green,US,219,234,203
596,Brown,GB,77,38,28
1116,hot pink,US,244,76,218
1043,Crvena ,US,219,68,53
844,sea foam green,US,36,168,131
1026,Yellow,US,236,200,0
1064,Purple,US,68,3,133
805,chocolate,US,151,76,38
796,dark purple ,US,82,25,78
733,Sky blue,US,97,124,164
727,Teal green,US,35,136,130
686,rose,US,117,51,60
847,turquoise,AU,0,168,158
864,pink,US,205,125,145
1111,Purple,US,139,44,204
775,Chartreuse,US,219,238,145
823,Magenta,US,148,70,106
953,Turquoise,US,28,199,142
565,canvas,US,138,119,104
556,dark yellow,GB,77,72,52
912,plum,US,131,29,88
645,Aqua,US,98,159,158
957,Sky blue,GB,54,187,244
607,dark blue,GB,5,53,72
1118,blue,US,55,32,206
1128,pink,GB,246,53,254
659,Khaki,GB,212,203,145
1064,royal purple,GB,68,3,133
1015,blue,US,121,143,233
1095,Hot pink,AU,242,0,86
822,purple,GB,142,73,117
928,purple,GB,139,108,181
1120,purple,US,134,86,255
1020,Dunk tank pink,US,208,117,189
712,rust,US,171,104,101
719,olive,US,136,123,41
1056,green,GB,52,202,56
686,maroon,GB,117,51,60
943,Yellow,US,226,164,51
1034,blue,GB,49,58,163
666,Pale bright aqua,US,153,212,218
661,pastel green,AU,183,211,159
1128,neon pink,GB,246,53,254
890,lavender,GB,222,188,249
989,magenta,US,178,45,74
641,pastel green,US,131,157,111
916,Burgundy,US,197,88,87
1136,Yellow,AU,0,0,0
987,plum,US,95,0,91
753,mint,US,122,190,143
815,Dusk Blue,US,55,98,152
1049,purple,US,162,93,193
603,forrest green,US,13,56,44
1038,purple,GB,124,16,133
931,magenta,US,171,96,156
826,blush,US,210,124,128
671,baby pink,US,218,194,217
691,browny orangey ,GB,105,62,17
1000,Pink,US,161,55,126
1017,lilac,US,168,131,220
838,green,US,145,156,37
920,Orange,US,183,102,25
932,pink,GB,179,93,146
661,pale mint,US,183,211,159
728,turquoise,US,28,136,136
1005,orange,US,238,107,105
623,green,US,56,106,89
1025,gold,US,250,194,14
802,brick red,GB,157,69,70
915,Pale red,US,196,87,99
1135,Blue,US,0,0,0
1119,purple,US,99,0,194
1004,Salmon,US,237,106,119
576,beige,US,181,176,147
694,Khaki,GB,83,72,0
1080,red,US,255,88,64
570,Blue,US,106,125,134
1130,Blue,US,61,0,225
913,Fuchsia,US,135,26,77
992,cadmium red,GB,174,56,17
908,Mor,GB,103,48,123
551,Black,NZ,26,27,43
756,cyan,NZ,100,191,172
695,green,US,68,77,0
1089,pink,US,255,83,147
647,Light blue,US,114,155,172
919,orange,US,191,96,42
653,藕粉,US,178,138,147
690,Brown,US,109,59,24
807,brown,US,140,84,14
877,LIGHT GREEN,US,108,223,171
1095,Hot pink,US,242,0,86
959,Blue,AU,120,178,249
870,muddy green,GB,219,204,86
981,Blue,US,0,255,235
576,Tan,US,181,176,147
1034,blue,AU,49,58,163
926,Peridot,US,102,118,190
655,light pink,US,238,191,181
725,Green,US,53,137,110
884,cyan,GB,70,220,237
1083,Lilac,US,178,120,244
541,Silver,AU,202,202,201
707,Purple,US,97,57,100
845,teal,US,15,168,139
814,blue,GB,29,101,151
800,Rose red,US,154,69,88
1132,Periwinkle,US,127,0,255
1130,cobalt,US,61,0,225
938,Coral,US,255,144,124
764,blue,GB,163,173,216
768,Muted pale pink,US,212,160,187
718,Umber,GB,143,121,43
613,maroon,GB,74,37,54
718,Mustard,US,143,121,43
1119,Purple,US,99,0,194
1115,bright fuchsia,US,230,86,236
625,Teal,GB,46,106,107
935,rose,GB,251,143,159
804,Burnt orange,US,155,72,50
727,turquoise,GB,35,136,130
572,brown-gray,US,130,119,131
717,Shit,GB,150,118,48
880,light blue,US,86,223,197
807,brown,US,140,84,14
966,pink,US,236,147,196
843,Green,AU,50,168,123
564,Pink toned lightmedium brown,US,140,117,114
1059,Pink,US,247,136,222
924,Cyan,US,29,128,191
884,Baby blue,US,70,220,237
962,Pink,GB,189,161,237
599,Seaweed,US,57,49,2
541,white,US,202,202,201
1011,green,US,90,168,0
967,salmon pink,US,243,145,181
551,Black,US,26,27,43
634,Pink,GB,181,138,139
935,rose pink,GB,251,143,159
782,turquoise,US,136,248,241
964,pink,US,218,153,218
807,yellow brown,US,140,84,14
826,Red,US,210,124,128
835,yellow,US,174,147,35
1135,Rich blue,GB,0,0,0
773,Light Yellow,GB,244,231,139
1111,Violet,US,139,44,204
1101,Purple,US,174,79,212
676,maroon,US,64,1,21
789,Maroon,US,96,23,0
860,lavender,US,181,132,183
615,TAUPE,US,131,85,79
592,White,AU,235,226,234
1106,Pink,GB,234,17,124
1132,purple,US,127,0,255
545,Brown,GB,42,24,12
971,Yellow,GB,241,235,75
1070,mid purple,GB,129,63,183
1052,Pink,GB,199,74,156
628,blue grey,US,74,99,124
1130,sinine,US,61,0,225
1042,red,AU,220,65,74
749,Tan,US,189,177,93
795,Imperial purple,GB,77,28,82
1089,pink,US,255,83,147
1013,Blue,GB,0,156,234
1110,purple,GB,112,60,216
802,red,US,157,69,70
927,Blue,GB,124,112,186
620,Forest Green,US,95,101,51
600,Gray,US,47,52,12
692,brown,US,95,67,0
671,pink,GB,218,194,217
951,green,US,104,196,96
611,purple,US,64,40,67
1066,red,US,199,0,45
966,pink,US,236,147,196
594,Purple,GB,76,37,46
991,brick red,GB,177,50,43
1042,Bright Coral,US,220,65,74
937,peach,US,255,143,137
629,gray,US,91,95,125
1040,pink,GB,217,64,107
740,mauve,US,166,105,121
845,sea green,GB,15,168,139
901,red,GB,140,24,42
630,Plum,US,104,91,122
600,army green,US,47,52,12
798,Purple,US,90,19,65
920,orange,GB,183,102,25
1074,Fuchsia,GB,178,21,136
574,neutral ,US,192,170,166
549,dark green,GB,10,31,33
726,teal,US,42,137,122
565,brown,US,138,119,104
608,teal blue,US,25,51,75
951,green,US,104,196,96
1129,bright purple,US,255,30,232
1122,Purple,US,186,58,231
747,tan,US,205,171,99
727,teal,US,35,136,130
1041,Red,GB,219,64,92
653,grey-pink,US,178,138,147
726,teal,US,42,137,122
1117,Bright pink ,GB,255,63,196
781,pale blue,GB,139,248,231
803,orange,NZ,157,70,61
850,aquamarine,US,0,165,185
533,black,US,0,0,0
887,sky,US,117,213,255
920,orange,US,183,102,25
1079,peach,US,255,84,91
997,black,AU,131,71,156
665,Light blue,GB,151,213,209
1061,lime green,GB,161,254,46
1092,Purple,US,91,32,175
932,pink ,GB,179,93,146
562,Dusty Purple,US,82,67,83
912,Raspberry,US,131,29,88
1097,red,US,239,31,29
989,fuschia,US,178,45,74
559,forest green,US,53,76,77
1121,violet,US,167,71,244
807,Rusty orange,GB,140,84,14
978,spearmint,GB,73,255,200
675,Wine red,US,63,1,27
1081,orange,US,255,97,20
906,purple,GB,78,58,135
692,Brown,GB,95,67,0
669,pale grey,GB,193,201,228
568,green,AU,104,128,118
855,Pale blue,GB,112,150,204
1102,magenta,US,192,68,198
1121,purple,US,167,71,244
1054,fuschia,US,213,65,122
1130,blue,GB,61,0,225
838,Green,GB,145,156,37
767,light purplish pink,US,200,163,200
1126,violet,GB,119,43,234
864,Mauve,US,205,125,145
1115,fuchsia,US,230,86,236
574,cream,GB,192,170,166
702,Blue,US,24,75,114
944,Gold,US,217,168,35
760,Teal,NZ,104,187,207
1098,Bright Blue,US,77,109,247
1022,pink,NZ,226,110,158
541,Light grey,US,202,202,201
1131,Purple,US,199,9,250
889,Light purple,GB,212,191,255
996,bright purple,US,120,76,164
589,light blue ,GB,203,236,233
1084,lilac,US,194,115,233
776,light green,GB,200,242,158
800,Light maroon,US,154,69,88
717,olive,US,150,118,48
910,squashed berries,GB,118,39,110
1020,pink,US,208,117,189
1071,purple,GB,144,55,175
777,Seafoam,US,167,247,188
561,Grey,GB,69,71,88
933,pink,US,187,90,132
769,blush pink,US,217,159,178
1066,Red,GB,199,0,45
699,bottle green,GB,0,84,57
820,Purple,US,128,79,132
757,Tirkizna,US,97,191,180
591,greu,US,226,229,239
895,french navy,GB,24,14,84
1000,purple,US,161,55,126
828,coral,GB,212,125,110
1084,Pink,US,194,115,233
818,mor,GB,111,85,143
791,navy boue,US,37,43,100
883,Light blue,US,67,222,227
879,turquoise ,GB,93,223,189
595,sienna,GB,78,37,38
754,Greeeeeen,US,113,191,153
1083,Lilac,US,178,120,244
1135,blue,GB,0,0,0
729,teal,US,33,134,150
985,purple,US,83,9,103
1113,Magenta,US,171,0,180
916,pink,US,197,88,87
1037,purple,US,114,29,140
1078,coral,AU,255,81,111
1034,blue,US,49,58,163
811,Green,US,34,111,41
1034,royal blue,US,49,58,163
693,Dark Brown,US,89,70,0
871,Highlighter yellow,US,212,206,86
536,Black,GB,72,72,72
941,orange,US,242,154,79
751,light green,GB,164,184,104
1116,Tumeroosa,GB,244,76,218
969,yellow,US,255,228,80
581,Lavender,US,172,174,186
1137,light blue,US,0,0,0
1033,dark blue,US,31,0,101
938,peach,US,255,144,124
844,gree ,US,36,168,131
619,poo brown,AU,106,97,47
538,Grey,US,122,122,122
656,pale goldenrod,US,238,192,169
959,Blue,US,120,178,249
880,Mint green,GB,86,223,197
734,light indigo,US,111,120,164
956,Blue,US,0,190,240
552,maroon,US,37,23,40
681,royal purple,US,46,14,55
698,teal,US,7,83,50
648,blue,GB,127,151,174
716,Brown,US,162,112,62
1119,purple,US,99,0,194
1014,baby blue,US,72,152,235
668,sky,US,179,205,228
591,Gray,US,226,229,239
1001,fuchsia,GB,168,50,111
710,maroon,US,114,51,74
745,nude,GB,221,163,119
630,purple,US,104,91,122
797,purple,GB,87,22,71
887,Light blue,US,117,213,255
1081,orange,US,255,97,20
1109,Azure blue,GB,60,75,229
791,royal blue,GB,37,43,100
1068,Plava,US,64,84,202
1092,ultraviolet,GB,91,32,175
811,green,GB,34,111,41
966,Pink,GB,236,147,196
1101,purple,GB,174,79,212
1027,neon green,US,179,217,3
729,dark cyan,US,33,134,150
724,green,US,59,137,104
1079,Red,GB,255,84,91
980,blue,GB,23,255,222
1080,orange,US,255,88,64
658,green yellow,US,223,199,149
821,Purple ,US,135,76,125
948,pea soup,US,171,184,14
1090,lime,US,49,233,55
920,tamno narandzasta ,US,183,102,25
841,Lime,US,93,165,88
630,Violet,NZ,104,91,122
729,blue,US,33,134,150
548,black,US,16,31,26
1004,coral,US,237,106,119
547,crna,US,22,31,20
737, purple,US,147,110,149
860,lavender,US,181,132,183
1019,Magenta,US,197,121,200
1015,blue,US,121,143,233
952,green,GB,68,198,122
805,brown,GB,151,76,38
908,Blue,AU,103,48,123
946,leaf green,US,195,177,1
1081,orange,US,255,97,20
596,brown,US,77,38,28
997,Фіолетовий,GB,131,71,156
882,Aguamarina ,US,70,223,218
912,magenta,US,131,29,88
1126,Indigo,GB,119,43,234
671,Lavender,US,218,194,217
812,Green,GB,0,113,63
1091,blue,US,51,48,186
870,yellow,US,219,204,86
1018,lilac,GB,181,126,212
970,yellow,US,250,232,76
677,Maroon,GB,64,4,3
777,sea green,GB,167,247,188
1049,Purple,US,162,93,193
953,light green,US,28,199,142
1028,green,GB,146,223,64
716,Tan,US,162,112,62
592,Light grey,AU,235,226,234
589,gray,US,203,236,233
1069,blue,GB,106,73,193
706,Purple,US,91,60,104
805,siena,GB,151,76,38
896,blue,US,40,7,78
891,pink,US,238,184,237
910,purple,US,118,39,110
1004,redpink,US,237,106,119
782,turqoiuse,US,136,248,241
845,emerald,GB,15,168,139
636,orange,US,182,139,119
603,dark green,US,13,56,44
732,Cloudy blue,US,85,126,163
1032,lilac,US,255,172,255
989,red,AU,178,45,74
542,white,US,229,229,229
1121,Purple,US,167,71,244
702,Blue,US,24,75,114
783,neon bluish,GB,255,216,255
1138,Fuschia,US,0,0,0
867,peach,US,248,193,104
1058,pink,US,234,140,237
836,yellow,US,166,150,30
742,pink,US,225,158,153
734,blue,US,111,120,164
886,robins egg blue,US,97,216,255
822,Hayli,AU,142,73,117
543,White,US,255,255,255
1071,Violet,GB,144,55,175
843,sea green,GB,50,168,123
1033,Twilight,US,31,0,101
988,magenta,US,176,45,86
576,Magnolia,GB,181,176,147
661,Light green,AU,183,211,159
1135,blue,US,0,0,0
1034,indigo,US,49,58,163
595,Pamithy,AU,78,37,38
735,Purple,AU,131,115,159
799,Burgundy,US,93,18,59
737,雪青,US,147,110,149
785,Burgundy,GB,97,14,46
1074,magenta,GB,178,21,136
969,Yellow,US,255,228,80
1119,purple,US,99,0,194
799,Burgundy,GB,93,18,59
922,Dark Lime Green,US,74,138,11
767,lilac,US,200,163,200
826,Pink,US,210,124,128
856,Petrol Blue,GB,133,146,203
1120,pastel indigo,US,134,86,255
785,maroon,US,97,14,46
806,kahverengi,GB,146,80,27
1035,Purple,US,83,48,156
985,purple ,GB,83,9,103
868,yellow,US,239,197,97
579,greenish gray,US,151,181,179
934,Dark magenta,US,191,88,121
1127,Bright purple,US,149,3,220
1052,magenta,AU,199,74,156
1075,hot pink,US,187,0,118
627,Grey,GB,59,102,121
767,Dusty pink,US,200,163,200
740,Taupe,GB,166,105,121
597,brown,US,71,42,17
874,green,US,166,217,117
830,Orange,US,209,129,87
555,Mud brown,GB,87,68,55
566,beige,GB,128,123,98
915,deep pink,GB,196,87,99
605,grey,US,0,56,59
828,salmon,US,212,125,110
719,Gold,US,136,123,41
1028,Green,US,146,223,64
791,Blue,US,37,43,100
548,black,US,16,31,26
1133,florescent orange,US,0,0,0
1128,pink,GB,246,53,254
655,chalk pink,GB,238,191,181
724,Green,US,59,137,104
746,khaki,US,217,165,112
581,Grey,US,172,174,186
858,light grey,US,160,138,197
1010,Orange ,US,211,130,0
646,Teal,US,103,157,166
901,maroon,AU,140,24,42
698,green,US,7,83,50
869,yellow,US,228,201,89
1134,Lime green,US,0,0,0
794,purple,GB,72,31,86
1096,cherry,GB,243,7,60
951,green,US,104,196,96
749,nasry,US,189,177,93
850,Turqouise,US,0,165,185
844,green-blue,US,36,168,131
743,peach,US,226,158,146
1124,Hot pink,US,222,0,197
691,Brown,US,105,62,17
847,sea mist,AU,0,168,158
788,burgundy,GB,98,18,18
546,Charcoal,GB,33,28,8
675,ugly curtains,US,63,1,27
845,aqua,GB,15,168,139
752,green,US,149,187,116
795,Indigo,US,77,28,82
1008,orange,US,229,118,46
607,Navy blue,US,5,53,72
594,brown,GB,76,37,46
698,green,US,7,83,50
751,green,US,164,184,104
851,Cyan,US,0,163,193
584,White,GB,244,225,221
1021,Pink,AU,217,113,175
878,greeny blue,NZ,100,223,180
544,Coffee bean,US,45,21,25
894,Pink,US,255,178,206
844,sea foam green,US,36,168,131
1109,Blue,US,60,75,229
750,olive,US,173,181,97
1062,Electric Lime,US,112,255,99
555,Taupe,US,87,68,55
793,purple,US,66,34,91
940,Peach,US,249,150,94
1055,red,US,255,147,0
981,Turquoise ,US,0,255,235
600,dark green,US,47,52,12
743,blush,US,226,158,146
634,tan,US,181,138,139
769,pink,US,217,159,178
667,blue,US,163,209,225
750,Olive,GB,173,181,97
897,Dark Purple,GB,50,0,73
968,rose,US,247,144,171
1040,Strawberry,GB,217,64,107
1021,pink,GB,217,113,175
1082,medium lilac,GB,149,129,255
821,Purple,US,135,76,125
926,Blue,US,102,118,190
633,Purple,US,127,85,96
731,Purple,US,59,131,159
633,dark pink,US,127,85,96
630,Purple,US,104,91,122
922,green,US,74,138,11
1121,亮紫,GB,167,71,244
832,orange,US,199,135,65
633,Muave,US,127,85,96
835,Ochre ,GB,174,147,35
956,Light blue,GB,0,190,240
1076,berry,US,193,0,102
645,Stainless Steel,GB,98,159,158
890,purple,US,222,188,249
570,shale,US,106,125,134
693,brown,US,89,70,0
960,sky blue,GB,151,171,249
747,Orange,US,205,171,99
908,purple,GB,103,48,123
856,lavender,US,133,146,203
885,blue,US,81,218,249
804,Red-orange,US,155,72,50
1048,purple,GB,148,99,202
772,lemon,GB,250,229,141
594,brown,US,76,37,46
761,celeste,US,114,185,211
834,Yellow,US,183,143,44
730,Teal,US,45,133,155
722,green,US,96,133,69
766,purple,GB,190,166,207
820,dull purple,US,128,79,132
1078,Magenta,US,255,81,111
708,purple,US,107,54,88
627,dark teal,US,59,102,121
664,green,US,152,214,198
1002,plum,GB,173,47,99
954,green,US,0,199,152
1091,blie,US,51,48,186
912,手ェリーレッド,GB,131,29,88
829,Coral,US,211,126,98
775,Neon Yellow,GB,219,238,145
852,blue,US,47,160,198
692,brown,AU,95,67,0
765,purple,GB,182,168,211
829,orange,US,211,126,98
638,calistar,GB,169,146,100
729,teal,GB,33,134,150
944,yellow,GB,217,168,35
1013,bright blue,GB,0,156,234
921,orange,US,176,107,1
626,Zelena,US,48,105,116
644,green,GB,100,160,147
734,periwinkle,NZ,111,120,164
742,pink,US,225,158,153
981,Teal,US,0,255,235
768,Pink,US,212,160,187
744,salmon,US,225,160,128
541,GRAY,US,202,202,201
855,Pale Blue,AU,112,150,204
1005,coral,US,238,107,105
609,Dark Navy,GB,44,47,76
543,White,GB,255,255,255
974, Lime,AU,181,249,111
702,Blue,AU,24,75,114
841,Green ,GB,93,165,88
819,Lilac purple,GB,119,82,138
1066,red,US,199,0,45
573,light brown,US,137,118,122
690,brown,US,109,59,24
1040,Salmon pink,GB,217,64,107
667,Midday Blue,GB,163,209,225
1000,magenta,GB,161,55,126
722,green,US,96,133,69
667,ice blue,GB,163,209,225
1038,purple,US,124,16,133
784,Maroon,US,95,16,53
557,Green,US,64,75,60
1004,Sweet,IR,237,106,119
789,maroon,US,96,23,0
1031,Turquoise,US,0,231,160
758,teel,US,95,190,187
1114,purple,US,207,100,254
1005,pink,US,238,107,105
784,red,US,95,16,53
590,sky blue,US,213,232,239
831,orange,US,204,132,75
569,Dark green,GB,101,128,127
995,medium light purple,US,101,82,172
570,okay,US,106,125,134
818,Ljubicasta ,US,111,85,143
690,conker,GB,109,59,24
971,yellow,GB,241,235,75
1019,light pink,GB,197,121,200
984,Purple  ,US,75,18,108
725,teal,US,53,137,110
1024,yellow,US,255,189,41
1087,Pink,US,238,93,185
1096,Red,US,243,7,60
882,Turquoise ,GB,70,223,218
1128,hot purple,AU,246,53,254
709,purple,NZ,111,52,81
536,grey,NZ,72,72,72
541,dove gray,US,202,202,201
1086,Ultra pink ,GB,226,100,203
776,pastel green  ,US,200,242,158
632,Grape ,US,121,86,107
937,pale orange,GB,255,143,137
1079,peach,GB,255,84,91
779,Cyan,US,150,248,209
691,brown,US,105,62,17
896,purple,US,40,7,78
624,forest green,US,49,106,97
677,Rust,US,64,4,3
1065,dark pink,GB,197,0,85
602,forest green,US,21,56,38
1097,Red,GB,239,31,29
605,Dark Teal,GB,0,56,59
1050,pink,US,177,86,182
799,dark magenta,US,93,18,59
979,Teal,US,53,255,212
1070,Purple,US,129,63,183
904,dark blue,US,0,73,141
607,Navy,GB,5,53,72
644,turquoise ,NZ,100,160,147
558,dark green ,US,57,76,69
824,Pink,US,152,69,97
1043,red,GB,219,68,53
965,light pink,US,227,149,208
557,Evergreen,US,64,75,60
869,Yellow,US,228,201,89
783,Soft pink,US,255,216,255
890,purple,US,222,188,249
825,pink,GB,208,125,137
572,Grey,AU,130,119,131
968,pink,US,247,144,171
820,Purple ,US,128,79,132
904,Blue,AU,0,73,141
598,Brown,GB,65,46,7
1074,Purple ,GB,178,21,136
939,Narandzasta ,US,253,146,108
680,Ink blue,US,41,16,58
691,Brown,AU,105,62,17
616,brown,US,130,86,69
798,Maroon,GB,90,19,65
738,pink,US,158,107,136
936,Salmon pink,GB,253,143,148
1054,fuchsia,US,213,65,122
998,violet,US,142,66,148
566,chartreuse,US,128,123,98
814,prussian,GB,29,101,151
1100,bledo,US,157,88,222
578,Mint,US,153,181,169
956,light blue,US,0,190,240
801,Brick,US,156,69,80
893, baby pink,AU,254,180,218
632,wine,GB,121,86,107
1128,pink,US,246,53,254
777,Mintiest white,GB,167,247,188
784,mauve,GB,95,16,53
621,green,GB,79,104,64
600,deep sage,GB,47,52,12
619,olive,GB,106,97,47
908,pansy purple,GB,103,48,123
647,turquoise,US,114,155,172
1128,Barbi roze,GB,246,53,254
1019,Purple,GB,197,121,200
626,teal,US,48,105,116
1054,bubblegum pink ,GB,213,65,122
650,Lavender,US,154,144,172
845,green,GB,15,168,139
1008,Orange,AU,229,118,46
959,Blue,US,120,178,249
693,earth,GB,89,70,0
1101,purple,US,174,79,212
791,Navy,US,37,43,100
765,lilac,US,182,168,211
899,cranberry,US,138,23,66
907,Royal Purple ,US,93,52,129
714,brown,US,169,107,78
739,Pale rose,US,163,105,127
996,purple,US,120,76,164
1016,putrid lilac,GB,148,137,228
785,red,GB,97,14,46
925,blue,GB,67,124,192
1090,Neon green,GB,49,233,55
564,puce,AU,140,117,114
533,Blacj,US,0,0,0
602,green,US,21,56,38
867,Yellow,US,248,193,104
1094,neon pink red,US,239,2,105
847,teal,US,0,168,158
900,Dark red,US,140,22,55
579,aqua grey,US,151,181,179
1107,Pink,US,252,124,255
595,brown,US,78,37,38
591,Grey,GB,226,229,239
816,Blue,GB,82,93,151
1086,hot pink,US,226,100,203
591,grey,AU,226,229,239
671,mauve,US,218,194,217
981,cyan,US,0,255,235
831,Orange,AU,204,132,75
1112,Neon purple,GB,155,27,193
857,lavender,NZ,148,142,200
1100,violet,US,157,88,222
541,stone,US,202,202,201
942,Orange,US,235,159,65
943,Orange,GB,226,164,51
902,Red,US,139,29,30
819,Purple ,GB,119,82,138
1076,magenta ,GB,193,0,102
963,Flesh Tone,NZ,201,158,230
1084,light purple,US,194,115,233
623,green,US,56,106,89
651,Mauve,US,165,141,165
801,pink,NZ,156,69,80
796,Purple,US,82,25,78
1133,red,GB,0,0,0
910,purple,US,118,39,110
535,dark grey,US,49,49,49
967,pink,US,243,145,181
1111,purple,US,139,44,204
855,blue,GB,112,150,204
570,blue,US,106,125,134
751,lime,US,164,184,104
804,orange,US,155,72,50
1093,purple,US,112,7,165
741,pink,US,223,158,159
806,dark orange,GB,146,80,27
997,purple,US,131,71,156
850,湖蓝色,GB,0,165,185
938,salmon,GB,255,144,124
804,brick red,GB,155,72,50
985,Purple ,GB,83,9,103
1136,yellow ,US,0,0,0
714,Dark peach,US,169,107,78
1083,bright lilac,US,178,120,244
770,Pink,US,220,158,172
919,orange,GB,191,96,42
591,Light grey,US,226,229,239
727,Darkest teal,GB,35,136,130
550,navy teal,US,12,30,40
942,Orange,AU,235,159,65
628,grey,AU,74,99,124
1108,purple,AU,47,0,160
849,Forest Green,NZ,0,166,177
590,Pale Azure,US,213,232,239
1098,Neon blue,US,77,109,247
821,Dusty purple,US,135,76,125
661,green,AU,183,211,159
750,Putrid yellow,US,173,181,97
653,pink,US,178,138,147
960,blue,US,151,171,249
878,sea foam green,US,100,223,180
877,sea foam,US,108,223,171
721,Deep grass green ,GB,110,131,56
934,rose,US,191,88,121
732,true teal,US,85,126,163
604,Dark green,GB,3,56,51
695,Olive green,US,68,77,0
1126,purple,GB,119,43,234
1073,Fushia,AU,167,36,151
660,green,GB,201,206,147
729,Teal,GB,33,134,150
1022,ružičasta,US,226,110,158
622,Green,US,64,106,80
742,Skinny,AU,225,158,153
1123,barney,US,207,33,215
761,light blue,US,114,185,211
955,aqua,GB,0,199,162
1124,pink,US,222,0,197
820,purple,US,128,79,132
906,Purple,US,78,58,135
893,pink,US,254,180,218
644,Teal,US,100,160,147
637,tan,US,178,142,109
751,grey,AU,164,184,104
1023,Pink,US,230,108,145
805,Brown,GB,151,76,38
603,Teal,US,13,56,44
728,Teal,US,28,136,136
666,China blue ,US,153,212,218
894,pink,US,255,178,206
1077,hot pink,US,255,81,128
669,Grey,US,193,201,228
874,Lime green,US,166,217,117
1040,Hot pink,AU,217,64,107
659,off-white ,GB,212,203,145
1123,fuchsia,US,207,33,215
793,Plum purple,GB,66,34,91
1089,Pink,US,255,83,147
924,blue,US,29,128,191
594,maroon,US,76,37,46
1112,purple,US,155,27,193
1088,pink,US,248,87,163
1018,Purple,US,181,126,212
601,forest green,US,34,54,26
595,土色,GB,78,37,38
577,green,US,165,180,154
564,brown grey,GB,140,117,114
691,brown,GB,105,62,17
814,cerulian blue,US,29,101,151
561,深灰蓝,GB,69,71,88
853,Teal,US,71,157,201
598,brown,US,65,46,7
1053,Pink,GB,209,68,136
590,white with hint of blue,GB,213,232,239
894,Pink,US,255,178,206
556,Green,US,77,72,52
811,Kelly green,US,34,111,41
551,Black,GB,26,27,43
698,Dark green,GB,7,83,50
841,Green,AU,93,165,88
567,Green,US,114,126,106
700,green,GB,0,84,63
833,Orange,US,191,139,54
739,mauve,GB,163,105,127
600,olive,GB,47,52,12
1063,Blue,US,41,22,141
710,Maroon,US,114,51,74
690,brown,US,109,59,24
1046,Periwinkle,US,90,115,218
731,Cobalt blue,AU,59,131,159
744,peach,US,225,160,128
842,Green,US,69,167,109
959,Cerulean,US,120,178,249
864,rosa,GB,205,125,145
856,lilac,US,133,146,203
1096,Red,US,243,7,60
871,yellow,AU,212,206,86
1098,Royal blue ,US,77,109,247
629,paynes gray,US,91,95,125
1007,pale green,AU,235,112,66
875,mint green,US,146,220,136
882,aqua blue,GB,70,223,218
775,Like green,GB,219,238,145
979,bright aqua,GB,53,255,212
578,Grey,NZ,153,181,169
777,Mint,US,167,247,188
538,gray,US,122,122,122
1068,blue,GB,64,84,202
698,Green,US,7,83,50
879,Teal,US,93,223,189
856,Purple,GB,133,146,203
1071,purple,IR,144,55,175
689,brown,US,114,56,32
546,green,US,33,28,8
1088,pink,US,248,87,163
921,light brown,GB,176,107,1
764,periwinkle ,US,163,173,216
997,purple,US,131,71,156
947,Lime,GB,186,180,0
1124,cerise,US,222,0,197
1093,Royal purple,AU,112,7,165
799,barney purple,US,93,18,59
669,blueish grey,US,193,201,228
893,pink,GB,254,180,218
533,black,US,0,0,0
1007,salmon,US,235,112,66
969,yellow,US,255,228,80
866,buttercup,GB,255,188,113
590,Duck egg,GB,213,232,239
988,magenta,GB,176,45,86
1061,green,US,161,254,46
1122,violet,GB,186,58,231
944,marigold,US,217,168,35
955,turqoise,US,0,199,162
800,tea,US,154,69,88
1033,blue,US,31,0,101
853,Sky,US,71,157,201
607,dark teal,US,5,53,72
604,dark green,GB,3,56,51
632,purple,US,121,86,107
626,teal,US,48,105,116
962,purple,US,189,161,237
887,Sky Blue,US,117,213,255
782,aqua,GB,136,248,241
1036,purple,GB,103,38,147
937,peach,US,255,143,137
882,turquoise,US,70,223,218
1032,Pink,US,255,172,255
863,mauve,GB,202,126,154
584,white,US,244,225,221
533,black,US,0,0,0
862,Hot pink,US,195,128,166
745,peach,GB,221,163,119
1064,purple,US,68,3,133
935,Pink,US,251,143,159
657,tan,US,232,195,159
843,Green,US,50,168,123
575,muted pink,GB,191,172,154
686,dark rose,US,117,51,60
1069,Purple,US,106,73,193
653,mauve ,GB,178,138,147
675,Maroon,US,63,1,27
841,Green,AU,93,165,88
771,Light yellow,US,255,226,146
1054,pink purple,US,213,65,122
576,grey,US,181,176,147
1082,purple,GB,149,129,255
1042,coral ,US,220,65,74
992,Red,GB,174,56,17
980,turquoise,US,23,255,222
756,aqua green,US,100,191,172
1051,Bright mauve ,US,189,80,170
832,Orange,US,199,135,65
1023,Pink,US,230,108,145
1133,Red,GB,0,0,0
697,leaf green ,GB,45,81,26
1134,green,US,0,0,0
1116,shocking pink,GB,244,76,218
1129,ANOTHER SHADE OF HOT PINK,US,255,30,232
768,pink,US,212,160,187
978,Blue,US,73,255,200
560,blue,GB,55,75,85
1059,pink,US,247,136,222
871,Yellow,US,212,206,86
790,marine blue,GB,0,49,103
1126,blue purple,US,119,43,234
739,millennial pink,US,163,105,127
677,Maroon,US,64,4,3
719,Yellow,AU,136,123,41
695,green,GB,68,77,0
585,Cream,AU,246,226,205
974,Optic yellow,US,181,249,111
1064,purple,US,68,3,133
566,Gold,US,128,123,98
703,blue,US,42,73,115
798,Maroon ,US,90,19,65
839,green,US,132,159,50
599,Brown,US,57,49,2
810,Forest green,GB,57,109,20
811,green,NZ,34,111,41
821,purple ,GB,135,76,125
553,dark brown,US,43,22,33
814,Azure ,US,29,101,151
949,chartruse,US,155,188,39
930,purple,US,162,100,165
931,Pink,US,171,96,156
1096,Red,GB,243,7,60
916,coral,US,197,88,87
910,ljubičasta,US,118,39,110
876,lime green ,US,124,222,155
629,Gray blue ,US,91,95,125
1090,Lime green,GB,49,233,55
560,gray blue,GB,55,75,85
894,9090n,GB,255,178,206
665,Light blue,GB,151,213,209
865,Apricot,US,255,185,122
656,Eggshell,GB,238,192,169
805,orange-brown,US,151,76,38
774,yellow,US,229,236,141
875,Green,GB,146,220,136
1059,pink,US,247,136,222
1130,blue,US,61,0,225
658,sun,US,223,199,149
852,Cyan,US,47,160,198
1059,pink,NZ,247,136,222
945,Yellow,AU,205,173,17
695,Olive,US,68,77,0
805,red,AU,151,76,38
683,Black,US,53,9,48
916,salmon,US,197,88,87
728,bluish green,IR,28,136,136
570,blue,US,106,125,134
1096,Red,US,243,7,60
942,Orange,AU,235,159,65
702,blue,AU,24,75,114
750,Green,US,173,181,97
1091,Blue,GB,51,48,186
748,gold,US,196,174,94
567,green,GB,114,126,106
568,Grey green,US,104,128,118
995,periwinkle,GB,101,82,172
904,Blue,NZ,0,73,141
838,Avocado,US,145,156,37
794,Purple ,US,72,31,86
751,Green,US,164,184,104
805,auburn,US,151,76,38
560,greyish blue,US,55,75,85
972,yellow,GB,227,239,79
1134,Green,US,0,0,0
885,light blue,US,81,218,249
943,yellow,US,226,164,51
625,Teal,US,46,106,107
1034,blue,US,49,58,163
628,Blue,GB,74,99,124
572,Violet-grey,US,130,119,131
635,pale salmon,US,183,138,130
1064,Blue,US,68,3,133
978,Cyan,US,73,255,200
966,pink,GB,236,147,196
547,olive black,GB,22,31,20
763,Blue,US,149,177,216
942,Orange,GB,235,159,65
1055,Orange,GB,255,147,0
952,clover,US,68,198,122
625,dark teal,US,46,106,107
849,teal,US,0,166,177
723,green,GB,69,136,95
578,Seafoam,US,153,181,169
987,purple,US,95,0,91
935,pink,US,251,143,159
571,gray,US,119,122,136
894,Pink,US,255,178,206
1075,Purple,GB,187,0,118
735,muted light purple,US,131,115,159
1112,荧光紫,GB,155,27,193
1039,purple,AU,133,0,124
674,Pink,GB,62,2,32
718,Dark olive green,AU,143,121,43
953,pale green,GB,28,199,142
807,Dark Honey,US,140,84,14
789,red,US,96,23,0
609,dark purple,US,44,47,76
587,Green,GB,219,234,203
855,blue,US,112,150,204
830,Peach,GB,209,129,87
888,periwinkle ,US,199,194,255
582,light pink,GB,182,172,182
772,yellow,US,250,229,141
641,Green,GB,131,157,111
920,tan but darker but lighter,US,183,102,25
944,Yellow orange,US,217,168,35
585,Off-white,US,246,226,205
880,aqua,GB,86,223,197
565,Hallikas pruun,GB,138,119,104
933,Magenta ,AU,187,90,132
686,maroon,US,117,51,60
1077,coral,US,255,81,128
966,Pink,US,236,147,196
679,Blue,AU,22,23,65
691,oak brown,GB,105,62,17
916,Coral,GB,197,88,87
758,light blue,US,95,190,187
671,blush pink,US,218,194,217
692,brown ,US,95,67,0
883,light blue,US,67,222,227
610,Purple ,US,57,43,72
768,Pink,US,212,160,187
922,leaf green,GB,74,138,11
754,Mint,US,113,191,153
721,Olive green,GB,110,131,56
991,Red,US,177,50,43
1002,magenta,US,173,47,99
905,purple,NZ,54,65,139
635,brown,US,183,138,130
887,Sky Blue,US,117,213,255
548,Black,GB,16,31,26
882,Teal,US,70,223,218
898,purple,US,55,0,69
876,mint green,GB,124,222,155
910,violet plum,GB,118,39,110
932,dark pink,GB,179,93,146
657,fawn,GB,232,195,159
978,psle green,AU,73,255,200
971,yellow,US,241,235,75
908,Purple,US,103,48,123
702,Blue,US,24,75,114
873,pastel yellow,US,187,213,100
741,Salmon,US,223,158,159
700,tile green,GB,0,84,63
755,Green,NZ,108,191,160
810,grass green,US,57,109,20
702,Blue,US,24,75,114
808,Brown,US,133,87,0
1008,orange,GB,229,118,46
777,Mint,US,167,247,188
838,Green,US,145,156,37
915,Coral,US,196,87,99
1052,Hot pink ,GB,199,74,156
911,Plum,US,125,33,99
1061,lime green,GB,161,254,46
818,Purple,US,111,85,143
873,Green,US,187,213,100
798,wine,US,90,19,65
1027,green,US,179,217,3
622,Green,US,64,106,80
807,brown,US,140,84,14
899,Maroon ,US,138,23,66
904,navy,US,0,73,141
748,yellow,GB,196,174,94
809,Kale,US,79,106,0
768,purple,AU,212,160,187
903,burnt red,GB,137,33,16
883,Cyan,US,67,222,227
1023,pink,GB,230,108,145
573,light grey,AU,137,118,122
694,green,US,83,72,0
1058,Rosa,US,234,140,237
594,Mulberry,US,76,37,46
1045,blue beauty,US,0,125,220
834,sarı,GB,183,143,44
1108,Royal blue,US,47,0,160
821,Plum,US,135,76,125
1065,pink,US,197,0,85
694,dark green,US,83,72,0
637,Brown,US,178,142,109
594,brown,US,76,37,46
692,brown,AU,95,67,0
1138,magenta,NZ,0,0,0
817,Slate,US,99,88,148
844,green,AU,36,168,131
661,Green,US,183,211,159
552,black,US,37,23,40
686,Purple ,US,117,51,60
753,Mint,US,122,190,143
702,navy blue,US,24,75,114
1056,Green,US,52,202,56
721,Olive,GB,110,131,56
1085,pink,US,213,107,217
851,aqua,AU,0,163,193
1003,Hot pink,US,234,107,132
995, purple,US,101,82,172
1116,bubblegum,GB,244,76,218
935,Baby Pink,US,251,143,159
747,Yellow,US,205,171,99
645,Turqoiuse ,US,98,159,158
594,Maroon,US,76,37,46
1095,red,US,242,0,86
982,navy,GB,36,36,122
1021,Pink,NZ,217,113,175
674,red,US,62,2,32
601,Green,US,34,54,26
788,maroon,US,98,18,18
754,turquoise,AU,113,191,153
1093,Purple,US,112,7,165
1130,royal blue,GB,61,0,225
587,beige,NZ,219,234,203
555,Dirt,US,87,68,55
781,aqua,US,139,248,231
953,Teal,US,28,199,142
1105,Fuchsia,US,229,28,142
871,Chartreuse,AU,212,206,86
795,purple,NZ,77,28,82
939, peach,AU,253,146,108
609,Navy,US,44,47,76
817,Light Purple,US,99,88,148
777,Green,US,167,247,188
577,green,US,165,180,154
733,Blue,US,97,124,164
999,Purple,US,152,60,138
1039,Purple,US,133,0,124
873,Green,US,187,213,100
664,tirkizna,US,152,214,198
1098,periwinkle ,US,77,109,247
889,Lilac ,US,212,191,255
640,chartreuse ,US,147,153,99
1075,bright pink,GB,187,0,118
580,grey,US,159,178,185
674,oxblood,GB,62,2,32
722,Forest Green,US,96,133,69
1015,Pastel purple,GB,121,143,233
783,light pink,US,255,216,255
703,navy,US,42,73,115
777,parlak su yeşili,GB,167,247,188
803,red,US,157,70,61
1014,bright light blue ,GB,72,152,235
910,dark magenta,US,118,39,110
818,Purple,US,111,85,143
863,pale pink,GB,202,126,154
1054,pink,US,213,65,122
1011,lime green ,US,90,168,0
649,grey blue,GB,142,147,175
1076,Fuschia ,US,193,0,102
662,mint green,US,165,213,177
787,maroon,US,98,16,28
867,tan,US,248,193,104
563,brown,GB,89,66,72
1040,dark fushia,US,217,64,107
591,white,US,226,229,239
1054,pink,US,213,65,122
697,the moss growing on my lover and i as we decompose together in the grass  ,AU,45,81,26
583,Peach,GB,188,171,174
1036,Purple,US,103,38,147
752,Fistik,GB,149,187,116
875,lime green,US,146,220,136
794,Purple,GB,72,31,86
978,Sea foam,AU,73,255,200
975,Green,US,152,253,137
819,Purple,US,119,82,138
620,olive green,US,95,101,51
984,Dark purple,GB,75,18,108
563,Purple,GB,89,66,72
776,Green,US,200,242,158
773,pastel yellow,US,244,231,139
615,Maroon,US,131,85,79
755,mint,US,108,191,160
927,Purple,US,124,112,186
830,brown,US,209,129,87
782,Teal,US,136,248,241
719,Muddy yellow,US,136,123,41
982,Indigo lapis,GB,36,36,122
1016,violet,US,148,137,228
593,Pink,NZ,241,225,228
740,rose,GB,166,105,121
811,emerald green ,GB,34,111,41
663,seafoam,US,157,214,189
907,violet,US,93,52,129
545,brown,GB,42,24,12
815,dark blue,US,55,98,152
750,Light Green,US,173,181,97
591,Light Gray,US,226,229,239
850,blue,US,0,165,185
560,dark gray/green,US,55,75,85
947,yellow,US,186,180,0
1118,blue,US,55,32,206
630,usten,US,104,91,122
628,blue,NZ,74,99,124
1017,purple,US,168,131,220
581,grey,GB,172,174,186
743,Flesh,AU,226,158,146
971,Yellow,GB,241,235,75
933,pink,US,187,90,132
1055,Orange,NZ,255,147,0
599,olive green,GB,57,49,2
778,cyan,US,156,248,201
721,Green,US,110,131,56
921,Tan,US,176,107,1
933,red,GB,187,90,132
908,purple,US,103,48,123
1066,red,US,199,0,45
971,Yellow,GB,241,235,75
1055,orange,US,255,147,0
749,yellow ocher,GB,189,177,93
713,light brown,US,171,105,95
672,light pink,US,225,193,208
707,Dark lavender ,US,97,57,100
1043,Red,GB,219,68,53
854,teal,US,94,154,203
766,lavender grey,US,190,166,207
1011,Green,GB,90,168,0
596,Brown,US,77,38,28
606,Navy,US,0,55,66
757,Cyan,US,97,191,180
792,indigo,AU,55,38,96
722,ivy green,GB,96,133,69
1060,pink,US,255,131,206
894,light pink,US,255,178,206
816,purple blue,US,82,93,151
923,green,US,42,141,47
716,brown,US,162,112,62
1112,Purple,US,155,27,193
758,Aqua,US,95,190,187
750,green,GB,173,181,97
924,blue,GB,29,128,191
658,beige,US,223,199,149
548,green,US,16,31,26
1089,pink,US,255,83,147
697,Forest Green,US,45,81,26
896,purple,GB,40,7,78
760,skyblue,US,104,187,207
770,Salmon,US,220,158,172
728,rista,US,28,136,136
1001,Pink,US,168,50,111
554,Brown,GB,91,66,63
953,Mint Green,US,28,199,142
764,hele lilla,GB,163,173,216
1115,pink,GB,230,86,236
945,yellow,GB,205,173,17
653,dusty rose,US,178,138,147
1041,lipstick pink,GB,219,64,92
1115,pink,GB,230,86,236
670,lavender,GB,206,197,225
659,Khaki,US,212,203,145
1064,Violet,US,68,3,133
1014,Blue,US,72,152,235
996,Purple,US,120,76,164
1120,purple,US,134,86,255
1019,Pink,US,197,121,200
919,Sepia,US,191,96,42
1070,purple,US,129,63,183
1048,purple,US,148,99,202
796,purple,AU,82,25,78
753,Pink,US,122,190,143
785,Burgundy,US,97,14,46
903,Red,US,137,33,16
1124,purple/pink,US,222,0,197
952,Green,US,68,198,122
610,tumesinine,GB,57,43,72
598,brown,AU,65,46,7
690,brown,GB,109,59,24
826,salmon,US,210,124,128
633,Purple,US,127,85,96
750,moss,US,173,181,97
1102,Pink,US,192,68,198
752,green,US,149,187,116
1025,yellow,US,250,194,14
724,green,US,59,137,104
805,umber,AU,151,76,38
551,Payne's greay,AU,26,27,43
596,Brown,US,77,38,28
1112,purple,GB,155,27,193
673,Baby pink,US,231,192,199
1047,purple,US,125,106,212
737,Light Purple,US,147,110,149
1001,magenta,US,168,50,111
1130,Electric Blue,US,61,0,225
972,yellow,US,227,239,79
819,purple,US,119,82,138
1051,light purple,US,189,80,170
720,olive green,US,120,128,48
822,Magenta,US,142,73,117
786,Maroon,US,98,13,37
677,brown,US,64,4,3
552,black,GB,37,23,40
1101,violet,US,174,79,212
1038,fuchsia,US,124,16,133
800,Dusty rose,US,154,69,88
627,blue,US,59,102,121
971,yellow,US,241,235,75
947,green,US,186,180,0
738,purple,US,158,107,136
664,blue-green,US,152,214,198
1077,peachy pink,US,255,81,128
1004,Guava shake,US,237,106,119
1075,roho,GB,187,0,118
652,Dusty pink,US,172,139,156
547,Black,US,22,31,20
862,lilac,US,195,128,166
1107,Pink,US,252,124,255
937,blush,US,255,143,137
852,Sky blue ,AU,47,160,198
849,teal,US,0,166,177
784,Red,US,95,16,53
937,Salmon,US,255,143,137
947,khaki,US,186,180,0
628,blue,GB,74,99,124
1028,neon green,US,146,223,64
972,green yellow,US,227,239,79
1027,Chartreuse,GB,179,217,3
882,turquoise,US,70,223,218
986,Eggplant,US,90,0,97
1006,blood orange,US,238,109,88
877,Sea foam green,US,108,223,171
705,purple,US,84,62,109
608,dark blue,GB,25,51,75
605,blue green,US,0,56,59
646,Light teal,US,103,157,166
850,aquamarine,US,0,165,185
1055,light orange,US,255,147,0
711,Salmon,GB,170,104,108
894,rosy cheeks,US,255,178,206
566,Brown,GB,128,123,98
1036,Purple,US,103,38,147
697,Dark Green,US,45,81,26
633,dusty rose,US,127,85,96
759,blue,NZ,98,188,201
961,lavender,GB,172,166,245
996,purple,US,120,76,164
692,olive,US,95,67,0
768,purple pink,US,212,160,187
874,Spring green,US,166,217,117
990,Red,GB,178,47,57
802,Rust,US,157,69,70
852,light blue,US,47,160,198
711,dark coral,US,170,104,108
1004,Pink,US,237,106,119
944,goldenrod,US,217,168,35
648,Sky blue,US,127,151,174
744,Peach,US,225,160,128
617,brown,GB,125,89,58
1030,mint,US,55,230,134
1064,Blaulila,GB,68,3,133
1002,pink,US,173,47,99
733,Blue,US,97,124,164
919,Turuncu,GB,191,96,42
954,teal,US,0,199,152
948,Yellow Green,US,171,184,14
745,Peach,US,221,163,119
844,Bluegreen ,GB,36,168,131
897,Purple,NZ,50,0,73
1004,Fucsia,US,237,106,119
645,aquamarine,AU,98,159,158
661,gree,US,183,211,159
696,green,GB,59,79,11
839,D,US,132,159,50
940,peach,US,249,150,94
803,maroon ,US,157,70,61
852,Light blue ,AU,47,160,198
918,brick orange ,GB,196,92,57
793,purple ,US,66,34,91
626,Topaz,US,48,105,116
899,crimson,US,138,23,66
936,Salmon,US,253,143,148
1105,magenta,US,229,28,142
736,lavender,US,139,112,154
595,brown,US,78,37,38
949,puke green,US,155,188,39
1108,blue,GB,47,0,160
1020,magenta,US,208,117,189
1100,荧光浅紫,GB,157,88,222
1080,orange,US,255,88,64
737,Lilac,US,147,110,149
880,blue,GB,86,223,197
718,khaki,GB,143,121,43
1119,indigo,US,99,0,194
1067,(Fire truck) red,US,197,0,22
985,lila,GB,83,9,103
1001,Fuschia,US,168,50,111
706,purple,US,91,60,104
661,pale green,US,183,211,159
582,Light grey,AU,182,172,182
985,Purple ,GB,83,9,103
538,gray,US,122,122,122
1102,Magenta,US,192,68,198
831,orange,NZ,204,132,75
1080,Red,US,255,88,64
862,pink,GB,195,128,166
777,mint,US,167,247,188
1104,pink,GB,217,44,165
920,Orange,US,183,102,25
708,Muddy Purple,US,107,54,88
562,Purple,GB,82,67,83
818,violet,GB,111,85,143
1022,peachy pink,US,226,110,158
1106,hot pink,GB,234,17,124
1137,Baby blue ,US,0,0,0
734,cornflower,GB,111,120,164
1121,purple,GB,167,71,244
674,Burgundy,US,62,2,32
1065,red-ish pink,US,197,0,85
553,black,US,43,22,33
976,aqua green,US,119,255,166
913,Pink,US,135,26,77
836,Chartreuse,US,166,150,30
901,Red,US,140,24,42
697,Dark dirty Green,US,45,81,26
595,brown,US,78,37,38
886,bright blue,US,97,216,255
712,orange,US,171,104,101
955,Teal,US,0,199,162
729,blue,US,33,134,150
1059,pink,US,247,136,222
1086,pink,AU,226,100,203
958,Blue,US,94,182,248
633,Putty Gray,US,127,85,96
1072,Pink,US,157,45,164
1018,purple,US,181,126,212
571,steel blue,US,119,122,136
647,baby blue,US,114,155,172
823,dark pink,IR,148,70,106
1038,Magenta,US,124,16,133
886,blue,GB,97,216,255
993,blue,US,0,98,178
776,Light green,US,200,242,158
577,Green,AU,165,180,154
540,gray,US,175,175,175
799,Burgundy,US,93,18,59
868,beige,US,239,197,97
569,Green grey,US,101,128,127
1055,Orange,US,255,147,0
1066,red,US,199,0,45
983,Indigo,US,61,27,115
921,brown,US,176,107,1
955,Turquoise,GB,0,199,162
956,sky blue,US,0,190,240
832,Orange,US,199,135,65
1078,bright pink,US,255,81,111
737,Purple,GB,147,110,149
697,Dark green,US,45,81,26
837,Green,GB,157,153,30
1005,pink,GB,238,107,105
606,Teal,US,0,55,66
643,Ashy teal,GB,105,160,138
891,Pink,GB,238,184,237
1135,Blue,US,0,0,0
1018,purple,US,181,126,212
736,light purple,US,139,112,154
1043,Orange,US,219,68,53
880,torquoise,US,86,223,197
851,Cyan ,GB,0,163,193
795,Purple,GB,77,28,82
765,lavender,US,182,168,211
582,light silver,US,182,172,182
933,pink,US,187,90,132
660,lime ,US,201,206,147
587,green cream,GB,219,234,203
1023,Blush,US,230,108,145
1025,orange,GB,250,194,14
569,Cyan,GB,101,128,127
586,tan,US,235,230,196
987,Magenta,US,95,0,91
1051,purple,AU,189,80,170
629,dusky blue ,GB,91,95,125
864,Pink,AU,205,125,145
794,Plum,US,72,31,86
649,light blue,US,142,147,175
1138,pink,US,0,0,0
985,dark purple,US,83,9,103
908,purple,US,103,48,123
719,dark gold,US,136,123,41
669,ice blue,US,193,201,228
607,dark blue,AU,5,53,72
730,blue green,US,45,133,155
802,red,US,157,69,70
694,olive,GB,83,72,0
671,Lilac,GB,218,194,217
646,seafoam blue,US,103,157,166
1111,purple,AU,139,44,204
938,Salmon,US,255,144,124
1021,candy pink,GB,217,113,175
609,Denim,US,44,47,76
965,Pink,US,227,149,208
1119,Purple,AU,99,0,194
592,eggshell,US,235,226,234
792,purple,GB,55,38,96
583,Pink,US,188,171,174
715,Tan,GB,166,110,70
936,Rose,US,253,143,148
554,brown,US,91,66,63
772,Pale Yellow,GB,250,229,141
778,sea foam green,US,156,248,201
843,green,NZ,50,168,123
661,Off-White,GB,183,211,159
